,losses,betas,port,computing_time
0,242.9230194091797,4,892,585.2013984579826
1,120.92406463623047,4,892,585.2013984579826
2,56.6559944152832,4,892,585.2013984579826
3,27.438961029052734,4,892,585.2013984579826
4,14.81542682647705,4,892,585.2013984579826
5,9.1121187210083,4,892,585.2013984579826
6,6.2972412109375,4,892,585.2013984579826
7,4.7714033126831055,4,892,585.2013984579826
8,3.8721392154693604,4,892,585.2013984579826
9,3.3039872646331787,4,892,585.2013984579826
10,2.9242591857910156,4,892,585.2013984579826
11,2.658677816390991,4,892,585.2013984579826
12,2.465744733810425,4,892,585.2013984579826
13,2.3208537101745605,4,892,585.2013984579826
14,2.2086546421051025,4,892,585.2013984579826
15,2.119171142578125,4,892,585.2013984579826
16,2.045682430267334,4,892,585.2013984579826
17,1.983528733253479,4,892,585.2013984579826
18,1.9294853210449219,4,892,585.2013984579826
19,1.8812605142593384,4,892,585.2013984579826
20,1.8372751474380493,4,892,585.2013984579826
21,1.7965073585510254,4,892,585.2013984579826
22,1.758378505706787,4,892,585.2013984579826
23,1.7225700616836548,4,892,585.2013984579826
24,1.6890512704849243,4,892,585.2013984579826
25,1.6578805446624756,4,892,585.2013984579826
26,1.6291942596435547,4,892,585.2013984579826
27,1.6030577421188354,4,892,585.2013984579826
28,1.5795326232910156,4,892,585.2013984579826
29,1.5585054159164429,4,892,585.2013984579826
30,1.539844036102295,4,892,585.2013984579826
31,1.5233553647994995,4,892,585.2013984579826
32,1.5087769031524658,4,892,585.2013984579826
33,1.495877981185913,4,892,585.2013984579826
34,1.4843800067901611,4,892,585.2013984579826
35,1.474044680595398,4,892,585.2013984579826
36,1.4646693468093872,4,892,585.2013984579826
37,1.4560487270355225,4,892,585.2013984579826
38,1.4480217695236206,4,892,585.2013984579826
39,1.4404550790786743,4,892,585.2013984579826
40,1.4332587718963623,4,892,585.2013984579826
41,1.426326036453247,4,892,585.2013984579826
42,1.4196405410766602,4,892,585.2013984579826
43,1.4131735563278198,4,892,585.2013984579826
44,1.4069468975067139,4,892,585.2013984579826
45,1.4009983539581299,4,892,585.2013984579826
46,1.395365834236145,4,892,585.2013984579826
47,1.3900974988937378,4,892,585.2013984579826
48,1.3852239847183228,4,892,585.2013984579826
49,1.3807545900344849,4,892,585.2013984579826
50,1.3766576051712036,4,892,585.2013984579826
51,1.3729203939437866,4,892,585.2013984579826
52,1.3695085048675537,4,892,585.2013984579826
53,1.3663872480392456,4,892,585.2013984579826
54,1.3635226488113403,4,892,585.2013984579826
55,1.3608877658843994,4,892,585.2013984579826
56,1.3584520816802979,4,892,585.2013984579826
57,1.356191873550415,4,892,585.2013984579826
58,1.354073405265808,4,892,585.2013984579826
59,1.3520742654800415,4,892,585.2013984579826
60,1.3501830101013184,4,892,585.2013984579826
61,1.3483648300170898,4,892,585.2013984579826
62,1.346611499786377,4,892,585.2013984579826
63,1.3448832035064697,4,892,585.2013984579826
64,1.3431780338287354,4,892,585.2013984579826
65,1.341449499130249,4,892,585.2013984579826
66,1.3397071361541748,4,892,585.2013984579826
67,1.33791184425354,4,892,585.2013984579826
68,1.3360381126403809,4,892,585.2013984579826
69,1.3340785503387451,4,892,585.2013984579826
70,1.3320215940475464,4,892,585.2013984579826
71,1.329860806465149,4,892,585.2013984579826
72,1.3276346921920776,4,892,585.2013984579826
73,1.3253549337387085,4,892,585.2013984579826
74,1.3230855464935303,4,892,585.2013984579826
75,1.3208551406860352,4,892,585.2013984579826
76,1.3186975717544556,4,892,585.2013984579826
77,1.3166255950927734,4,892,585.2013984579826
78,1.314646601676941,4,892,585.2013984579826
79,1.31273353099823,4,892,585.2013984579826
80,1.310864806175232,4,892,585.2013984579826
81,1.3090183734893799,4,892,585.2013984579826
82,1.30718195438385,4,892,585.2013984579826
83,1.3053245544433594,4,892,585.2013984579826
84,1.3034347295761108,4,892,585.2013984579826
85,1.3014931678771973,4,892,585.2013984579826
86,1.2994718551635742,4,892,585.2013984579826
87,1.2973085641860962,4,892,585.2013984579826
88,1.2949453592300415,4,892,585.2013984579826
89,1.2922961711883545,4,892,585.2013984579826
90,1.289210557937622,4,892,585.2013984579826
91,1.2855314016342163,4,892,585.2013984579826
92,1.2811121940612793,4,892,585.2013984579826
93,1.275942325592041,4,892,585.2013984579826
94,1.2703107595443726,4,892,585.2013984579826
95,1.2648298740386963,4,892,585.2013984579826
96,1.2601253986358643,4,892,585.2013984579826
97,1.2564975023269653,4,892,585.2013984579826
98,1.25386381149292,4,892,585.2013984579826
99,1.251983404159546,4,892,585.2013984579826
100,1.2506053447723389,4,892,585.2013984579826
101,1.2495590448379517,4,892,585.2013984579826
102,1.24872887134552,4,892,585.2013984579826
103,1.24803626537323,4,892,585.2013984579826
104,1.2474400997161865,4,892,585.2013984579826
105,1.2469106912612915,4,892,585.2013984579826
106,1.2464227676391602,4,892,585.2013984579826
107,1.2459746599197388,4,892,585.2013984579826
108,1.2455397844314575,4,892,585.2013984579826
109,1.2451378107070923,4,892,585.2013984579826
110,1.244744062423706,4,892,585.2013984579826
111,1.2443761825561523,4,892,585.2013984579826
112,1.2440052032470703,4,892,585.2013984579826
113,1.243638515472412,4,892,585.2013984579826
114,1.2432928085327148,4,892,585.2013984579826
115,1.2429417371749878,4,892,585.2013984579826
116,1.242600679397583,4,892,585.2013984579826
117,1.2422674894332886,4,892,585.2013984579826
118,1.2419317960739136,4,892,585.2013984579826
119,1.2415990829467773,4,892,585.2013984579826
120,1.241270661354065,4,892,585.2013984579826
121,1.2409467697143555,4,892,585.2013984579826
122,1.2406280040740967,4,892,585.2013984579826
123,1.240301251411438,4,892,585.2013984579826
124,1.2399861812591553,4,892,585.2013984579826
125,1.2396745681762695,4,892,585.2013984579826
126,1.2393609285354614,4,892,585.2013984579826
127,1.239046573638916,4,892,585.2013984579826
128,1.238738775253296,4,892,585.2013984579826
129,1.238427996635437,4,892,585.2013984579826
130,1.2381213903427124,4,892,585.2013984579826
131,1.237817645072937,4,892,585.2013984579826
132,1.237513542175293,4,892,585.2013984579826
133,1.2372100353240967,4,892,585.2013984579826
134,1.2369047403335571,4,892,585.2013984579826
135,1.23660147190094,4,892,585.2013984579826
136,1.2363001108169556,4,892,585.2013984579826
137,1.2360005378723145,4,892,585.2013984579826
138,1.2357001304626465,4,892,585.2013984579826
139,1.2354037761688232,4,892,585.2013984579826
140,1.2351056337356567,4,892,585.2013984579826
141,1.2348101139068604,4,892,585.2013984579826
142,1.2345203161239624,4,892,585.2013984579826
143,1.234222412109375,4,892,585.2013984579826
144,1.2339218854904175,4,892,585.2013984579826
145,1.2336307764053345,4,892,585.2013984579826
146,1.233336091041565,4,892,585.2013984579826
147,1.2330483198165894,4,892,585.2013984579826
148,1.232758641242981,4,892,585.2013984579826
149,1.2324652671813965,4,892,585.2013984579826
150,1.232174277305603,4,892,585.2013984579826
151,1.2318874597549438,4,892,585.2013984579826
152,1.2316008806228638,4,892,585.2013984579826
153,1.2313121557235718,4,892,585.2013984579826
154,1.2310240268707275,4,892,585.2013984579826
155,1.2307361364364624,4,892,585.2013984579826
156,1.230446696281433,4,892,585.2013984579826
157,1.2301602363586426,4,892,585.2013984579826
158,1.229884386062622,4,892,585.2013984579826
159,1.2295923233032227,4,892,585.2013984579826
160,1.2293144464492798,4,892,585.2013984579826
161,1.2290310859680176,4,892,585.2013984579826
162,1.2287436723709106,4,892,585.2013984579826
163,1.2284622192382812,4,892,585.2013984579826
164,1.2281785011291504,4,892,585.2013984579826
165,1.2279013395309448,4,892,585.2013984579826
166,1.2276170253753662,4,892,585.2013984579826
167,1.227339506149292,4,892,585.2013984579826
168,1.2270582914352417,4,892,585.2013984579826
169,1.2267827987670898,4,892,585.2013984579826
170,1.2264963388442993,4,892,585.2013984579826
171,1.2262252569198608,4,892,585.2013984579826
172,1.2259464263916016,4,892,585.2013984579826
173,1.2256660461425781,4,892,585.2013984579826
174,1.2253903150558472,4,892,585.2013984579826
175,1.2251170873641968,4,892,585.2013984579826
176,1.2248384952545166,4,892,585.2013984579826
177,1.2245653867721558,4,892,585.2013984579826
178,1.2242889404296875,4,892,585.2013984579826
179,1.2240186929702759,4,892,585.2013984579826
180,1.2237484455108643,4,892,585.2013984579826
181,1.223473310470581,4,892,585.2013984579826
182,1.2232047319412231,4,892,585.2013984579826
183,1.2229312658309937,4,892,585.2013984579826
184,1.2226643562316895,4,892,585.2013984579826
185,1.2223937511444092,4,892,585.2013984579826
186,1.2221214771270752,4,892,585.2013984579826
187,1.2218514680862427,4,892,585.2013984579826
188,1.2215834856033325,4,892,585.2013984579826
189,1.2213200330734253,4,892,585.2013984579826
190,1.2210503816604614,4,892,585.2013984579826
191,1.2207813262939453,4,892,585.2013984579826
192,1.2205175161361694,4,892,585.2013984579826
193,1.220246434211731,4,892,585.2013984579826
194,1.2199821472167969,4,892,585.2013984579826
195,1.2197185754776,4,892,585.2013984579826
196,1.2194578647613525,4,892,585.2013984579826
197,1.219191074371338,4,892,585.2013984579826
198,1.2189298868179321,4,892,585.2013984579826
199,1.2186673879623413,4,892,585.2013984579826
200,1.2184035778045654,4,892,585.2013984579826
201,1.2181390523910522,4,892,585.2013984579826
202,1.217881679534912,4,892,585.2013984579826
203,1.2176192998886108,4,892,585.2013984579826
204,1.217361569404602,4,892,585.2013984579826
205,1.2170928716659546,4,892,585.2013984579826
206,1.2168365716934204,4,892,585.2013984579826
207,1.2165815830230713,4,892,585.2013984579826
208,1.2163166999816895,4,892,585.2013984579826
209,1.2160630226135254,4,892,585.2013984579826
210,1.2158039808273315,4,892,585.2013984579826
211,1.2155485153198242,4,892,585.2013984579826
212,1.2152905464172363,4,892,585.2013984579826
213,1.2150276899337769,4,892,585.2013984579826
214,1.2147738933563232,4,892,585.2013984579826
215,1.2145116329193115,4,892,585.2013984579826
216,1.2142530679702759,4,892,585.2013984579826
217,1.2139931917190552,4,892,585.2013984579826
218,1.213738203048706,4,892,585.2013984579826
219,1.2134830951690674,4,892,585.2013984579826
220,1.213224172592163,4,892,585.2013984579826
221,1.2129632234573364,4,892,585.2013984579826
222,1.2127035856246948,4,892,585.2013984579826
223,1.2124412059783936,4,892,585.2013984579826
224,1.2121819257736206,4,892,585.2013984579826
225,1.2119120359420776,4,892,585.2013984579826
226,1.2116494178771973,4,892,585.2013984579826
227,1.2113804817199707,4,892,585.2013984579826
228,1.2111119031906128,4,892,585.2013984579826
229,1.2108491659164429,4,892,585.2013984579826
230,1.2105761766433716,4,892,585.2013984579826
231,1.2103114128112793,4,892,585.2013984579826
232,1.2100355625152588,4,892,585.2013984579826
233,1.2097668647766113,4,892,585.2013984579826
234,1.2094941139221191,4,892,585.2013984579826
235,1.2092199325561523,4,892,585.2013984579826
236,1.208945393562317,4,892,585.2013984579826
237,1.2086730003356934,4,892,585.2013984579826
238,1.208390474319458,4,892,585.2013984579826
239,1.2081154584884644,4,892,585.2013984579826
240,1.2078403234481812,4,892,585.2013984579826
241,1.20756995677948,4,892,585.2013984579826
242,1.2072981595993042,4,892,585.2013984579826
243,1.2070260047912598,4,892,585.2013984579826
244,1.2067538499832153,4,892,585.2013984579826
245,1.2064887285232544,4,892,585.2013984579826
246,1.2062230110168457,4,892,585.2013984579826
247,1.205965280532837,4,892,585.2013984579826
248,1.2057098150253296,4,892,585.2013984579826
249,1.2054531574249268,4,892,585.2013984579826
250,1.2052017450332642,4,892,585.2013984579826
251,1.2049548625946045,4,892,585.2013984579826
252,1.2047134637832642,4,892,585.2013984579826
253,1.204472303390503,4,892,585.2013984579826
254,1.20423424243927,4,892,585.2013984579826
255,1.2039928436279297,4,892,585.2013984579826
256,1.20376455783844,4,892,585.2013984579826
257,1.2035435438156128,4,892,585.2013984579826
258,1.203315019607544,4,892,585.2013984579826
259,1.2030987739562988,4,892,585.2013984579826
260,1.2028825283050537,4,892,585.2013984579826
261,1.2026649713516235,4,892,585.2013984579826
262,1.2024558782577515,4,892,585.2013984579826
263,1.2022408246994019,4,892,585.2013984579826
264,1.2020341157913208,4,892,585.2013984579826
265,1.2018260955810547,4,892,585.2013984579826
266,1.2016230821609497,4,892,585.2013984579826
267,1.201421856880188,4,892,585.2013984579826
268,1.2012250423431396,4,892,585.2013984579826
269,1.2010289430618286,4,892,585.2013984579826
270,1.2008297443389893,4,892,585.2013984579826
271,1.2006373405456543,4,892,585.2013984579826
272,1.2004458904266357,4,892,585.2013984579826
273,1.2002493143081665,4,892,585.2013984579826
274,1.2000633478164673,4,892,585.2013984579826
275,1.1998751163482666,4,892,585.2013984579826
276,1.1996906995773315,4,892,585.2013984579826
277,1.1995024681091309,4,892,585.2013984579826
278,1.1993200778961182,4,892,585.2013984579826
279,1.1991347074508667,4,892,585.2013984579826
280,1.1989518404006958,4,892,585.2013984579826
281,1.1987683773040771,4,892,585.2013984579826
282,1.1985934972763062,4,892,585.2013984579826
283,1.1984151601791382,4,892,585.2013984579826
284,1.198239803314209,4,892,585.2013984579826
285,1.1980581283569336,4,892,585.2013984579826
286,1.1978847980499268,4,892,585.2013984579826
287,1.1977094411849976,4,892,585.2013984579826
288,1.1975359916687012,4,892,585.2013984579826
289,1.1973634958267212,4,892,585.2013984579826
290,1.197194218635559,4,892,585.2013984579826
291,1.1970252990722656,4,892,585.2013984579826
292,1.1968547105789185,4,892,585.2013984579826
293,1.1966859102249146,4,892,585.2013984579826
294,1.1965162754058838,4,892,585.2013984579826
295,1.1963516473770142,4,892,585.2013984579826
296,1.196183204650879,4,892,585.2013984579826
297,1.196018934249878,4,892,585.2013984579826
298,1.1958550214767456,4,892,585.2013984579826
299,1.1956875324249268,4,892,585.2013984579826
300,1.1955236196517944,4,892,585.2013984579826
301,1.1953635215759277,4,892,585.2013984579826
302,1.1952000856399536,4,892,585.2013984579826
303,1.195046305656433,4,892,585.2013984579826
304,1.1948825120925903,4,892,585.2013984579826
305,1.1947170495986938,4,892,585.2013984579826
306,1.1945596933364868,4,892,585.2013984579826
307,1.1944067478179932,4,892,585.2013984579826
308,1.1942458152770996,4,892,585.2013984579826
309,1.1940879821777344,4,892,585.2013984579826
310,1.1939306259155273,4,892,585.2013984579826
311,1.1937814950942993,4,892,585.2013984579826
312,1.1936211585998535,4,892,585.2013984579826
313,1.1934667825698853,4,892,585.2013984579826
314,1.193312644958496,4,892,585.2013984579826
315,1.193159580230713,4,892,585.2013984579826
316,1.193006157875061,4,892,585.2013984579826
317,1.1928563117980957,4,892,585.2013984579826
318,1.1927012205123901,4,892,585.2013984579826
319,1.192550778388977,4,892,585.2013984579826
320,1.1923965215682983,4,892,585.2013984579826
321,1.1922519207000732,4,892,585.2013984579826
322,1.1921015977859497,4,892,585.2013984579826
323,1.1919496059417725,4,892,585.2013984579826
324,1.1917991638183594,4,892,585.2013984579826
325,1.1916552782058716,4,892,585.2013984579826
326,1.1915067434310913,4,892,585.2013984579826
327,1.19136381149292,4,892,585.2013984579826
328,1.191216230392456,4,892,585.2013984579826
329,1.1910722255706787,4,892,585.2013984579826
330,1.1909273862838745,4,892,585.2013984579826
331,1.190783143043518,4,892,585.2013984579826
332,1.190632939338684,4,892,585.2013984579826
333,1.1904881000518799,4,892,585.2013984579826
334,1.1903469562530518,4,892,585.2013984579826
335,1.1902062892913818,4,892,585.2013984579826
336,1.1900615692138672,4,892,585.2013984579826
337,1.18992018699646,4,892,585.2013984579826
338,1.1897786855697632,4,892,585.2013984579826
339,1.1896336078643799,4,892,585.2013984579826
340,1.1894946098327637,4,892,585.2013984579826
341,1.18934965133667,4,892,585.2013984579826
342,1.1892093420028687,4,892,585.2013984579826
343,1.1890671253204346,4,892,585.2013984579826
344,1.1889296770095825,4,892,585.2013984579826
345,1.1887900829315186,4,892,585.2013984579826
346,1.1886526346206665,4,892,585.2013984579826
347,1.1885113716125488,4,892,585.2013984579826
348,1.1883710622787476,4,892,585.2013984579826
349,1.188234567642212,4,892,585.2013984579826
350,1.1880943775177002,4,892,585.2013984579826
351,1.1879545450210571,4,892,585.2013984579826
352,1.1878173351287842,4,892,585.2013984579826
353,1.1876797676086426,4,892,585.2013984579826
354,1.1875430345535278,4,892,585.2013984579826
355,1.1874029636383057,4,892,585.2013984579826
356,1.1872625350952148,4,892,585.2013984579826
357,1.1871302127838135,4,892,585.2013984579826
358,1.1869858503341675,4,892,585.2013984579826
359,1.1868503093719482,4,892,585.2013984579826
360,1.1867190599441528,4,892,585.2013984579826
361,1.1865818500518799,4,892,585.2013984579826
362,1.186443567276001,4,892,585.2013984579826
363,1.1863088607788086,4,892,585.2013984579826
364,1.1861692667007446,4,892,585.2013984579826
365,1.1860377788543701,4,892,585.2013984579826
366,1.1858958005905151,4,892,585.2013984579826
367,1.1857593059539795,4,892,585.2013984579826
368,1.1856231689453125,4,892,585.2013984579826
369,1.1854875087738037,4,892,585.2013984579826
370,1.1853513717651367,4,892,585.2013984579826
371,1.185214638710022,4,892,585.2013984579826
372,1.185075283050537,4,892,585.2013984579826
373,1.1849437952041626,4,892,585.2013984579826
374,1.1848074197769165,4,892,585.2013984579826
375,1.1846725940704346,4,892,585.2013984579826
376,1.184540867805481,4,892,585.2013984579826
377,1.184396743774414,4,892,585.2013984579826
378,1.1842678785324097,4,892,585.2013984579826
379,1.1841310262680054,4,892,585.2013984579826
380,1.1839970350265503,4,892,585.2013984579826
381,1.1838653087615967,4,892,585.2013984579826
382,1.18372642993927,4,892,585.2013984579826
383,1.1835920810699463,4,892,585.2013984579826
384,1.183458924293518,4,892,585.2013984579826
385,1.18332839012146,4,892,585.2013984579826
386,1.1831870079040527,4,892,585.2013984579826
387,1.183051586151123,4,892,585.2013984579826
388,1.1829174757003784,4,892,585.2013984579826
389,1.182780146598816,4,892,585.2013984579826
390,1.1826475858688354,4,892,585.2013984579826
391,1.18251633644104,4,892,585.2013984579826
392,1.1823792457580566,4,892,585.2013984579826
393,1.182242751121521,4,892,585.2013984579826
394,1.182112216949463,4,892,585.2013984579826
395,1.1819729804992676,4,892,585.2013984579826
396,1.181842565536499,4,892,585.2013984579826
397,1.1817106008529663,4,892,585.2013984579826
398,1.1815732717514038,4,892,585.2013984579826
399,1.1814392805099487,4,892,585.2013984579826
400,1.1813056468963623,4,892,585.2013984579826
401,1.1811658143997192,4,892,585.2013984579826
402,1.1810344457626343,4,892,585.2013984579826
403,1.1809011697769165,4,892,585.2013984579826
404,1.1807671785354614,4,892,585.2013984579826
405,1.1806349754333496,4,892,585.2013984579826
406,1.1805012226104736,4,892,585.2013984579826
407,1.1803629398345947,4,892,585.2013984579826
408,1.1802312135696411,4,892,585.2013984579826
409,1.180094599723816,4,892,585.2013984579826
410,1.1799660921096802,4,892,585.2013984579826
411,1.1798330545425415,4,892,585.2013984579826
412,1.1797007322311401,4,892,585.2013984579826
413,1.179566502571106,4,892,585.2013984579826
414,1.1794304847717285,4,892,585.2013984579826
415,1.179297685623169,4,892,585.2013984579826
416,1.1791586875915527,4,892,585.2013984579826
417,1.1790298223495483,4,892,585.2013984579826
418,1.1788971424102783,4,892,585.2013984579826
419,1.1787596940994263,4,892,585.2013984579826
420,1.1786246299743652,4,892,585.2013984579826
421,1.1784931421279907,4,892,585.2013984579826
422,1.178361177444458,4,892,585.2013984579826
423,1.1782273054122925,4,892,585.2013984579826
424,1.178094506263733,4,892,585.2013984579826
425,1.1779594421386719,4,892,585.2013984579826
426,1.177830457687378,4,892,585.2013984579826
427,1.1776922941207886,4,892,585.2013984579826
428,1.1775661706924438,4,892,585.2013984579826
429,1.1774276494979858,4,892,585.2013984579826
430,1.1772922277450562,4,892,585.2013984579826
431,1.1771570444107056,4,892,585.2013984579826
432,1.1770291328430176,4,892,585.2013984579826
433,1.1768994331359863,4,892,585.2013984579826
434,1.1767611503601074,4,892,585.2013984579826
435,1.1766318082809448,4,892,585.2013984579826
436,1.176500916481018,4,892,585.2013984579826
437,1.1763691902160645,4,892,585.2013984579826
438,1.176235556602478,4,892,585.2013984579826
439,1.1761062145233154,4,892,585.2013984579826
440,1.1759693622589111,4,892,585.2013984579826
441,1.1758421659469604,4,892,585.2013984579826
442,1.175708532333374,4,892,585.2013984579826
443,1.1755753755569458,4,892,585.2013984579826
444,1.1754469871520996,4,892,585.2013984579826
445,1.1753190755844116,4,892,585.2013984579826
446,1.175186038017273,4,892,585.2013984579826
447,1.175054907798767,4,892,585.2013984579826
448,1.1749211549758911,4,892,585.2013984579826
449,1.1747950315475464,4,892,585.2013984579826
450,1.1746647357940674,4,892,585.2013984579826
451,1.1745344400405884,4,892,585.2013984579826
452,1.1743988990783691,4,892,585.2013984579826
453,1.1742700338363647,4,892,585.2013984579826
454,1.1741422414779663,4,892,585.2013984579826
455,1.1740189790725708,4,892,585.2013984579826
456,1.1738864183425903,4,892,585.2013984579826
457,1.173760175704956,4,892,585.2013984579826
458,1.1736299991607666,4,892,585.2013984579826
459,1.1734973192214966,4,892,585.2013984579826
460,1.1733733415603638,4,892,585.2013984579826
461,1.1732462644577026,4,892,585.2013984579826
462,1.173118233680725,4,892,585.2013984579826
463,1.1729868650436401,4,892,585.2013984579826
464,1.1728627681732178,4,892,585.2013984579826
465,1.1727268695831299,4,892,585.2013984579826
466,1.1726075410842896,4,892,585.2013984579826
467,1.1724796295166016,4,892,585.2013984579826
468,1.17235267162323,4,892,585.2013984579826
469,1.1722291707992554,4,892,585.2013984579826
470,1.1721022129058838,4,892,585.2013984579826
471,1.1719756126403809,4,892,585.2013984579826
472,1.171851634979248,4,892,585.2013984579826
473,1.1717231273651123,4,892,585.2013984579826
474,1.1715950965881348,4,892,585.2013984579826
475,1.1714768409729004,4,892,585.2013984579826
476,1.1713464260101318,4,892,585.2013984579826
477,1.1712205410003662,4,892,585.2013984579826
478,1.1710985898971558,4,892,585.2013984579826
479,1.1709822416305542,4,892,585.2013984579826
480,1.1708574295043945,4,892,585.2013984579826
481,1.170735478401184,4,892,585.2013984579826
482,1.1706101894378662,4,892,585.2013984579826
483,1.1704894304275513,4,892,585.2013984579826
484,1.1703619956970215,4,892,585.2013984579826
485,1.1702423095703125,4,892,585.2013984579826
486,1.1701191663742065,4,892,585.2013984579826
487,1.1700010299682617,4,892,585.2013984579826
488,1.169877052307129,4,892,585.2013984579826
489,1.1697580814361572,4,892,585.2013984579826
490,1.1696380376815796,4,892,585.2013984579826
491,1.1695185899734497,4,892,585.2013984579826
492,1.1694015264511108,4,892,585.2013984579826
493,1.1692756414413452,4,892,585.2013984579826
494,1.169158935546875,4,892,585.2013984579826
495,1.1690398454666138,4,892,585.2013984579826
496,1.1689205169677734,4,892,585.2013984579826
497,1.168800950050354,4,892,585.2013984579826
498,1.1686866283416748,4,892,585.2013984579826
499,1.1685657501220703,4,892,585.2013984579826
500,1.168454885482788,4,892,585.2013984579826
501,1.168332576751709,4,892,585.2013984579826
502,1.1682246923446655,4,892,585.2013984579826
503,1.168107032775879,4,892,585.2013984579826
504,1.1679860353469849,4,892,585.2013984579826
505,1.1678779125213623,4,892,585.2013984579826
506,1.1677613258361816,4,892,585.2013984579826
507,1.167649269104004,4,892,585.2013984579826
508,1.167525053024292,4,892,585.2013984579826
509,1.167417287826538,4,892,585.2013984579826
510,1.1673052310943604,4,892,585.2013984579826
511,1.1671936511993408,4,892,585.2013984579826
512,1.1670804023742676,4,892,585.2013984579826
513,1.1669670343399048,4,892,585.2013984579826
514,1.1668592691421509,4,892,585.2013984579826
515,1.1667476892471313,4,892,585.2013984579826
516,1.166632890701294,4,892,585.2013984579826
517,1.166524887084961,4,892,585.2013984579826
518,1.166416049003601,4,892,585.2013984579826
519,1.166300892829895,4,892,585.2013984579826
520,1.1661953926086426,4,892,585.2013984579826
521,1.16608464717865,4,892,585.2013984579826
522,1.165980577468872,4,892,585.2013984579826
523,1.1658740043640137,4,892,585.2013984579826
524,1.1657606363296509,4,892,585.2013984579826
525,1.1656562089920044,4,892,585.2013984579826
526,1.1655501127243042,4,892,585.2013984579826
527,1.1654424667358398,4,892,585.2013984579826
528,1.1653358936309814,4,892,585.2013984579826
529,1.1652275323867798,4,892,585.2013984579826
530,1.1651239395141602,4,892,585.2013984579826
531,1.1650182008743286,4,892,585.2013984579826
532,1.1649192571640015,4,892,585.2013984579826
533,1.1648132801055908,4,892,585.2013984579826
534,1.164708137512207,4,892,585.2013984579826
535,1.1646034717559814,4,892,585.2013984579826
536,1.16450035572052,4,892,585.2013984579826
537,1.1643953323364258,4,892,585.2013984579826
538,1.1643011569976807,4,892,585.2013984579826
539,1.1641925573349,4,892,585.2013984579826
540,1.1640976667404175,4,892,585.2013984579826
541,1.1639958620071411,4,892,585.2013984579826
542,1.1638965606689453,4,892,585.2013984579826
543,1.1637955904006958,4,892,585.2013984579826
544,1.163691759109497,4,892,585.2013984579826
545,1.163600206375122,4,892,585.2013984579826
546,1.1634968519210815,4,892,585.2013984579826
547,1.1633992195129395,4,892,585.2013984579826
548,1.1632994413375854,4,892,585.2013984579826
549,1.1631975173950195,4,892,585.2013984579826
550,1.1631072759628296,4,892,585.2013984579826
551,1.163006067276001,4,892,585.2013984579826
552,1.1629165410995483,4,892,585.2013984579826
553,1.1628185510635376,4,892,585.2013984579826
554,1.1627204418182373,4,892,585.2013984579826
555,1.1626249551773071,4,892,585.2013984579826
556,1.1625277996063232,4,892,585.2013984579826
557,1.16243577003479,4,892,585.2013984579826
558,1.1623470783233643,4,892,585.2013984579826
559,1.1622527837753296,4,892,585.2013984579826
560,1.1621568202972412,4,892,585.2013984579826
561,1.1620620489120483,4,892,585.2013984579826
562,1.1619691848754883,4,892,585.2013984579826
563,1.1618832349777222,4,892,585.2013984579826
564,1.1617909669876099,4,892,585.2013984579826
565,1.1616991758346558,4,892,585.2013984579826
566,1.1616028547286987,4,892,585.2013984579826
567,1.161514401435852,4,892,585.2013984579826
568,1.1614234447479248,4,892,585.2013984579826
569,1.1613324880599976,4,892,585.2013984579826
570,1.1612439155578613,4,892,585.2013984579826
571,1.161150336265564,4,892,585.2013984579826
572,1.1610636711120605,4,892,585.2013984579826
573,1.1609755754470825,4,892,585.2013984579826
574,1.1608871221542358,4,892,585.2013984579826
575,1.1608021259307861,4,892,585.2013984579826
576,1.1607156991958618,4,892,585.2013984579826
577,1.1606268882751465,4,892,585.2013984579826
578,1.1605360507965088,4,892,585.2013984579826
579,1.1604540348052979,4,892,585.2013984579826
580,1.1603682041168213,4,892,585.2013984579826
581,1.160281777381897,4,892,585.2013984579826
582,1.1601961851119995,4,892,585.2013984579826
583,1.1601115465164185,4,892,585.2013984579826
584,1.1600253582000732,4,892,585.2013984579826
585,1.1599375009536743,4,892,585.2013984579826
586,1.1598546504974365,4,892,585.2013984579826
587,1.1597747802734375,4,892,585.2013984579826
588,1.1596910953521729,4,892,585.2013984579826
589,1.159609317779541,4,892,585.2013984579826
590,1.1595227718353271,4,892,585.2013984579826
591,1.159438967704773,4,892,585.2013984579826
592,1.1593568325042725,4,892,585.2013984579826
593,1.1592754125595093,4,892,585.2013984579826
594,1.1591912508010864,4,892,585.2013984579826
595,1.1591098308563232,4,892,585.2013984579826
596,1.1590336561203003,4,892,585.2013984579826
597,1.1589492559432983,4,892,585.2013984579826
598,1.1588706970214844,4,892,585.2013984579826
599,1.1587879657745361,4,892,585.2013984579826
600,1.1587079763412476,4,892,585.2013984579826
601,1.1586278676986694,4,892,585.2013984579826
602,1.1585493087768555,4,892,585.2013984579826
603,1.1584687232971191,4,892,585.2013984579826
604,1.1583888530731201,4,892,585.2013984579826
605,1.1583131551742554,4,892,585.2013984579826
606,1.1582344770431519,4,892,585.2013984579826
607,1.1581538915634155,4,892,585.2013984579826
608,1.1580722332000732,4,892,585.2013984579826
609,1.1579967737197876,4,892,585.2013984579826
610,1.1579183340072632,4,892,585.2013984579826
611,1.1578410863876343,4,892,585.2013984579826
612,1.1577656269073486,4,892,585.2013984579826
613,1.157688856124878,4,892,585.2013984579826
614,1.1576082706451416,4,892,585.2013984579826
615,1.1575325727462769,4,892,585.2013984579826
616,1.1574548482894897,4,892,585.2013984579826
617,1.157385230064392,4,892,585.2013984579826
618,1.1573067903518677,4,892,585.2013984579826
619,1.1572309732437134,4,892,585.2013984579826
620,1.1571588516235352,4,892,585.2013984579826
621,1.1570804119110107,4,892,585.2013984579826
622,1.1570063829421997,4,892,585.2013984579826
623,1.1569312810897827,4,892,585.2013984579826
624,1.1568574905395508,4,892,585.2013984579826
625,1.1567835807800293,4,892,585.2013984579826
626,1.156712532043457,4,892,585.2013984579826
627,1.1566356420516968,4,892,585.2013984579826
628,1.1565632820129395,4,892,585.2013984579826
629,1.156490683555603,4,892,585.2013984579826
630,1.1564189195632935,4,892,585.2013984579826
631,1.1563416719436646,4,892,585.2013984579826
632,1.1562694311141968,4,892,585.2013984579826
633,1.1562005281448364,4,892,585.2013984579826
634,1.1561322212219238,4,892,585.2013984579826
635,1.1560571193695068,4,892,585.2013984579826
636,1.155983328819275,4,892,585.2013984579826
637,1.1559137105941772,4,892,585.2013984579826
638,1.1558425426483154,4,892,585.2013984579826
639,1.1557718515396118,4,892,585.2013984579826
640,1.1556987762451172,4,892,585.2013984579826
641,1.1556274890899658,4,892,585.2013984579826
642,1.1555566787719727,4,892,585.2013984579826
643,1.1554871797561646,4,892,585.2013984579826
644,1.1554151773452759,4,892,585.2013984579826
645,1.1553492546081543,4,892,585.2013984579826
646,1.1552729606628418,4,892,585.2013984579826
647,1.1552034616470337,4,892,585.2013984579826
648,1.1551324129104614,4,892,585.2013984579826
649,1.1550631523132324,4,892,585.2013984579826
650,1.1549954414367676,4,892,585.2013984579826
651,1.1549263000488281,4,892,585.2013984579826
652,1.154861330986023,4,892,585.2013984579826
653,1.1547911167144775,4,892,585.2013984579826
654,1.1547235250473022,4,892,585.2013984579826
655,1.1546574831008911,4,892,585.2013984579826
656,1.1545859575271606,4,892,585.2013984579826
657,1.15451979637146,4,892,585.2013984579826
658,1.1544506549835205,4,892,585.2013984579826
659,1.1543841361999512,4,892,585.2013984579826
660,1.1543158292770386,4,892,585.2013984579826
661,1.1542466878890991,4,892,585.2013984579826
662,1.1541813611984253,4,892,585.2013984579826
663,1.1541122198104858,4,892,585.2013984579826
664,1.1540449857711792,4,892,585.2013984579826
665,1.1539819240570068,4,892,585.2013984579826
666,1.1539123058319092,4,892,585.2013984579826
667,1.153845191001892,4,892,585.2013984579826
668,1.1537774801254272,4,892,585.2013984579826
669,1.1537131071090698,4,892,585.2013984579826
670,1.1536425352096558,4,892,585.2013984579826
671,1.153581976890564,4,892,585.2013984579826
672,1.1535180807113647,4,892,585.2013984579826
673,1.1534481048583984,4,892,585.2013984579826
674,1.153383731842041,4,892,585.2013984579826
675,1.1533160209655762,4,892,585.2013984579826
676,1.1532570123672485,4,892,585.2013984579826
677,1.153189778327942,4,892,585.2013984579826
678,1.1531215906143188,4,892,585.2013984579826
679,1.1530556678771973,4,892,585.2013984579826
680,1.152994155883789,4,892,585.2013984579826
681,1.1529273986816406,4,892,585.2013984579826
682,1.1528630256652832,4,892,585.2013984579826
683,1.152799129486084,4,892,585.2013984579826
684,1.1527339220046997,4,892,585.2013984579826
685,1.1526728868484497,4,892,585.2013984579826
686,1.1526050567626953,4,892,585.2013984579826
687,1.152540922164917,4,892,585.2013984579826
688,1.1524832248687744,4,892,585.2013984579826
689,1.1524170637130737,4,892,585.2013984579826
690,1.1523587703704834,4,892,585.2013984579826
691,1.1522901058197021,4,892,585.2013984579826
692,1.1522263288497925,4,892,585.2013984579826
693,1.15216863155365,4,892,585.2013984579826
694,1.1521013975143433,4,892,585.2013984579826
695,1.152039647102356,4,892,585.2013984579826
696,1.1519743204116821,4,892,585.2013984579826
697,1.1519142389297485,4,892,585.2013984579826
698,1.151851773262024,4,892,585.2013984579826
699,1.1517887115478516,4,892,585.2013984579826
700,1.1517263650894165,4,892,585.2013984579826
701,1.1516668796539307,4,892,585.2013984579826
702,1.1515992879867554,4,892,585.2013984579826
703,1.1515369415283203,4,892,585.2013984579826
704,1.151477336883545,4,892,585.2013984579826
705,1.151414155960083,4,892,585.2013984579826
706,1.1513535976409912,4,892,585.2013984579826
707,1.1512919664382935,4,892,585.2013984579826
708,1.1512303352355957,4,892,585.2013984579826
709,1.1511727571487427,4,892,585.2013984579826
710,1.1511118412017822,4,892,585.2013984579826
711,1.1510496139526367,4,892,585.2013984579826
712,1.15098237991333,4,892,585.2013984579826
713,1.1509231328964233,4,892,585.2013984579826
714,1.1508632898330688,4,892,585.2013984579826
715,1.1507997512817383,4,892,585.2013984579826
716,1.1507409811019897,4,892,585.2013984579826
717,1.1506813764572144,4,892,585.2013984579826
718,1.150625228881836,4,892,585.2013984579826
719,1.1505571603775024,4,892,585.2013984579826
720,1.1505008935928345,4,892,585.2013984579826
721,1.1504392623901367,4,892,585.2013984579826
722,1.1503795385360718,4,892,585.2013984579826
723,1.15031898021698,4,892,585.2013984579826
724,1.150261402130127,4,892,585.2013984579826
725,1.150201678276062,4,892,585.2013984579826
726,1.1501364707946777,4,892,585.2013984579826
727,1.1500800848007202,4,892,585.2013984579826
728,1.1500251293182373,4,892,585.2013984579826
729,1.1499568223953247,4,892,585.2013984579826
730,1.1498990058898926,4,892,585.2013984579826
731,1.1498417854309082,4,892,585.2013984579826
732,1.1497840881347656,4,892,585.2013984579826
733,1.14971923828125,4,892,585.2013984579826
734,1.1496649980545044,4,892,585.2013984579826
735,1.1496096849441528,4,892,585.2013984579826
736,1.1495510339736938,4,892,585.2013984579826
737,1.1494879722595215,4,892,585.2013984579826
738,1.1494276523590088,4,892,585.2013984579826
739,1.149369716644287,4,892,585.2013984579826
740,1.1493124961853027,4,892,585.2013984579826
741,1.1492526531219482,4,892,585.2013984579826
742,1.1491948366165161,4,892,585.2013984579826
743,1.149139165878296,4,892,585.2013984579826
744,1.1490765810012817,4,892,585.2013984579826
745,1.1490213871002197,4,892,585.2013984579826
746,1.1489628553390503,4,892,585.2013984579826
747,1.1489057540893555,4,892,585.2013984579826
748,1.1488474607467651,4,892,585.2013984579826
749,1.1487886905670166,4,892,585.2013984579826
750,1.148728847503662,4,892,585.2013984579826
751,1.1486711502075195,4,892,585.2013984579826
752,1.1486177444458008,4,892,585.2013984579826
753,1.1485580205917358,4,892,585.2013984579826
754,1.1485015153884888,4,892,585.2013984579826
755,1.1484379768371582,4,892,585.2013984579826
756,1.1483867168426514,4,892,585.2013984579826
757,1.148324728012085,4,892,585.2013984579826
758,1.1482667922973633,4,892,585.2013984579826
759,1.148208737373352,4,892,585.2013984579826
760,1.1481531858444214,4,892,585.2013984579826
761,1.1480958461761475,4,892,585.2013984579826
762,1.1480387449264526,4,892,585.2013984579826
763,1.1479843854904175,4,892,585.2013984579826
764,1.1479253768920898,4,892,585.2013984579826
765,1.1478675603866577,4,892,585.2013984579826
766,1.14780855178833,4,892,585.2013984579826
767,1.147753357887268,4,892,585.2013984579826
768,1.147698998451233,4,892,585.2013984579826
769,1.1476414203643799,4,892,585.2013984579826
770,1.1475844383239746,4,892,585.2013984579826
771,1.1475297212600708,4,892,585.2013984579826
772,1.1474716663360596,4,892,585.2013984579826
773,1.147412657737732,4,892,585.2013984579826
774,1.1473567485809326,4,892,585.2013984579826
775,1.147297978401184,4,892,585.2013984579826
776,1.1472432613372803,4,892,585.2013984579826
777,1.1471912860870361,4,892,585.2013984579826
778,1.1471308469772339,4,892,585.2013984579826
779,1.1470744609832764,4,892,585.2013984579826
780,1.147019863128662,4,892,585.2013984579826
781,1.1469614505767822,4,892,585.2013984579826
782,1.1469087600708008,4,892,585.2013984579826
783,1.146848201751709,4,892,585.2013984579826
784,1.1467918157577515,4,892,585.2013984579826
785,1.1467379331588745,4,892,585.2013984579826
786,1.1466827392578125,4,892,585.2013984579826
787,1.1466270685195923,4,892,585.2013984579826
788,1.1465716361999512,4,892,585.2013984579826
789,1.1465152502059937,4,892,585.2013984579826
790,1.1464585065841675,4,892,585.2013984579826
791,1.1464042663574219,4,892,585.2013984579826
792,1.1463481187820435,4,892,585.2013984579826
793,1.1462897062301636,4,892,585.2013984579826
794,1.1462386846542358,4,892,585.2013984579826
795,1.1461777687072754,4,892,585.2013984579826
796,1.146122932434082,4,892,585.2013984579826
797,1.1460672616958618,4,892,585.2013984579826
798,1.1460119485855103,4,892,585.2013984579826
799,1.1459587812423706,4,892,585.2013984579826
800,1.1459014415740967,4,892,585.2013984579826
801,1.1458483934402466,4,892,585.2013984579826
802,1.145789384841919,4,892,585.2013984579826
803,1.1457329988479614,4,892,585.2013984579826
804,1.145675778388977,4,892,585.2013984579826
805,1.145619511604309,4,892,585.2013984579826
806,1.1455661058425903,4,892,585.2013984579826
807,1.1455104351043701,4,892,585.2013984579826
808,1.145456314086914,4,892,585.2013984579826
809,1.1454038619995117,4,892,585.2013984579826
810,1.1453481912612915,4,892,585.2013984579826
811,1.1452885866165161,4,892,585.2013984579826
812,1.1452338695526123,4,892,585.2013984579826
813,1.145180344581604,4,892,585.2013984579826
814,1.145121455192566,4,892,585.2013984579826
815,1.1450673341751099,4,892,585.2013984579826
816,1.1450124979019165,4,892,585.2013984579826
817,1.1449583768844604,4,892,585.2013984579826
818,1.1449000835418701,4,892,585.2013984579826
819,1.1448471546173096,4,892,585.2013984579826
820,1.1447956562042236,4,892,585.2013984579826
821,1.1447393894195557,4,892,585.2013984579826
822,1.144686222076416,4,892,585.2013984579826
823,1.1446242332458496,4,892,585.2013984579826
824,1.1445748805999756,4,892,585.2013984579826
825,1.144516944885254,4,892,585.2013984579826
826,1.1444605588912964,4,892,585.2013984579826
827,1.144407033920288,4,892,585.2013984579826
828,1.1443520784378052,4,892,585.2013984579826
829,1.1442952156066895,4,892,585.2013984579826
830,1.1442389488220215,4,892,585.2013984579826
831,1.1441842317581177,4,892,585.2013984579826
832,1.1441311836242676,4,892,585.2013984579826
833,1.1440751552581787,4,892,585.2013984579826
834,1.1440188884735107,4,892,585.2013984579826
835,1.1439651250839233,4,892,585.2013984579826
836,1.1439083814620972,4,892,585.2013984579826
837,1.143852710723877,4,892,585.2013984579826
838,1.1437939405441284,4,892,585.2013984579826
839,1.1437394618988037,4,892,585.2013984579826
840,1.1436851024627686,4,892,585.2013984579826
841,1.1436294317245483,4,892,585.2013984579826
842,1.1435710191726685,4,892,585.2013984579826
843,1.1435174942016602,4,892,585.2013984579826
844,1.1434677839279175,4,892,585.2013984579826
845,1.143409252166748,4,892,585.2013984579826
846,1.1433507204055786,4,892,585.2013984579826
847,1.1432946920394897,4,892,585.2013984579826
848,1.1432396173477173,4,892,585.2013984579826
849,1.143183946609497,4,892,585.2013984579826
850,1.1431282758712769,4,892,585.2013984579826
851,1.143074870109558,4,892,585.2013984579826
852,1.143019199371338,4,892,585.2013984579826
853,1.1429623365402222,4,892,585.2013984579826
854,1.1429080963134766,4,892,585.2013984579826
855,1.1428484916687012,4,892,585.2013984579826
856,1.1427932977676392,4,892,585.2013984579826
857,1.1427370309829712,4,892,585.2013984579826
858,1.142682671546936,4,892,585.2013984579826
859,1.1426318883895874,4,892,585.2013984579826
860,1.1425726413726807,4,892,585.2013984579826
861,1.1425197124481201,4,892,585.2013984579826
862,1.1424634456634521,4,892,585.2013984579826
863,1.1424018144607544,4,892,585.2013984579826
864,1.142348051071167,4,892,585.2013984579826
865,1.1422929763793945,4,892,585.2013984579826
866,1.1422373056411743,4,892,585.2013984579826
867,1.1421822309494019,4,892,585.2013984579826
868,1.142121434211731,4,892,585.2013984579826
869,1.1420705318450928,4,892,585.2013984579826
870,1.1420162916183472,4,892,585.2013984579826
871,1.1419583559036255,4,892,585.2013984579826
872,1.1418981552124023,4,892,585.2013984579826
873,1.1418434381484985,4,892,585.2013984579826
874,1.1417837142944336,4,892,585.2013984579826
875,1.1417325735092163,4,892,585.2013984579826
876,1.1416734457015991,4,892,585.2013984579826
877,1.1416146755218506,4,892,585.2013984579826
878,1.141558051109314,4,892,585.2013984579826
879,1.1414992809295654,4,892,585.2013984579826
880,1.1414426565170288,4,892,585.2013984579826
881,1.1413896083831787,4,892,585.2013984579826
882,1.1413313150405884,4,892,585.2013984579826
883,1.1412737369537354,4,892,585.2013984579826
884,1.1412158012390137,4,892,585.2013984579826
885,1.1411573886871338,4,892,585.2013984579826
886,1.141102910041809,4,892,585.2013984579826
887,1.1410454511642456,4,892,585.2013984579826
888,1.1409858465194702,4,892,585.2013984579826
889,1.1409300565719604,4,892,585.2013984579826
890,1.140869379043579,4,892,585.2013984579826
891,1.1408182382583618,4,892,585.2013984579826
892,1.1407548189163208,4,892,585.2013984579826
893,1.1406970024108887,4,892,585.2013984579826
894,1.1406346559524536,4,892,585.2013984579826
895,1.1405847072601318,4,892,585.2013984579826
896,1.140524983406067,4,892,585.2013984579826
897,1.1404720544815063,4,892,585.2013984579826
898,1.1404074430465698,4,892,585.2013984579826
899,1.1403478384017944,4,892,585.2013984579826
900,1.1402920484542847,4,892,585.2013984579826
901,1.1402349472045898,4,892,585.2013984579826
902,1.1401748657226562,4,892,585.2013984579826
903,1.1401145458221436,4,892,585.2013984579826
904,1.1400586366653442,4,892,585.2013984579826
905,1.1399996280670166,4,892,585.2013984579826
906,1.1399412155151367,4,892,585.2013984579826
907,1.139879822731018,4,892,585.2013984579826
908,1.139822244644165,4,892,585.2013984579826
909,1.139763355255127,4,892,585.2013984579826
910,1.139704704284668,4,892,585.2013984579826
911,1.1396443843841553,4,892,585.2013984579826
912,1.1395847797393799,4,892,585.2013984579826
913,1.1395211219787598,4,892,585.2013984579826
914,1.1394686698913574,4,892,585.2013984579826
915,1.1394015550613403,4,892,585.2013984579826
916,1.1393473148345947,4,892,585.2013984579826
917,1.1392852067947388,4,892,585.2013984579826
918,1.1392258405685425,4,892,585.2013984579826
919,1.1391633749008179,4,892,585.2013984579826
920,1.1391081809997559,4,892,585.2013984579826
921,1.1390467882156372,4,892,585.2013984579826
922,1.1389884948730469,4,892,585.2013984579826
923,1.1389230489730835,4,892,585.2013984579826
924,1.1388628482818604,4,892,585.2013984579826
925,1.1388049125671387,4,892,585.2013984579826
926,1.1387418508529663,4,892,585.2013984579826
927,1.1386785507202148,4,892,585.2013984579826
928,1.138616919517517,4,892,585.2013984579826
929,1.1385595798492432,4,892,585.2013984579826
930,1.1385005712509155,4,892,585.2013984579826
931,1.1384376287460327,4,892,585.2013984579826
932,1.1383734941482544,4,892,585.2013984579826
933,1.1383137702941895,4,892,585.2013984579826
934,1.138250470161438,4,892,585.2013984579826
935,1.1381914615631104,4,892,585.2013984579826
936,1.1381285190582275,4,892,585.2013984579826
937,1.1380637884140015,4,892,585.2013984579826
938,1.1380062103271484,4,892,585.2013984579826
939,1.1379427909851074,4,892,585.2013984579826
940,1.1378785371780396,4,892,585.2013984579826
941,1.1378167867660522,4,892,585.2013984579826
942,1.1377596855163574,4,892,585.2013984579826
943,1.1376938819885254,4,892,585.2013984579826
944,1.1376310586929321,4,892,585.2013984579826
945,1.1375677585601807,4,892,585.2013984579826
946,1.137501835823059,4,892,585.2013984579826
947,1.1374378204345703,4,892,585.2013984579826
948,1.1373778581619263,4,892,585.2013984579826
949,1.1373146772384644,4,892,585.2013984579826
950,1.1372500658035278,4,892,585.2013984579826
951,1.137184977531433,4,892,585.2013984579826
952,1.1371221542358398,4,892,585.2013984579826
953,1.1370608806610107,4,892,585.2013984579826
954,1.1369949579238892,4,892,585.2013984579826
955,1.136932611465454,4,892,585.2013984579826
956,1.1368680000305176,4,892,585.2013984579826
957,1.1368061304092407,4,892,585.2013984579826
958,1.1367360353469849,4,892,585.2013984579826
959,1.1366726160049438,4,892,585.2013984579826
960,1.136618733406067,4,892,585.2013984579826
961,1.136543869972229,4,892,585.2013984579826
962,1.1364833116531372,4,892,585.2013984579826
963,1.1364177465438843,4,892,585.2013984579826
964,1.136354684829712,4,892,585.2013984579826
965,1.1362903118133545,4,892,585.2013984579826
966,1.136223554611206,4,892,585.2013984579826
967,1.1361572742462158,4,892,585.2013984579826
968,1.136098861694336,4,892,585.2013984579826
969,1.1360349655151367,4,892,585.2013984579826
970,1.1359670162200928,4,892,585.2013984579826
971,1.1359001398086548,4,892,585.2013984579826
972,1.13583505153656,4,892,585.2013984579826
973,1.1357722282409668,4,892,585.2013984579826
974,1.1357072591781616,4,892,585.2013984579826
975,1.1356433629989624,4,892,585.2013984579826
976,1.1355770826339722,4,892,585.2013984579826
977,1.1355116367340088,4,892,585.2013984579826
978,1.1354460716247559,4,892,585.2013984579826
979,1.1353826522827148,4,892,585.2013984579826
980,1.1353168487548828,4,892,585.2013984579826
981,1.135245680809021,4,892,585.2013984579826
982,1.1351850032806396,4,892,585.2013984579826
983,1.1351205110549927,4,892,585.2013984579826
984,1.135056495666504,4,892,585.2013984579826
985,1.1349889039993286,4,892,585.2013984579826
986,1.1349246501922607,4,892,585.2013984579826
987,1.1348615884780884,4,892,585.2013984579826
988,1.1347935199737549,4,892,585.2013984579826
989,1.1347330808639526,4,892,585.2013984579826
990,1.1346598863601685,4,892,585.2013984579826
991,1.1345964670181274,4,892,585.2013984579826
992,1.134533405303955,4,892,585.2013984579826
993,1.1344645023345947,4,892,585.2013984579826
994,1.1344040632247925,4,892,585.2013984579826
995,1.1343348026275635,4,892,585.2013984579826
996,1.1342759132385254,4,892,585.2013984579826
997,1.1342065334320068,4,892,585.2013984579826
998,1.1341407299041748,4,892,585.2013984579826
999,1.1340715885162354,4,892,585.2013984579826
1000,1.134010672569275,4,892,585.2013984579826
1001,1.1339428424835205,4,892,585.2013984579826
1002,1.1338807344436646,4,892,585.2013984579826
1003,1.1338145732879639,4,892,585.2013984579826
1004,1.13374924659729,4,892,585.2013984579826
1005,1.1336783170700073,4,892,585.2013984579826
1006,1.1336218118667603,4,892,585.2013984579826
1007,1.133551001548767,4,892,585.2013984579826
1008,1.1334917545318604,4,892,585.2013984579826
1009,1.1334288120269775,4,892,585.2013984579826
1010,1.1333614587783813,4,892,585.2013984579826
1011,1.1332979202270508,4,892,585.2013984579826
1012,1.1332335472106934,4,892,585.2013984579826
1013,1.1331642866134644,4,892,585.2013984579826
1014,1.1330962181091309,4,892,585.2013984579826
1015,1.1330397129058838,4,892,585.2013984579826
1016,1.1329728364944458,4,892,585.2013984579826
1017,1.1329087018966675,4,892,585.2013984579826
1018,1.13284170627594,4,892,585.2013984579826
1019,1.1327825784683228,4,892,585.2013984579826
1020,1.1327184438705444,4,892,585.2013984579826
1021,1.132652759552002,4,892,585.2013984579826
1022,1.1325863599777222,4,892,585.2013984579826
1023,1.1325241327285767,4,892,585.2013984579826
1024,1.1324607133865356,4,892,585.2013984579826
1025,1.1323988437652588,4,892,585.2013984579826
1026,1.1323336362838745,4,892,585.2013984579826
1027,1.1322736740112305,4,892,585.2013984579826
1028,1.132205605506897,4,892,585.2013984579826
1029,1.13214111328125,4,892,585.2013984579826
1030,1.1320840120315552,4,892,585.2013984579826
1031,1.1320182085037231,4,892,585.2013984579826
1032,1.1319546699523926,4,892,585.2013984579826
1033,1.1318895816802979,4,892,585.2013984579826
1034,1.131829023361206,4,892,585.2013984579826
1035,1.1317658424377441,4,892,585.2013984579826
1036,1.1317040920257568,4,892,585.2013984579826
1037,1.1316370964050293,4,892,585.2013984579826
1038,1.1315782070159912,4,892,585.2013984579826
1039,1.1315150260925293,4,892,585.2013984579826
1040,1.1314512491226196,4,892,585.2013984579826
1041,1.1313904523849487,4,892,585.2013984579826
1042,1.1313272714614868,4,892,585.2013984579826
1043,1.1312639713287354,4,892,585.2013984579826
1044,1.131203055381775,4,892,585.2013984579826
1045,1.1311434507369995,4,892,585.2013984579826
1046,1.1310824155807495,4,892,585.2013984579826
1047,1.131021499633789,4,892,585.2013984579826
1048,1.1309629678726196,4,892,585.2013984579826
1049,1.130900502204895,4,892,585.2013984579826
1050,1.130840539932251,4,892,585.2013984579826
1051,1.1307775974273682,4,892,585.2013984579826
1052,1.1307200193405151,4,892,585.2013984579826
1053,1.1306612491607666,4,892,585.2013984579826
1054,1.130595326423645,4,892,585.2013984579826
1055,1.1305352449417114,4,892,585.2013984579826
1056,1.1304776668548584,4,892,585.2013984579826
1057,1.1304168701171875,4,892,585.2013984579826
1058,1.1303542852401733,4,892,585.2013984579826
1059,1.1302988529205322,4,892,585.2013984579826
1060,1.130237340927124,4,892,585.2013984579826
1061,1.1301813125610352,4,892,585.2013984579826
1062,1.1301220655441284,4,892,585.2013984579826
1063,1.1300603151321411,4,892,585.2013984579826
1064,1.130005121231079,4,892,585.2013984579826
1065,1.1299453973770142,4,892,585.2013984579826
1066,1.1298882961273193,4,892,585.2013984579826
1067,1.1298264265060425,4,892,585.2013984579826
1068,1.1297664642333984,4,892,585.2013984579826
1069,1.1297085285186768,4,892,585.2013984579826
1070,1.1296504735946655,4,892,585.2013984579826
1071,1.129595160484314,4,892,585.2013984579826
1072,1.129539132118225,4,892,585.2013984579826
1073,1.129480242729187,4,892,585.2013984579826
1074,1.1294206380844116,4,892,585.2013984579826
1075,1.1293623447418213,4,892,585.2013984579826
1076,1.1293079853057861,4,892,585.2013984579826
1077,1.1292518377304077,4,892,585.2013984579826
1078,1.1291930675506592,4,892,585.2013984579826
1079,1.1291346549987793,4,892,585.2013984579826
1080,1.1290825605392456,4,892,585.2013984579826
1081,1.1290252208709717,4,892,585.2013984579826
1082,1.128967523574829,4,892,585.2013984579826
1083,1.1289116144180298,4,892,585.2013984579826
1084,1.1288542747497559,4,892,585.2013984579826
1085,1.1288007497787476,4,892,585.2013984579826
1086,1.128741979598999,4,892,585.2013984579826
1087,1.1286851167678833,4,892,585.2013984579826
1088,1.1286319494247437,4,892,585.2013984579826
1089,1.1285778284072876,4,892,585.2013984579826
1090,1.128523588180542,4,892,585.2013984579826
1091,1.1284717321395874,4,892,585.2013984579826
1092,1.1284135580062866,4,892,585.2013984579826
1093,1.128358244895935,4,892,585.2013984579826
1094,1.1283057928085327,4,892,585.2013984579826
1095,1.1282495260238647,4,892,585.2013984579826
1096,1.1281979084014893,4,892,585.2013984579826
1097,1.1281439065933228,4,892,585.2013984579826
1098,1.1280885934829712,4,892,585.2013984579826
1099,1.1280380487442017,4,892,585.2013984579826
1100,1.127981185913086,4,892,585.2013984579826
1101,1.1279246807098389,4,892,585.2013984579826
1102,1.1278742551803589,4,892,585.2013984579826
1103,1.127819538116455,4,892,585.2013984579826
1104,1.1277705430984497,4,892,585.2013984579826
1105,1.127715826034546,4,892,585.2013984579826
1106,1.1276607513427734,4,892,585.2013984579826
1107,1.1276073455810547,4,892,585.2013984579826
1108,1.1275545358657837,4,892,585.2013984579826
1109,1.1275057792663574,4,892,585.2013984579826
1110,1.1274510622024536,4,892,585.2013984579826
1111,1.1273990869522095,4,892,585.2013984579826
1112,1.1273494958877563,4,892,585.2013984579826
1113,1.1272947788238525,4,892,585.2013984579826
1114,1.1272433996200562,4,892,585.2013984579826
1115,1.127191185951233,4,892,585.2013984579826
1116,1.1271411180496216,4,892,585.2013984579826
1117,1.1270909309387207,4,892,585.2013984579826
1118,1.1270416975021362,4,892,585.2013984579826
1119,1.1269898414611816,4,892,585.2013984579826
1120,1.12693452835083,4,892,585.2013984579826
1121,1.1268830299377441,4,892,585.2013984579826
1122,1.1268291473388672,4,892,585.2013984579826
1123,1.1267818212509155,4,892,585.2013984579826
1124,1.1267296075820923,4,892,585.2013984579826
1125,1.1266804933547974,4,892,585.2013984579826
1126,1.1266288757324219,4,892,585.2013984579826
1127,1.1265802383422852,4,892,585.2013984579826
1128,1.1265320777893066,4,892,585.2013984579826
1129,1.1264804601669312,4,892,585.2013984579826
1130,1.1264355182647705,4,892,585.2013984579826
1131,1.1263798475265503,4,892,585.2013984579826
1132,1.1263314485549927,4,892,585.2013984579826
1133,1.1262842416763306,4,892,585.2013984579826
1134,1.1262346506118774,4,892,585.2013984579826
1135,1.1261868476867676,4,892,585.2013984579826
1136,1.126132607460022,4,892,585.2013984579826
1137,1.1260864734649658,4,892,585.2013984579826
1138,1.1260384321212769,4,892,585.2013984579826
1139,1.1259881258010864,4,892,585.2013984579826
1140,1.1259398460388184,4,892,585.2013984579826
1141,1.1258916854858398,4,892,585.2013984579826
1142,1.1258435249328613,4,892,585.2013984579826
1143,1.1257920265197754,4,892,585.2013984579826
1144,1.125753402709961,4,892,585.2013984579826
1145,1.1256959438323975,4,892,585.2013984579826
1146,1.1256496906280518,4,892,585.2013984579826
1147,1.1256036758422852,4,892,585.2013984579826
1148,1.1255521774291992,4,892,585.2013984579826
1149,1.1255073547363281,4,892,585.2013984579826
1150,1.125458002090454,4,892,585.2013984579826
1151,1.1254091262817383,4,892,585.2013984579826
1152,1.1253639459609985,4,892,585.2013984579826
1153,1.1253156661987305,4,892,585.2013984579826
1154,1.1252691745758057,4,892,585.2013984579826
1155,1.1252241134643555,4,892,585.2013984579826
1156,1.1251763105392456,4,892,585.2013984579826
1157,1.1251318454742432,4,892,585.2013984579826
1158,1.1250838041305542,4,892,585.2013984579826
1159,1.1250358819961548,4,892,585.2013984579826
1160,1.1249920129776,4,892,585.2013984579826
1161,1.1249443292617798,4,892,585.2013984579826
1162,1.1248968839645386,4,892,585.2013984579826
1163,1.1248486042022705,4,892,585.2013984579826
1164,1.124806523323059,4,892,585.2013984579826
1165,1.1247597932815552,4,892,585.2013984579826
1166,1.1247166395187378,4,892,585.2013984579826
1167,1.1246718168258667,4,892,585.2013984579826
1168,1.1246224641799927,4,892,585.2013984579826
1169,1.1245805025100708,4,892,585.2013984579826
1170,1.1245323419570923,4,892,585.2013984579826
1171,1.1244860887527466,4,892,585.2013984579826
1172,1.1244455575942993,4,892,585.2013984579826
1173,1.1244004964828491,4,892,585.2013984579826
1174,1.1243513822555542,4,892,585.2013984579826
1175,1.1243103742599487,4,892,585.2013984579826
1176,1.124266505241394,4,892,585.2013984579826
1177,1.1242200136184692,4,892,585.2013984579826
1178,1.1241698265075684,4,892,585.2013984579826
1179,1.124131679534912,4,892,585.2013984579826
1180,1.1240837574005127,4,892,585.2013984579826
1181,1.124037504196167,4,892,585.2013984579826
1182,1.1239955425262451,4,892,585.2013984579826
1183,1.123949646949768,4,892,585.2013984579826
1184,1.1239039897918701,4,892,585.2013984579826
1185,1.1238582134246826,4,892,585.2013984579826
1186,1.1238192319869995,4,892,585.2013984579826
1187,1.1237764358520508,4,892,585.2013984579826
1188,1.1237332820892334,4,892,585.2013984579826
1189,1.1236909627914429,4,892,585.2013984579826
1190,1.123642921447754,4,892,585.2013984579826
1191,1.1236042976379395,4,892,585.2013984579826
1192,1.123556137084961,4,892,585.2013984579826
1193,1.123513102531433,4,892,585.2013984579826
1194,1.1234718561172485,4,892,585.2013984579826
1195,1.1234263181686401,4,892,585.2013984579826
1196,1.1233853101730347,4,892,585.2013984579826
1197,1.1233409643173218,4,892,585.2013984579826
1198,1.1232974529266357,4,892,585.2013984579826
1199,1.123256802558899,4,892,585.2013984579826
1200,1.1232150793075562,4,892,585.2013984579826
1201,1.1231694221496582,4,892,585.2013984579826
1202,1.1231296062469482,4,892,585.2013984579826
1203,1.1230860948562622,4,892,585.2013984579826
1204,1.123042106628418,4,892,585.2013984579826
1205,1.122996211051941,4,892,585.2013984579826
1206,1.1229569911956787,4,892,585.2013984579826
1207,1.1229158639907837,4,892,585.2013984579826
1208,1.1228716373443604,4,892,585.2013984579826
1209,1.1228333711624146,4,892,585.2013984579826
1210,1.1227885484695435,4,892,585.2013984579826
1211,1.1227476596832275,4,892,585.2013984579826
1212,1.122704029083252,4,892,585.2013984579826
1213,1.1226600408554077,4,892,585.2013984579826
1214,1.1226211786270142,4,892,585.2013984579826
1215,1.122575283050537,4,892,585.2013984579826
1216,1.1225361824035645,4,892,585.2013984579826
1217,1.1224974393844604,4,892,585.2013984579826
1218,1.1224572658538818,4,892,585.2013984579826
1219,1.1224126815795898,4,892,585.2013984579826
1220,1.122369647026062,4,892,585.2013984579826
1221,1.1223351955413818,4,892,585.2013984579826
1222,1.1222920417785645,4,892,585.2013984579826
1223,1.122248888015747,4,892,585.2013984579826
1224,1.1222079992294312,4,892,585.2013984579826
1225,1.122168779373169,4,892,585.2013984579826
1226,1.122126579284668,4,892,585.2013984579826
1227,1.1220825910568237,4,892,585.2013984579826
1228,1.1220399141311646,4,892,585.2013984579826
1229,1.1220051050186157,4,892,585.2013984579826
1230,1.1219638586044312,4,892,585.2013984579826
1231,1.121921181678772,4,892,585.2013984579826
1232,1.1218830347061157,4,892,585.2013984579826
1233,1.1218407154083252,4,892,585.2013984579826
1234,1.121803641319275,4,892,585.2013984579826
1235,1.121760606765747,4,892,585.2013984579826
1236,1.121720314025879,4,892,585.2013984579826
1237,1.1216827630996704,4,892,585.2013984579826
1238,1.1216398477554321,4,892,585.2013984579826
1239,1.1216049194335938,4,892,585.2013984579826
1240,1.121561884880066,4,892,585.2013984579826
1241,1.1215200424194336,4,892,585.2013984579826
1242,1.1214807033538818,4,892,585.2013984579826
1243,1.1214452981948853,4,892,585.2013984579826
1244,1.1214046478271484,4,892,585.2013984579826
1245,1.1213629245758057,4,892,585.2013984579826
1246,1.1213247776031494,4,892,585.2013984579826
1247,1.1212821006774902,4,892,585.2013984579826
1248,1.1212432384490967,4,892,585.2013984579826
1249,1.12120521068573,4,892,585.2013984579826
1250,1.1211656332015991,4,892,585.2013984579826
1251,1.121126651763916,4,892,585.2013984579826
1252,1.1210860013961792,4,892,585.2013984579826
1253,1.1210473775863647,4,892,585.2013984579826
1254,1.1210130453109741,4,892,585.2013984579826
1255,1.1209701299667358,4,892,585.2013984579826
1256,1.120930790901184,4,892,585.2013984579826
1257,1.120892882347107,4,892,585.2013984579826
1258,1.1208564043045044,4,892,585.2013984579826
1259,1.1208149194717407,4,892,585.2013984579826
1260,1.120779037475586,4,892,585.2013984579826
1261,1.1207444667816162,4,892,585.2013984579826
1262,1.120701551437378,4,892,585.2013984579826
1263,1.1206681728363037,4,892,585.2013984579826
1264,1.120623230934143,4,892,585.2013984579826
1265,1.1205871105194092,4,892,585.2013984579826
1266,1.120550274848938,4,892,585.2013984579826
1267,1.1205103397369385,4,892,585.2013984579826
1268,1.1204719543457031,4,892,585.2013984579826
1269,1.120429277420044,4,892,585.2013984579826
1270,1.1203895807266235,4,892,585.2013984579826
1271,1.1203535795211792,4,892,585.2013984579826
1272,1.1203166246414185,4,892,585.2013984579826
1273,1.1202799081802368,4,892,585.2013984579826
1274,1.1202442646026611,4,892,585.2013984579826
1275,1.1202064752578735,4,892,585.2013984579826
1276,1.1201680898666382,4,892,585.2013984579826
1277,1.1201272010803223,4,892,585.2013984579826
1278,1.1200934648513794,4,892,585.2013984579826
1279,1.1200565099716187,4,892,585.2013984579826
1280,1.1200164556503296,4,892,585.2013984579826
1281,1.1199777126312256,4,892,585.2013984579826
1282,1.1199406385421753,4,892,585.2013984579826
1283,1.1199018955230713,4,892,585.2013984579826
1284,1.1198639869689941,4,892,585.2013984579826
1285,1.1198278665542603,4,892,585.2013984579826
1286,1.1197949647903442,4,892,585.2013984579826
1287,1.1197566986083984,4,892,585.2013984579826
1288,1.1197155714035034,4,892,585.2013984579826
1289,1.119681715965271,4,892,585.2013984579826
1290,1.1196447610855103,4,892,585.2013984579826
1291,1.1196110248565674,4,892,585.2013984579826
1292,1.1195704936981201,4,892,585.2013984579826
1293,1.1195330619812012,4,892,585.2013984579826
1294,1.1194974184036255,4,892,585.2013984579826
1295,1.1194592714309692,4,892,585.2013984579826
1296,1.1194257736206055,4,892,585.2013984579826
1297,1.1193907260894775,4,892,585.2013984579826
1298,1.119352102279663,4,892,585.2013984579826
1299,1.1193103790283203,4,892,585.2013984579826
1300,1.1192787885665894,4,892,585.2013984579826
1301,1.1192435026168823,4,892,585.2013984579826
1302,1.1192039251327515,4,892,585.2013984579826
1303,1.1191705465316772,4,892,585.2013984579826
1304,1.1191353797912598,4,892,585.2013984579826
1305,1.1190972328186035,4,892,585.2013984579826
1306,1.1190632581710815,4,892,585.2013984579826
1307,1.1190201044082642,4,892,585.2013984579826
1308,1.1189863681793213,4,892,585.2013984579826
1309,1.1189508438110352,4,892,585.2013984579826
1310,1.1189157962799072,4,892,585.2013984579826
1311,1.118882656097412,4,892,585.2013984579826
1312,1.1188403367996216,4,892,585.2013984579826
1313,1.118807315826416,4,892,585.2013984579826
1314,1.1187735795974731,4,892,585.2013984579826
1315,1.1187379360198975,4,892,585.2013984579826
1316,1.1187000274658203,4,892,585.2013984579826
1317,1.118667483329773,4,892,585.2013984579826
1318,1.1186332702636719,4,892,585.2013984579826
1319,1.1185975074768066,4,892,585.2013984579826
1320,1.1185587644577026,4,892,585.2013984579826
1321,1.1185307502746582,4,892,585.2013984579826
1322,1.1184899806976318,4,892,585.2013984579826
1323,1.1184520721435547,4,892,585.2013984579826
1324,1.1184200048446655,4,892,585.2013984579826
1325,1.1183841228485107,4,892,585.2013984579826
1326,1.1183453798294067,4,892,585.2013984579826
1327,1.11831533908844,4,892,585.2013984579826
1328,1.1182818412780762,4,892,585.2013984579826
1329,1.118240237236023,4,892,585.2013984579826
1330,1.1182093620300293,4,892,585.2013984579826
1331,1.118174433708191,4,892,585.2013984579826
1332,1.1181349754333496,4,892,585.2013984579826
1333,1.1181038618087769,4,892,585.2013984579826
1334,1.1180686950683594,4,892,585.2013984579826
1335,1.1180328130722046,4,892,585.2013984579826
1336,1.117997169494629,4,892,585.2013984579826
1337,1.1179583072662354,4,892,585.2013984579826
1338,1.117928385734558,4,892,585.2013984579826
1339,1.1178922653198242,4,892,585.2013984579826
1340,1.1178603172302246,4,892,585.2013984579826
1341,1.1178233623504639,4,892,585.2013984579826
1342,1.1177935600280762,4,892,585.2013984579826
1343,1.1177582740783691,4,892,585.2013984579826
1344,1.1177226305007935,4,892,585.2013984579826
1345,1.1176851987838745,4,892,585.2013984579826
1346,1.1176565885543823,4,892,585.2013984579826
1347,1.117621898651123,4,892,585.2013984579826
1348,1.1175869703292847,4,892,585.2013984579826
1349,1.1175509691238403,4,892,585.2013984579826
1350,1.1175211668014526,4,892,585.2013984579826
1351,1.117486834526062,4,892,585.2013984579826
1352,1.1174509525299072,4,892,585.2013984579826
1353,1.1174159049987793,4,892,585.2013984579826
1354,1.1173816919326782,4,892,585.2013984579826
1355,1.1173492670059204,4,892,585.2013984579826
1356,1.1173148155212402,4,892,585.2013984579826
1357,1.1172807216644287,4,892,585.2013984579826
1358,1.117247223854065,4,892,585.2013984579826
1359,1.1172131299972534,4,892,585.2013984579826
1360,1.1171776056289673,4,892,585.2013984579826
1361,1.117141604423523,4,892,585.2013984579826
1362,1.1171077489852905,4,892,585.2013984579826
1363,1.1170778274536133,4,892,585.2013984579826
1364,1.117045521736145,4,892,585.2013984579826
1365,1.1170132160186768,4,892,585.2013984579826
1366,1.1169755458831787,4,892,585.2013984579826
1367,1.116943359375,4,892,585.2013984579826
1368,1.1169099807739258,4,892,585.2013984579826
1369,1.1168769598007202,4,892,585.2013984579826
1370,1.116843819618225,4,892,585.2013984579826
1371,1.1168115139007568,4,892,585.2013984579826
1372,1.1167782545089722,4,892,585.2013984579826
1373,1.1167411804199219,4,892,585.2013984579826
1374,1.1167160272598267,4,892,585.2013984579826
1375,1.1166812181472778,4,892,585.2013984579826
1376,1.1166460514068604,4,892,585.2013984579826
1377,1.1166143417358398,4,892,585.2013984579826
1378,1.1165817975997925,4,892,585.2013984579826
1379,1.116546869277954,4,892,585.2013984579826
1380,1.1165136098861694,4,892,585.2013984579826
1381,1.1164779663085938,4,892,585.2013984579826
1382,1.116446852684021,4,892,585.2013984579826
1383,1.1164157390594482,4,892,585.2013984579826
1384,1.116386890411377,4,892,585.2013984579826
1385,1.1163554191589355,4,892,585.2013984579826
1386,1.1163208484649658,4,892,585.2013984579826
1387,1.1162900924682617,4,892,585.2013984579826
1388,1.116257667541504,4,892,585.2013984579826
1389,1.1162185668945312,4,892,585.2013984579826
1390,1.1161912679672241,4,892,585.2013984579826
1391,1.1161593198776245,4,892,585.2013984579826
1392,1.1161236763000488,4,892,585.2013984579826
1393,1.116094708442688,4,892,585.2013984579826
1394,1.116061806678772,4,892,585.2013984579826
1395,1.116028904914856,4,892,585.2013984579826
1396,1.1160014867782593,4,892,585.2013984579826
1397,1.115964412689209,4,892,585.2013984579826
1398,1.115930199623108,4,892,585.2013984579826
1399,1.1159001588821411,4,892,585.2013984579826
1400,1.1158671379089355,4,892,585.2013984579826
1401,1.1158361434936523,4,892,585.2013984579826
1402,1.1158078908920288,4,892,585.2013984579826
1403,1.115768551826477,4,892,585.2013984579826
1404,1.1157419681549072,4,892,585.2013984579826
1405,1.115706205368042,4,892,585.2013984579826
1406,1.1156768798828125,4,892,585.2013984579826
1407,1.1156457662582397,4,892,585.2013984579826
1408,1.1156164407730103,4,892,585.2013984579826
1409,1.1155835390090942,4,892,585.2013984579826
1410,1.1155517101287842,4,892,585.2013984579826
1411,1.1155145168304443,4,892,585.2013984579826
1412,1.1154855489730835,4,892,585.2013984579826
1413,1.1154590845108032,4,892,585.2013984579826
1414,1.1154251098632812,4,892,585.2013984579826
1415,1.115395188331604,4,892,585.2013984579826
1416,1.1153644323349,4,892,585.2013984579826
1417,1.1153295040130615,4,892,585.2013984579826
1418,1.1153026819229126,4,892,585.2013984579826
1419,1.1152690649032593,4,892,585.2013984579826
1420,1.1152381896972656,4,892,585.2013984579826
1421,1.115204095840454,4,892,585.2013984579826
1422,1.1151758432388306,4,892,585.2013984579826
1423,1.115146279335022,4,892,585.2013984579826
1424,1.1151138544082642,4,892,585.2013984579826
1425,1.1150819063186646,4,892,585.2013984579826
1426,1.115047574043274,4,892,585.2013984579826
1427,1.1150211095809937,4,892,585.2013984579826
1428,1.114992618560791,4,892,585.2013984579826
1429,1.11495840549469,4,892,585.2013984579826
1430,1.114931344985962,4,892,585.2013984579826
1431,1.1148982048034668,4,892,585.2013984579826
1432,1.1148666143417358,4,892,585.2013984579826
1433,1.114830493927002,4,892,585.2013984579826
1434,1.114798665046692,4,892,585.2013984579826
1435,1.1147725582122803,4,892,585.2013984579826
1436,1.1147438287734985,4,892,585.2013984579826
1437,1.1147149801254272,4,892,585.2013984579826
1438,1.1146819591522217,4,892,585.2013984579826
1439,1.114652395248413,4,892,585.2013984579826
1440,1.1146228313446045,4,892,585.2013984579826
1441,1.1145907640457153,4,892,585.2013984579826
1442,1.1145654916763306,4,892,585.2013984579826
1443,1.1145297288894653,4,892,585.2013984579826
1444,1.1145005226135254,4,892,585.2013984579826
1445,1.1144659519195557,4,892,585.2013984579826
1446,1.1144330501556396,4,892,585.2013984579826
1447,1.1144062280654907,4,892,585.2013984579826
1448,1.114376425743103,4,892,585.2013984579826
1449,1.1143484115600586,4,892,585.2013984579826
1450,1.1143172979354858,4,892,585.2013984579826
1451,1.114291787147522,4,892,585.2013984579826
1452,1.1142592430114746,4,892,585.2013984579826
1453,1.1142278909683228,4,892,585.2013984579826
1454,1.1142008304595947,4,892,585.2013984579826
1455,1.1141706705093384,4,892,585.2013984579826
1456,1.1141341924667358,4,892,585.2013984579826
1457,1.1141085624694824,4,892,585.2013984579826
1458,1.114079236984253,4,892,585.2013984579826
1459,1.1140496730804443,4,892,585.2013984579826
1460,1.1140170097351074,4,892,585.2013984579826
1461,1.1139873266220093,4,892,585.2013984579826
1462,1.113958716392517,4,892,585.2013984579826
1463,1.1139304637908936,4,892,585.2013984579826
1464,1.1139003038406372,4,892,585.2013984579826
1465,1.1138741970062256,4,892,585.2013984579826
1466,1.1138408184051514,4,892,585.2013984579826
1467,1.113816499710083,4,892,585.2013984579826
1468,1.113782286643982,4,892,585.2013984579826
1469,1.1137515306472778,4,892,585.2013984579826
1470,1.113722324371338,4,892,585.2013984579826
1471,1.1136891841888428,4,892,585.2013984579826
1472,1.113661289215088,4,892,585.2013984579826
1473,1.1136364936828613,4,892,585.2013984579826
1474,1.113606333732605,4,892,585.2013984579826
1475,1.1135754585266113,4,892,585.2013984579826
1476,1.1135457754135132,4,892,585.2013984579826
1477,1.1135177612304688,4,892,585.2013984579826
1478,1.1134898662567139,4,892,585.2013984579826
1479,1.1134593486785889,4,892,585.2013984579826
1480,1.11343252658844,4,892,585.2013984579826
1481,1.1133967638015747,4,892,585.2013984579826
1482,1.1133729219436646,4,892,585.2013984579826
1483,1.113340973854065,4,892,585.2013984579826
1484,1.1133136749267578,4,892,585.2013984579826
1485,1.113286018371582,4,892,585.2013984579826
1486,1.1132574081420898,4,892,585.2013984579826
1487,1.113226294517517,4,892,585.2013984579826
1488,1.1132020950317383,4,892,585.2013984579826
1489,1.1131718158721924,4,892,585.2013984579826
1490,1.1131432056427002,4,892,585.2013984579826
1491,1.113110899925232,4,892,585.2013984579826
1492,1.1130839586257935,4,892,585.2013984579826
1493,1.1130568981170654,4,892,585.2013984579826
1494,1.1130281686782837,4,892,585.2013984579826
1495,1.1129982471466064,4,892,585.2013984579826
1496,1.11296808719635,4,892,585.2013984579826
1497,1.1129450798034668,4,892,585.2013984579826
1498,1.1129146814346313,4,892,585.2013984579826
1499,1.1128897666931152,4,892,585.2013984579826
1500,1.112862229347229,4,892,585.2013984579826
1501,1.11283278465271,4,892,585.2013984579826
1502,1.112800121307373,4,892,585.2013984579826
1503,1.112770676612854,4,892,585.2013984579826
1504,1.1127492189407349,4,892,585.2013984579826
1505,1.1127172708511353,4,892,585.2013984579826
1506,1.11268949508667,4,892,585.2013984579826
1507,1.1126621961593628,4,892,585.2013984579826
1508,1.1126320362091064,4,892,585.2013984579826
1509,1.112602949142456,4,892,585.2013984579826
1510,1.1125751733779907,4,892,585.2013984579826
1511,1.1125487089157104,4,892,585.2013984579826
1512,1.112526297569275,4,892,585.2013984579826
1513,1.1124930381774902,4,892,585.2013984579826
1514,1.1124681234359741,4,892,585.2013984579826
1515,1.1124374866485596,4,892,585.2013984579826
1516,1.1124101877212524,4,892,585.2013984579826
1517,1.1123837232589722,4,892,585.2013984579826
1518,1.1123552322387695,4,892,585.2013984579826
1519,1.1123284101486206,4,892,585.2013984579826
1520,1.1123018264770508,4,892,585.2013984579826
1521,1.1122715473175049,4,892,585.2013984579826
1522,1.1122475862503052,4,892,585.2013984579826
1523,1.1122208833694458,4,892,585.2013984579826
1524,1.112187147140503,4,892,585.2013984579826
1525,1.1121606826782227,4,892,585.2013984579826
1526,1.1121350526809692,4,892,585.2013984579826
1527,1.1121039390563965,4,892,585.2013984579826
1528,1.1120774745941162,4,892,585.2013984579826
1529,1.112052083015442,4,892,585.2013984579826
1530,1.1120213270187378,4,892,585.2013984579826
1531,1.1119996309280396,4,892,585.2013984579826
1532,1.1119691133499146,4,892,585.2013984579826
1533,1.1119425296783447,4,892,585.2013984579826
1534,1.11191987991333,4,892,585.2013984579826
1535,1.1118911504745483,4,892,585.2013984579826
1536,1.1118654012680054,4,892,585.2013984579826
1537,1.11183762550354,4,892,585.2013984579826
1538,1.1118119955062866,4,892,585.2013984579826
1539,1.1117814779281616,4,892,585.2013984579826
1540,1.1117550134658813,4,892,585.2013984579826
1541,1.1117264032363892,4,892,585.2013984579826
1542,1.1116969585418701,4,892,585.2013984579826
1543,1.1116753816604614,4,892,585.2013984579826
1544,1.1116509437561035,4,892,585.2013984579826
1545,1.111619234085083,4,892,585.2013984579826
1546,1.1115899085998535,4,892,585.2013984579826
1547,1.1115641593933105,4,892,585.2013984579826
1548,1.11154305934906,4,892,585.2013984579826
1549,1.1115165948867798,4,892,585.2013984579826
1550,1.1114901304244995,4,892,585.2013984579826
1551,1.1114585399627686,4,892,585.2013984579826
1552,1.111432433128357,4,892,585.2013984579826
1553,1.1114085912704468,4,892,585.2013984579826
1554,1.1113827228546143,4,892,585.2013984579826
1555,1.1113559007644653,4,892,585.2013984579826
1556,1.1113307476043701,4,892,585.2013984579826
1557,1.1113030910491943,4,892,585.2013984579826
1558,1.1112818717956543,4,892,585.2013984579826
1559,1.1112542152404785,4,892,585.2013984579826
1560,1.11122465133667,4,892,585.2013984579826
1561,1.111194133758545,4,892,585.2013984579826
1562,1.1111729145050049,4,892,585.2013984579826
1563,1.1111444234848022,4,892,585.2013984579826
1564,1.1111178398132324,4,892,585.2013984579826
1565,1.1110970973968506,4,892,585.2013984579826
1566,1.1110632419586182,4,892,585.2013984579826
1567,1.1110399961471558,4,892,585.2013984579826
1568,1.111013650894165,4,892,585.2013984579826
1569,1.1109850406646729,4,892,585.2013984579826
1570,1.110964298248291,4,892,585.2013984579826
1571,1.1109365224838257,4,892,585.2013984579826
1572,1.1109074354171753,4,892,585.2013984579826
1573,1.1108813285827637,4,892,585.2013984579826
1574,1.1108537912368774,4,892,585.2013984579826
1575,1.1108300685882568,4,892,585.2013984579826
1576,1.110809087753296,4,892,585.2013984579826
1577,1.1107836961746216,4,892,585.2013984579826
1578,1.1107513904571533,4,892,585.2013984579826
1579,1.1107289791107178,4,892,585.2013984579826
1580,1.1107009649276733,4,892,585.2013984579826
1581,1.110675573348999,4,892,585.2013984579826
1582,1.1106557846069336,4,892,585.2013984579826
1583,1.110627293586731,4,892,585.2013984579826
1584,1.1106038093566895,4,892,585.2013984579826
1585,1.1105759143829346,4,892,585.2013984579826
1586,1.1105529069900513,4,892,585.2013984579826
1587,1.1105220317840576,4,892,585.2013984579826
1588,1.1104962825775146,4,892,585.2013984579826
1589,1.1104692220687866,4,892,585.2013984579826
1590,1.1104470491409302,4,892,585.2013984579826
1591,1.1104246377944946,4,892,585.2013984579826
1592,1.110399603843689,4,892,585.2013984579826
1593,1.110377550125122,4,892,585.2013984579826
1594,1.110348105430603,4,892,585.2013984579826
1595,1.1103225946426392,4,892,585.2013984579826
1596,1.1102975606918335,4,892,585.2013984579826
1597,1.1102735996246338,4,892,585.2013984579826
1598,1.1102468967437744,4,892,585.2013984579826
1599,1.1102222204208374,4,892,585.2013984579826
1600,1.1101983785629272,4,892,585.2013984579826
1601,1.1101698875427246,4,892,585.2013984579826
1602,1.110143780708313,4,892,585.2013984579826
1603,1.1101223230361938,4,892,585.2013984579826
1604,1.1100910902023315,4,892,585.2013984579826
1605,1.1100738048553467,4,892,585.2013984579826
1606,1.1100473403930664,4,892,585.2013984579826
1607,1.1100201606750488,4,892,585.2013984579826
1608,1.1099916696548462,4,892,585.2013984579826
1609,1.1099703311920166,4,892,585.2013984579826
1610,1.109946608543396,4,892,585.2013984579826
1611,1.1099252700805664,4,892,585.2013984579826
1612,1.1098957061767578,4,892,585.2013984579826
1613,1.1098722219467163,4,892,585.2013984579826
1614,1.1098506450653076,4,892,585.2013984579826
1615,1.109821081161499,4,892,585.2013984579826
1616,1.1097966432571411,4,892,585.2013984579826
1617,1.1097739934921265,4,892,585.2013984579826
1618,1.109744668006897,4,892,585.2013984579826
1619,1.109726071357727,4,892,585.2013984579826
1620,1.10969877243042,4,892,585.2013984579826
1621,1.1096704006195068,4,892,585.2013984579826
1622,1.109650731086731,4,892,585.2013984579826
1623,1.109627366065979,4,892,585.2013984579826
1624,1.1096018552780151,4,892,585.2013984579826
1625,1.1095765829086304,4,892,585.2013984579826
1626,1.1095510721206665,4,892,585.2013984579826
1627,1.1095280647277832,4,892,585.2013984579826
1628,1.1094998121261597,4,892,585.2013984579826
1629,1.1094754934310913,4,892,585.2013984579826
1630,1.109456181526184,4,892,585.2013984579826
1631,1.1094292402267456,4,892,585.2013984579826
1632,1.1094059944152832,4,892,585.2013984579826
1633,1.109386920928955,4,892,585.2013984579826
1634,1.109361171722412,4,892,585.2013984579826
1635,1.1093353033065796,4,892,585.2013984579826
1636,1.1093106269836426,4,892,585.2013984579826
1637,1.1092902421951294,4,892,585.2013984579826
1638,1.1092607975006104,4,892,585.2013984579826
1639,1.109235167503357,4,892,585.2013984579826
1640,1.1092082262039185,4,892,585.2013984579826
1641,1.1091910600662231,4,892,585.2013984579826
1642,1.1091629266738892,4,892,585.2013984579826
1643,1.109141230583191,4,892,585.2013984579826
1644,1.1091166734695435,4,892,585.2013984579826
1645,1.1090846061706543,4,892,585.2013984579826
1646,1.109067678451538,4,892,585.2013984579826
1647,1.10904061794281,4,892,585.2013984579826
1648,1.1090213060379028,4,892,585.2013984579826
1649,1.1089948415756226,4,892,585.2013984579826
1650,1.1089701652526855,4,892,585.2013984579826
1651,1.1089463233947754,4,892,585.2013984579826
1652,1.108925461769104,4,892,585.2013984579826
1653,1.1088981628417969,4,892,585.2013984579826
1654,1.108874797821045,4,892,585.2013984579826
1655,1.1088542938232422,4,892,585.2013984579826
1656,1.108828067779541,4,892,585.2013984579826
1657,1.1088076829910278,4,892,585.2013984579826
1658,1.108781337738037,4,892,585.2013984579826
1659,1.1087590456008911,4,892,585.2013984579826
1660,1.1087318658828735,4,892,585.2013984579826
1661,1.1087135076522827,4,892,585.2013984579826
1662,1.1086879968643188,4,892,585.2013984579826
1663,1.1086673736572266,4,892,585.2013984579826
1664,1.1086419820785522,4,892,585.2013984579826
1665,1.1086139678955078,4,892,585.2013984579826
1666,1.1085907220840454,4,892,585.2013984579826
1667,1.1085741519927979,4,892,585.2013984579826
1668,1.1085491180419922,4,892,585.2013984579826
1669,1.1085196733474731,4,892,585.2013984579826
1670,1.1084996461868286,4,892,585.2013984579826
1671,1.108479619026184,4,892,585.2013984579826
1672,1.1084588766098022,4,892,585.2013984579826
1673,1.108431339263916,4,892,585.2013984579826
1674,1.1084153652191162,4,892,585.2013984579826
1675,1.1083874702453613,4,892,585.2013984579826
1676,1.1083608865737915,4,892,585.2013984579826
1677,1.10833740234375,4,892,585.2013984579826
1678,1.108317255973816,4,892,585.2013984579826
1679,1.1082957983016968,4,892,585.2013984579826
1680,1.1082708835601807,4,892,585.2013984579826
1681,1.1082501411437988,4,892,585.2013984579826
1682,1.108221173286438,4,892,585.2013984579826
1683,1.1081998348236084,4,892,585.2013984579826
1684,1.1081812381744385,4,892,585.2013984579826
1685,1.1081546545028687,4,892,585.2013984579826
1686,1.1081359386444092,4,892,585.2013984579826
1687,1.1081149578094482,4,892,585.2013984579826
1688,1.1080865859985352,4,892,585.2013984579826
1689,1.1080645322799683,4,892,585.2013984579826
1690,1.1080389022827148,4,892,585.2013984579826
1691,1.1080186367034912,4,892,585.2013984579826
1692,1.1079975366592407,4,892,585.2013984579826
1693,1.1079717874526978,4,892,585.2013984579826
1694,1.1079485416412354,4,892,585.2013984579826
1695,1.107932686805725,4,892,585.2013984579826
1696,1.1079033613204956,4,892,585.2013984579826
1697,1.1078836917877197,4,892,585.2013984579826
1698,1.10785973072052,4,892,585.2013984579826
1699,1.1078441143035889,4,892,585.2013984579826
1700,1.1078181266784668,4,892,585.2013984579826
1701,1.1077944040298462,4,892,585.2013984579826
1702,1.1077719926834106,4,892,585.2013984579826
1703,1.1077510118484497,4,892,585.2013984579826
1704,1.1077284812927246,4,892,585.2013984579826
1705,1.1077033281326294,4,892,585.2013984579826
1706,1.1076819896697998,4,892,585.2013984579826
1707,1.1076529026031494,4,892,585.2013984579826
1708,1.1076334714889526,4,892,585.2013984579826
1709,1.1076124906539917,4,892,585.2013984579826
1710,1.1075904369354248,4,892,585.2013984579826
1711,1.1075705289840698,4,892,585.2013984579826
1712,1.1075499057769775,4,892,585.2013984579826
1713,1.1075270175933838,4,892,585.2013984579826
1714,1.1075023412704468,4,892,585.2013984579826
1715,1.1074799299240112,4,892,585.2013984579826
1716,1.107458233833313,4,892,585.2013984579826
1717,1.1074384450912476,4,892,585.2013984579826
1718,1.1074156761169434,4,892,585.2013984579826
1719,1.1073933839797974,4,892,585.2013984579826
1720,1.1073687076568604,4,892,585.2013984579826
1721,1.1073440313339233,4,892,585.2013984579826
1722,1.107322096824646,4,892,585.2013984579826
1723,1.107303261756897,4,892,585.2013984579826
1724,1.107283115386963,4,892,585.2013984579826
1725,1.1072629690170288,4,892,585.2013984579826
1726,1.1072373390197754,4,892,585.2013984579826
1727,1.1072170734405518,4,892,585.2013984579826
1728,1.1071979999542236,4,892,585.2013984579826
1729,1.1071738004684448,4,892,585.2013984579826
1730,1.10714852809906,4,892,585.2013984579826
1731,1.1071332693099976,4,892,585.2013984579826
1732,1.107107162475586,4,892,585.2013984579826
1733,1.1070852279663086,4,892,585.2013984579826
1734,1.1070636510849,4,892,585.2013984579826
1735,1.107040524482727,4,892,585.2013984579826
1736,1.1070172786712646,4,892,585.2013984579826
1737,1.1070005893707275,4,892,585.2013984579826
1738,1.1069773435592651,4,892,585.2013984579826
1739,1.1069519519805908,4,892,585.2013984579826
1740,1.1069308519363403,4,892,585.2013984579826
1741,1.1069104671478271,4,892,585.2013984579826
1742,1.1068940162658691,4,892,585.2013984579826
1743,1.106872797012329,4,892,585.2013984579826
1744,1.1068427562713623,4,892,585.2013984579826
1745,1.1068241596221924,4,892,585.2013984579826
1746,1.106805443763733,4,892,585.2013984579826
1747,1.1067837476730347,4,892,585.2013984579826
1748,1.106765627861023,4,892,585.2013984579826
1749,1.1067399978637695,4,892,585.2013984579826
1750,1.1067205667495728,4,892,585.2013984579826
1751,1.1066985130310059,4,892,585.2013984579826
1752,1.1066776514053345,4,892,585.2013984579826
1753,1.1066555976867676,4,892,585.2013984579826
1754,1.1066325902938843,4,892,585.2013984579826
1755,1.1066136360168457,4,892,585.2013984579826
1756,1.106595516204834,4,892,585.2013984579826
1757,1.1065673828125,4,892,585.2013984579826
1758,1.106542706489563,4,892,585.2013984579826
1759,1.1065232753753662,4,892,585.2013984579826
1760,1.1065051555633545,4,892,585.2013984579826
1761,1.1064841747283936,4,892,585.2013984579826
1762,1.1064614057540894,4,892,585.2013984579826
1763,1.106442928314209,4,892,585.2013984579826
1764,1.1064234972000122,4,892,585.2013984579826
1765,1.1063998937606812,4,892,585.2013984579826
1766,1.1063807010650635,4,892,585.2013984579826
1767,1.1063587665557861,4,892,585.2013984579826
1768,1.1063413619995117,4,892,585.2013984579826
1769,1.1063156127929688,4,892,585.2013984579826
1770,1.1062947511672974,4,892,585.2013984579826
1771,1.1062734127044678,4,892,585.2013984579826
1772,1.1062533855438232,4,892,585.2013984579826
1773,1.1062326431274414,4,892,585.2013984579826
1774,1.1062108278274536,4,892,585.2013984579826
1775,1.1061875820159912,4,892,585.2013984579826
1776,1.1061681509017944,4,892,585.2013984579826
1777,1.106148362159729,4,892,585.2013984579826
1778,1.1061357259750366,4,892,585.2013984579826
1779,1.1061073541641235,4,892,585.2013984579826
1780,1.1060811281204224,4,892,585.2013984579826
1781,1.1060627698898315,4,892,585.2013984579826
1782,1.1060409545898438,4,892,585.2013984579826
1783,1.106024980545044,4,892,585.2013984579826
1784,1.1059988737106323,4,892,585.2013984579826
1785,1.1059808731079102,4,892,585.2013984579826
1786,1.1059556007385254,4,892,585.2013984579826
1787,1.1059356927871704,4,892,585.2013984579826
1788,1.1059162616729736,4,892,585.2013984579826
1789,1.1058980226516724,4,892,585.2013984579826
1790,1.105872631072998,4,892,585.2013984579826
1791,1.1058588027954102,4,892,585.2013984579826
1792,1.105835199356079,4,892,585.2013984579826
1793,1.1058167219161987,4,892,585.2013984579826
1794,1.1057934761047363,4,892,585.2013984579826
1795,1.1057754755020142,4,892,585.2013984579826
1796,1.105751872062683,4,892,585.2013984579826
1797,1.1057347059249878,4,892,585.2013984579826
1798,1.1057075262069702,4,892,585.2013984579826
1799,1.105690360069275,4,892,585.2013984579826
1800,1.105674147605896,4,892,585.2013984579826
1801,1.105650544166565,4,892,585.2013984579826
1802,1.1056311130523682,4,892,585.2013984579826
1803,1.105610966682434,4,892,585.2013984579826
1804,1.1055883169174194,4,892,585.2013984579826
1805,1.105563998222351,4,892,585.2013984579826
1806,1.1055458784103394,4,892,585.2013984579826
1807,1.105531096458435,4,892,585.2013984579826
1808,1.105510950088501,4,892,585.2013984579826
1809,1.1054928302764893,4,892,585.2013984579826
1810,1.1054675579071045,4,892,585.2013984579826
1811,1.105448842048645,4,892,585.2013984579826
1812,1.1054251194000244,4,892,585.2013984579826
1813,1.1054128408432007,4,892,585.2013984579826
1814,1.1053866147994995,4,892,585.2013984579826
1815,1.1053669452667236,4,892,585.2013984579826
1816,1.1053410768508911,4,892,585.2013984579826
1817,1.105324149131775,4,892,585.2013984579826
1818,1.1053000688552856,4,892,585.2013984579826
1819,1.105285882949829,4,892,585.2013984579826
1820,1.1052632331848145,4,892,585.2013984579826
1821,1.1052427291870117,4,892,585.2013984579826
1822,1.1052186489105225,4,892,585.2013984579826
1823,1.105201244354248,4,892,585.2013984579826
1824,1.1051805019378662,4,892,585.2013984579826
1825,1.1051639318466187,4,892,585.2013984579826
1826,1.1051406860351562,4,892,585.2013984579826
1827,1.1051195859909058,4,892,585.2013984579826
1828,1.1050993204116821,4,892,585.2013984579826
1829,1.1050835847854614,4,892,585.2013984579826
1830,1.105065941810608,4,892,585.2013984579826
1831,1.105039358139038,4,892,585.2013984579826
1832,1.1050219535827637,4,892,585.2013984579826
1833,1.105003833770752,4,892,585.2013984579826
1834,1.1049857139587402,4,892,585.2013984579826
1835,1.1049590110778809,4,892,585.2013984579826
1836,1.1049423217773438,4,892,585.2013984579826
1837,1.104922890663147,4,892,585.2013984579826
1838,1.104902982711792,4,892,585.2013984579826
1839,1.1048836708068848,4,892,585.2013984579826
1840,1.104861855506897,4,892,585.2013984579826
1841,1.1048469543457031,4,892,585.2013984579826
1842,1.1048264503479004,4,892,585.2013984579826
1843,1.1048020124435425,4,892,585.2013984579826
1844,1.104779601097107,4,892,585.2013984579826
1845,1.1047656536102295,4,892,585.2013984579826
1846,1.1047475337982178,4,892,585.2013984579826
1847,1.104727029800415,4,892,585.2013984579826
1848,1.1047084331512451,4,892,585.2013984579826
1849,1.104683756828308,4,892,585.2013984579826
1850,1.1046708822250366,4,892,585.2013984579826
1851,1.1046470403671265,4,892,585.2013984579826
1852,1.10462486743927,4,892,585.2013984579826
1853,1.1046069860458374,4,892,585.2013984579826
1854,1.104588270187378,4,892,585.2013984579826
1855,1.1045669317245483,4,892,585.2013984579826
1856,1.1045513153076172,4,892,585.2013984579826
1857,1.1045314073562622,4,892,585.2013984579826
1858,1.1045109033584595,4,892,585.2013984579826
1859,1.1044902801513672,4,892,585.2013984579826
1860,1.1044689416885376,4,892,585.2013984579826
1861,1.1044517755508423,4,892,585.2013984579826
1862,1.104435920715332,4,892,585.2013984579826
1863,1.1044120788574219,4,892,585.2013984579826
1864,1.1044002771377563,4,892,585.2013984579826
1865,1.1043776273727417,4,892,585.2013984579826
1866,1.104358196258545,4,892,585.2013984579826
1867,1.104333519935608,4,892,585.2013984579826
1868,1.1043187379837036,4,892,585.2013984579826
1869,1.1042954921722412,4,892,585.2013984579826
1870,1.1042795181274414,4,892,585.2013984579826
1871,1.1042569875717163,4,892,585.2013984579826
1872,1.104237675666809,4,892,585.2013984579826
1873,1.1042183637619019,4,892,585.2013984579826
1874,1.1041942834854126,4,892,585.2013984579826
1875,1.1041805744171143,4,892,585.2013984579826
1876,1.1041598320007324,4,892,585.2013984579826
1877,1.1041396856307983,4,892,585.2013984579826
1878,1.1041209697723389,4,892,585.2013984579826
1879,1.1041011810302734,4,892,585.2013984579826
1880,1.1040849685668945,4,892,585.2013984579826
1881,1.1040616035461426,4,892,585.2013984579826
1882,1.1040440797805786,4,892,585.2013984579826
1883,1.1040220260620117,4,892,585.2013984579826
1884,1.1040105819702148,4,892,585.2013984579826
1885,1.1039881706237793,4,892,585.2013984579826
1886,1.1039700508117676,4,892,585.2013984579826
1887,1.1039512157440186,4,892,585.2013984579826
1888,1.1039316654205322,4,892,585.2013984579826
1889,1.1039131879806519,4,892,585.2013984579826
1890,1.1038901805877686,4,892,585.2013984579826
1891,1.103873610496521,4,892,585.2013984579826
1892,1.1038587093353271,4,892,585.2013984579826
1893,1.103837251663208,4,892,585.2013984579826
1894,1.103819727897644,4,892,585.2013984579826
1895,1.1037997007369995,4,892,585.2013984579826
1896,1.1037803888320923,4,892,585.2013984579826
1897,1.1037603616714478,4,892,585.2013984579826
1898,1.1037402153015137,4,892,585.2013984579826
1899,1.103724479675293,4,892,585.2013984579826
1900,1.1037086248397827,4,892,585.2013984579826
1901,1.1036888360977173,4,892,585.2013984579826
1902,1.1036736965179443,4,892,585.2013984579826
1903,1.1036521196365356,4,892,585.2013984579826
1904,1.103630542755127,4,892,585.2013984579826
1905,1.1036148071289062,4,892,585.2013984579826
1906,1.1035964488983154,4,892,585.2013984579826
1907,1.103576898574829,4,892,585.2013984579826
1908,1.1035617589950562,4,892,585.2013984579826
1909,1.1035363674163818,4,892,585.2013984579826
1910,1.103520154953003,4,892,585.2013984579826
1911,1.1035000085830688,4,892,585.2013984579826
1912,1.1034786701202393,4,892,585.2013984579826
1913,1.1034636497497559,4,892,585.2013984579826
1914,1.1034438610076904,4,892,585.2013984579826
1915,1.1034271717071533,4,892,585.2013984579826
1916,1.1034085750579834,4,892,585.2013984579826
1917,1.1033906936645508,4,892,585.2013984579826
1918,1.1033676862716675,4,892,585.2013984579826
1919,1.10335111618042,4,892,585.2013984579826
1920,1.1033354997634888,4,892,585.2013984579826
1921,1.1033146381378174,4,892,585.2013984579826
1922,1.1032955646514893,4,892,585.2013984579826
1923,1.1032787561416626,4,892,585.2013984579826
1924,1.1032543182373047,4,892,585.2013984579826
1925,1.1032352447509766,4,892,585.2013984579826
1926,1.1032239198684692,4,892,585.2013984579826
1927,1.1032028198242188,4,892,585.2013984579826
1928,1.1031876802444458,4,892,585.2013984579826
1929,1.1031675338745117,4,892,585.2013984579826
1930,1.1031484603881836,4,892,585.2013984579826
1931,1.103137493133545,4,892,585.2013984579826
1932,1.1031099557876587,4,892,585.2013984579826
1933,1.1030941009521484,4,892,585.2013984579826
1934,1.103078007698059,4,892,585.2013984579826
1935,1.1030608415603638,4,892,585.2013984579826
1936,1.1030393838882446,4,892,585.2013984579826
1937,1.1030168533325195,4,892,585.2013984579826
1938,1.1029996871948242,4,892,585.2013984579826
1939,1.1029832363128662,4,892,585.2013984579826
1940,1.1029679775238037,4,892,585.2013984579826
1941,1.1029434204101562,4,892,585.2013984579826
1942,1.1029285192489624,4,892,585.2013984579826
1943,1.102912187576294,4,892,585.2013984579826
1944,1.1028932332992554,4,892,585.2013984579826
1945,1.1028777360916138,4,892,585.2013984579826
1946,1.1028603315353394,4,892,585.2013984579826
1947,1.102838158607483,4,892,585.2013984579826
1948,1.102819800376892,4,892,585.2013984579826
1949,1.1028027534484863,4,892,585.2013984579826
1950,1.1027852296829224,4,892,585.2013984579826
1951,1.1027671098709106,4,892,585.2013984579826
1952,1.1027501821517944,4,892,585.2013984579826
1953,1.1027261018753052,4,892,585.2013984579826
1954,1.1027055978775024,4,892,585.2013984579826
1955,1.1026936769485474,4,892,585.2013984579826
1956,1.1026735305786133,4,892,585.2013984579826
1957,1.102662205696106,4,892,585.2013984579826
1958,1.1026358604431152,4,892,585.2013984579826
1959,1.1026197671890259,4,892,585.2013984579826
1960,1.1026016473770142,4,892,585.2013984579826
1961,1.1025822162628174,4,892,585.2013984579826
1962,1.1025663614273071,4,892,585.2013984579826
1963,1.102551817893982,4,892,585.2013984579826
1964,1.1025307178497314,4,892,585.2013984579826
1965,1.1025173664093018,4,892,585.2013984579826
1966,1.1024937629699707,4,892,585.2013984579826
1967,1.102473497390747,4,892,585.2013984579826
1968,1.1024584770202637,4,892,585.2013984579826
1969,1.1024399995803833,4,892,585.2013984579826
1970,1.1024240255355835,4,892,585.2013984579826
1971,1.102399468421936,4,892,585.2013984579826
1972,1.1023896932601929,4,892,585.2013984579826
1973,1.102370262145996,4,892,585.2013984579826
1974,1.1023517847061157,4,892,585.2013984579826
1975,1.1023378372192383,4,892,585.2013984579826
1976,1.1023142337799072,4,892,585.2013984579826
1977,1.1022956371307373,4,892,585.2013984579826
1978,1.102281093597412,4,892,585.2013984579826
1979,1.1022642850875854,4,892,585.2013984579826
1980,1.1022452116012573,4,892,585.2013984579826
1981,1.102228045463562,4,892,585.2013984579826
1982,1.1022082567214966,4,892,585.2013984579826
1983,1.1021873950958252,4,892,585.2013984579826
1984,1.102169394493103,4,892,585.2013984579826
1985,1.102157711982727,4,892,585.2013984579826
1986,1.102138638496399,4,892,585.2013984579826
1987,1.10212242603302,4,892,585.2013984579826
1988,1.1021034717559814,4,892,585.2013984579826
1989,1.1020874977111816,4,892,585.2013984579826
1990,1.1020655632019043,4,892,585.2013984579826
1991,1.1020522117614746,4,892,585.2013984579826
1992,1.1020358800888062,4,892,585.2013984579826
1993,1.102012276649475,4,892,585.2013984579826
1994,1.1019991636276245,4,892,585.2013984579826
1995,1.101978063583374,4,892,585.2013984579826
1996,1.1019622087478638,4,892,585.2013984579826
1997,1.1019482612609863,4,892,585.2013984579826
1998,1.101930022239685,4,892,585.2013984579826
1999,1.1019119024276733,4,892,585.2013984579826
2000,1.1018905639648438,4,892,585.2013984579826
2001,1.101873517036438,4,892,585.2013984579826
2002,1.1018610000610352,4,892,585.2013984579826
2003,1.1018418073654175,4,892,585.2013984579826
2004,1.101820707321167,4,892,585.2013984579826
2005,1.1018054485321045,4,892,585.2013984579826
2006,1.1017897129058838,4,892,585.2013984579826
2007,1.1017706394195557,4,892,585.2013984579826
2008,1.101757526397705,4,892,585.2013984579826
2009,1.1017370223999023,4,892,585.2013984579826
2010,1.101711392402649,4,892,585.2013984579826
2011,1.1016950607299805,4,892,585.2013984579826
2012,1.101682186126709,4,892,585.2013984579826
2013,1.1016614437103271,4,892,585.2013984579826
2014,1.101643443107605,4,892,585.2013984579826
2015,1.1016240119934082,4,892,585.2013984579826
2016,1.1016162633895874,4,892,585.2013984579826
2017,1.1015982627868652,4,892,585.2013984579826
2018,1.101578950881958,4,892,585.2013984579826
2019,1.1015604734420776,4,892,585.2013984579826
2020,1.1015448570251465,4,892,585.2013984579826
2021,1.1015273332595825,4,892,585.2013984579826
2022,1.101510763168335,4,892,585.2013984579826
2023,1.1014920473098755,4,892,585.2013984579826
2024,1.101470708847046,4,892,585.2013984579826
2025,1.1014569997787476,4,892,585.2013984579826
2026,1.1014395952224731,4,892,585.2013984579826
2027,1.1014190912246704,4,892,585.2013984579826
2028,1.1013996601104736,4,892,585.2013984579826
2029,1.1013872623443604,4,892,585.2013984579826
2030,1.1013743877410889,4,892,585.2013984579826
2031,1.1013507843017578,4,892,585.2013984579826
2032,1.1013351678848267,4,892,585.2013984579826
2033,1.1013188362121582,4,892,585.2013984579826
2034,1.1013048887252808,4,892,585.2013984579826
2035,1.101287603378296,4,892,585.2013984579826
2036,1.10126531124115,4,892,585.2013984579826
2037,1.1012519598007202,4,892,585.2013984579826
2038,1.1012368202209473,4,892,585.2013984579826
2039,1.10121488571167,4,892,585.2013984579826
2040,1.1012015342712402,4,892,585.2013984579826
2041,1.1011797189712524,4,892,585.2013984579826
2042,1.1011695861816406,4,892,585.2013984579826
2043,1.1011528968811035,4,892,585.2013984579826
2044,1.1011302471160889,4,892,585.2013984579826
2045,1.1011158227920532,4,892,585.2013984579826
2046,1.1010953187942505,4,892,585.2013984579826
2047,1.1010817289352417,4,892,585.2013984579826
2048,1.1010667085647583,4,892,585.2013984579826
2049,1.101047396659851,4,892,585.2013984579826
2050,1.1010358333587646,4,892,585.2013984579826
2051,1.101015329360962,4,892,585.2013984579826
2052,1.1010003089904785,4,892,585.2013984579826
2053,1.1009840965270996,4,892,585.2013984579826
2054,1.1009674072265625,4,892,585.2013984579826
2055,1.100947380065918,4,892,585.2013984579826
2056,1.100925087928772,4,892,585.2013984579826
2057,1.1009081602096558,4,892,585.2013984579826
2058,1.100898027420044,4,892,585.2013984579826
2059,1.1008808612823486,4,892,585.2013984579826
2060,1.1008628606796265,4,892,585.2013984579826
2061,1.1008464097976685,4,892,585.2013984579826
2062,1.1008296012878418,4,892,585.2013984579826
2063,1.100809097290039,4,892,585.2013984579826
2064,1.1007981300354004,4,892,585.2013984579826
2065,1.1007757186889648,4,892,585.2013984579826
2066,1.1007646322250366,4,892,585.2013984579826
2067,1.1007466316223145,4,892,585.2013984579826
2068,1.1007267236709595,4,892,585.2013984579826
2069,1.1007097959518433,4,892,585.2013984579826
2070,1.1006970405578613,4,892,585.2013984579826
2071,1.1006758213043213,4,892,585.2013984579826
2072,1.1006602048873901,4,892,585.2013984579826
2073,1.1006455421447754,4,892,585.2013984579826
2074,1.100630521774292,4,892,585.2013984579826
2075,1.100614070892334,4,892,585.2013984579826
2076,1.1005916595458984,4,892,585.2013984579826
2077,1.1005805730819702,4,892,585.2013984579826
2078,1.1005607843399048,4,892,585.2013984579826
2079,1.100548505783081,4,892,585.2013984579826
2080,1.1005301475524902,4,892,585.2013984579826
2081,1.1005140542984009,4,892,585.2013984579826
2082,1.1005042791366577,4,892,585.2013984579826
2083,1.1004819869995117,4,892,585.2013984579826
2084,1.1004661321640015,4,892,585.2013984579826
2085,1.1004481315612793,4,892,585.2013984579826
2086,1.1004374027252197,4,892,585.2013984579826
2087,1.1004163026809692,4,892,585.2013984579826
2088,1.1004023551940918,4,892,585.2013984579826
2089,1.1003855466842651,4,892,585.2013984579826
2090,1.1003719568252563,4,892,585.2013984579826
2091,1.1003496646881104,4,892,585.2013984579826
2092,1.1003369092941284,4,892,585.2013984579826
2093,1.1003215312957764,4,892,585.2013984579826
2094,1.1003026962280273,4,892,585.2013984579826
2095,1.1002839803695679,4,892,585.2013984579826
2096,1.1002670526504517,4,892,585.2013984579826
2097,1.1002529859542847,4,892,585.2013984579826
2098,1.1002368927001953,4,892,585.2013984579826
2099,1.1002250909805298,4,892,585.2013984579826
2100,1.100201964378357,4,892,585.2013984579826
2101,1.1543530225753784,8,892,585.2013984579826
2102,1.1065541505813599,8,892,585.2013984579826
2103,1.1206417083740234,8,892,585.2013984579826
2104,1.128348469734192,8,892,585.2013984579826
2105,1.1328879594802856,8,892,585.2013984579826
2106,1.135703682899475,8,892,585.2013984579826
2107,1.137495756149292,8,892,585.2013984579826
2108,1.1386555433273315,8,892,585.2013984579826
2109,1.139374017715454,8,892,585.2013984579826
2110,1.139794111251831,8,892,585.2013984579826
2111,1.1399832963943481,8,892,585.2013984579826
2112,1.1399708986282349,8,892,585.2013984579826
2113,1.1398085355758667,8,892,585.2013984579826
2114,1.1394861936569214,8,892,585.2013984579826
2115,1.139014720916748,8,892,585.2013984579826
2116,1.1383781433105469,8,892,585.2013984579826
2117,1.1375547647476196,8,892,585.2013984579826
2118,1.1365115642547607,8,892,585.2013984579826
2119,1.1351960897445679,8,892,585.2013984579826
2120,1.1335434913635254,8,892,585.2013984579826
2121,1.1314343214035034,8,892,585.2013984579826
2122,1.1286975145339966,8,892,585.2013984579826
2123,1.1250944137573242,8,892,585.2013984579826
2124,1.120192527770996,8,892,585.2013984579826
2125,1.113334059715271,8,892,585.2013984579826
2126,1.1032806634902954,8,892,585.2013984579826
2127,1.1052542924880981,8,892,585.2013984579826
2128,1.095868706703186,8,892,585.2013984579826
2129,1.0985355377197266,8,892,585.2013984579826
2130,1.097199559211731,8,892,585.2013984579826
2131,1.0920008420944214,8,892,585.2013984579826
2132,1.1306114196777344,8,892,585.2013984579826
2133,1.0960032939910889,8,892,585.2013984579826
2134,1.1031923294067383,8,892,585.2013984579826
2135,1.106359601020813,8,892,585.2013984579826
2136,1.1067460775375366,8,892,585.2013984579826
2137,1.1047022342681885,8,892,585.2013984579826
2138,1.1000829935073853,8,892,585.2013984579826
2139,1.092136263847351,8,892,585.2013984579826
2140,1.1409599781036377,8,892,585.2013984579826
2141,1.0907727479934692,8,892,585.2013984579826
2142,1.0960779190063477,8,892,585.2013984579826
2143,1.0973055362701416,8,892,585.2013984579826
2144,1.0952101945877075,8,892,585.2013984579826
2145,1.094435214996338,8,892,585.2013984579826
2146,1.1007360219955444,8,892,585.2013984579826
2147,1.1067078113555908,8,892,585.2013984579826
2148,1.1095904111862183,8,892,585.2013984579826
2149,1.110302448272705,8,892,585.2013984579826
2150,1.1092532873153687,8,892,585.2013984579826
2151,1.1063978672027588,8,892,585.2013984579826
2152,1.1014397144317627,8,892,585.2013984579826
2153,1.0936803817749023,8,892,585.2013984579826
2154,1.1280227899551392,8,892,585.2013984579826
2155,1.0904855728149414,8,892,585.2013984579826
2156,1.0941104888916016,8,892,585.2013984579826
2157,1.0941003561019897,8,892,585.2013984579826
2158,1.0908321142196655,8,892,585.2013984579826
2159,1.1179230213165283,8,892,585.2013984579826
2160,1.0951297283172607,8,892,585.2013984579826
2161,1.1010019779205322,8,892,585.2013984579826
2162,1.1036090850830078,8,892,585.2013984579826
2163,1.1037698984146118,8,892,585.2013984579826
2164,1.1018061637878418,8,892,585.2013984579826
2165,1.0975899696350098,8,892,585.2013984579826
2166,1.0905641317367554,8,892,585.2013984579826
2167,1.1360734701156616,8,892,585.2013984579826
2168,1.096153974533081,8,892,585.2013984579826
2169,1.107476830482483,8,892,585.2013984579826
2170,1.1181087493896484,8,892,585.2013984579826
2171,1.1245301961898804,8,892,585.2013984579826
2172,1.1286137104034424,8,892,585.2013984579826
2173,1.131326675415039,8,892,585.2013984579826
2174,1.1331685781478882,8,892,585.2013984579826
2175,1.1344321966171265,8,892,585.2013984579826
2176,1.1353195905685425,8,892,585.2013984579826
2177,1.1359211206436157,8,892,585.2013984579826
2178,1.136314868927002,8,892,585.2013984579826
2179,1.1365450620651245,8,892,585.2013984579826
2180,1.1366451978683472,8,892,585.2013984579826
2181,1.1366444826126099,8,892,585.2013984579826
2182,1.1365370750427246,8,892,585.2013984579826
2183,1.1363368034362793,8,892,585.2013984579826
2184,1.1360650062561035,8,892,585.2013984579826
2185,1.13570237159729,8,892,585.2013984579826
2186,1.135250449180603,8,892,585.2013984579826
2187,1.1347066164016724,8,892,585.2013984579826
2188,1.134049654006958,8,892,585.2013984579826
2189,1.1332793235778809,8,892,585.2013984579826
2190,1.1323678493499756,8,892,585.2013984579826
2191,1.1312978267669678,8,892,585.2013984579826
2192,1.1300195455551147,8,892,585.2013984579826
2193,1.1284877061843872,8,892,585.2013984579826
2194,1.126645803451538,8,892,585.2013984579826
2195,1.1244100332260132,8,892,585.2013984579826
2196,1.121634840965271,8,892,585.2013984579826
2197,1.1181665658950806,8,892,585.2013984579826
2198,1.113721489906311,8,892,585.2013984579826
2199,1.1078977584838867,8,892,585.2013984579826
2200,1.1000953912734985,8,892,585.2013984579826
2201,1.0892316102981567,8,892,585.2013984579826
2202,1.155053734779358,8,892,585.2013984579826
2203,1.1290483474731445,8,892,585.2013984579826
2204,1.0988140106201172,8,892,585.2013984579826
2205,1.1098780632019043,8,892,585.2013984579826
2206,1.116587519645691,8,892,585.2013984579826
2207,1.1208351850509644,8,892,585.2013984579826
2208,1.1235860586166382,8,892,585.2013984579826
2209,1.1253727674484253,8,892,585.2013984579826
2210,1.1264780759811401,8,892,585.2013984579826
2211,1.1270867586135864,8,892,585.2013984579826
2212,1.127316951751709,8,892,585.2013984579826
2213,1.1272166967391968,8,892,585.2013984579826
2214,1.1268255710601807,8,892,585.2013984579826
2215,1.1261403560638428,8,892,585.2013984579826
2216,1.1251542568206787,8,892,585.2013984579826
2217,1.1238305568695068,8,892,585.2013984579826
2218,1.122106909751892,8,892,585.2013984579826
2219,1.1199023723602295,8,892,585.2013984579826
2220,1.117085576057434,8,892,585.2013984579826
2221,1.1134614944458008,8,892,585.2013984579826
2222,1.1087554693222046,8,892,585.2013984579826
2223,1.1025148630142212,8,892,585.2013984579826
2224,1.094059944152832,8,892,585.2013984579826
2225,1.1138476133346558,8,892,585.2013984579826
2226,1.097832441329956,8,892,585.2013984579826
2227,1.100292682647705,8,892,585.2013984579826
2228,1.1088409423828125,8,892,585.2013984579826
2229,1.1141031980514526,8,892,585.2013984579826
2230,1.1174081563949585,8,892,585.2013984579826
2231,1.1194486618041992,8,892,585.2013984579826
2232,1.1205905675888062,8,892,585.2013984579826
2233,1.1210685968399048,8,892,585.2013984579826
2234,1.1210001707077026,8,892,585.2013984579826
2235,1.1204414367675781,8,892,585.2013984579826
2236,1.1194307804107666,8,892,585.2013984579826
2237,1.1179066896438599,8,892,585.2013984579826
2238,1.1158486604690552,8,892,585.2013984579826
2239,1.1131435632705688,8,892,585.2013984579826
2240,1.1096183061599731,8,892,585.2013984579826
2241,1.1049683094024658,8,892,585.2013984579826
2242,1.098750352859497,8,892,585.2013984579826
2243,1.09014093875885,8,892,585.2013984579826
2244,1.1394654512405396,8,892,585.2013984579826
2245,1.106342077255249,8,892,585.2013984579826
2246,1.0994328260421753,8,892,585.2013984579826
2247,1.1088076829910278,8,892,585.2013984579826
2248,1.1147143840789795,8,892,585.2013984579826
2249,1.1184773445129395,8,892,585.2013984579826
2250,1.120879054069519,8,892,585.2013984579826
2251,1.1223489046096802,8,892,585.2013984579826
2252,1.1232064962387085,8,892,585.2013984579826
2253,1.1235796213150024,8,892,585.2013984579826
2254,1.1235630512237549,8,892,585.2013984579826
2255,1.123201608657837,8,892,585.2013984579826
2256,1.1225109100341797,8,892,585.2013984579826
2257,1.1214839220046997,8,892,585.2013984579826
2258,1.1200777292251587,8,892,585.2013984579826
2259,1.118240475654602,8,892,585.2013984579826
2260,1.1158767938613892,8,892,585.2013984579826
2261,1.1128411293029785,8,892,585.2013984579826
2262,1.1089375019073486,8,892,585.2013984579826
2263,1.103859543800354,8,892,585.2013984579826
2264,1.0970954895019531,8,892,585.2013984579826
2265,1.0879607200622559,8,892,585.2013984579826
2266,1.143370270729065,8,892,585.2013984579826
2267,1.1255241632461548,8,892,585.2013984579826
2268,1.0950191020965576,8,892,585.2013984579826
2269,1.1044005155563354,8,892,585.2013984579826
2270,1.1102023124694824,8,892,585.2013984579826
2271,1.1138696670532227,8,892,585.2013984579826
2272,1.1161595582962036,8,892,585.2013984579826
2273,1.1175096035003662,8,892,585.2013984579826
2274,1.118139624595642,8,892,585.2013984579826
2275,1.1182106733322144,8,892,585.2013984579826
2276,1.117775797843933,8,892,585.2013984579826
2277,1.1168572902679443,8,892,585.2013984579826
2278,1.115438461303711,8,892,585.2013984579826
2279,1.1134607791900635,8,892,585.2013984579826
2280,1.110801339149475,8,892,585.2013984579826
2281,1.1072967052459717,8,892,585.2013984579826
2282,1.1026736497879028,8,892,585.2013984579826
2283,1.096513032913208,8,892,585.2013984579826
2284,1.088197946548462,8,892,585.2013984579826
2285,1.134338617324829,8,892,585.2013984579826
2286,1.117983102798462,8,892,585.2013984579826
2287,1.0948829650878906,8,892,585.2013984579826
2288,1.1035690307617188,8,892,585.2013984579826
2289,1.108993649482727,8,892,585.2013984579826
2290,1.1124097108840942,8,892,585.2013984579826
2291,1.1145213842391968,8,892,585.2013984579826
2292,1.115715742111206,8,892,585.2013984579826
2293,1.116213083267212,8,892,585.2013984579826
2294,1.1161394119262695,8,892,585.2013984579826
2295,1.1155421733856201,8,892,585.2013984579826
2296,1.114438533782959,8,892,585.2013984579826
2297,1.1127846240997314,8,892,585.2013984579826
2298,1.1105120182037354,8,892,585.2013984579826
2299,1.107468605041504,8,892,585.2013984579826
2300,1.103470802307129,8,892,585.2013984579826
2301,1.0981820821762085,8,892,585.2013984579826
2302,1.0911049842834473,8,892,585.2013984579826
2303,1.1110074520111084,8,892,585.2013984579826
2304,1.0983744859695435,8,892,585.2013984579826
2305,1.0963605642318726,8,892,585.2013984579826
2306,1.1037085056304932,8,892,585.2013984579826
2307,1.1083219051361084,8,892,585.2013984579826
2308,1.1112028360366821,8,892,585.2013984579826
2309,1.1129311323165894,8,892,585.2013984579826
2310,1.1137961149215698,8,892,585.2013984579826
2311,1.1139906644821167,8,892,585.2013984579826
2312,1.1136000156402588,8,892,585.2013984579826
2313,1.1126610040664673,8,892,585.2013984579826
2314,1.1111581325531006,8,892,585.2013984579826
2315,1.1090160608291626,8,892,585.2013984579826
2316,1.1061242818832397,8,892,585.2013984579826
2317,1.102296233177185,8,892,585.2013984579826
2318,1.0972144603729248,8,892,585.2013984579826
2319,1.0904209613800049,8,892,585.2013984579826
2320,1.1097779273986816,8,892,585.2013984579826
2321,1.0977200269699097,8,892,585.2013984579826
2322,1.0954997539520264,8,892,585.2013984579826
2323,1.1025882959365845,8,892,585.2013984579826
2324,1.1070501804351807,8,892,585.2013984579826
2325,1.1098262071609497,8,892,585.2013984579826
2326,1.1114628314971924,8,892,585.2013984579826
2327,1.11226487159729,8,892,585.2013984579826
2328,1.1123846769332886,8,892,585.2013984579826
2329,1.111930251121521,8,892,585.2013984579826
2330,1.1109070777893066,8,892,585.2013984579826
2331,1.109296202659607,8,892,585.2013984579826
2332,1.1070399284362793,8,892,585.2013984579826
2333,1.1039899587631226,8,892,585.2013984579826
2334,1.0999727249145508,8,892,585.2013984579826
2335,1.0946457386016846,8,892,585.2013984579826
2336,1.0875160694122314,8,892,585.2013984579826
2337,1.1219828128814697,8,892,585.2013984579826
2338,1.1093616485595703,8,892,585.2013984579826
2339,1.0928044319152832,8,892,585.2013984579826
2340,1.1002291440963745,8,892,585.2013984579826
2341,1.104882001876831,8,892,585.2013984579826
2342,1.1077715158462524,8,892,585.2013984579826
2343,1.1094897985458374,8,892,585.2013984579826
2344,1.1103242635726929,8,892,585.2013984579826
2345,1.11045503616333,8,892,585.2013984579826
2346,1.1099886894226074,8,892,585.2013984579826
2347,1.1089403629302979,8,892,585.2013984579826
2348,1.1072980165481567,8,892,585.2013984579826
2349,1.1049866676330566,8,892,585.2013984579826
2350,1.1018623113632202,8,892,585.2013984579826
2351,1.0977363586425781,8,892,585.2013984579826
2352,1.0922889709472656,8,892,585.2013984579826
2353,1.0880062580108643,8,892,585.2013984579826
2354,1.0869944095611572,8,892,585.2013984579826
2355,1.0868877172470093,8,892,585.2013984579826
2356,1.0882081985473633,8,892,585.2013984579826
2357,1.0914422273635864,8,892,585.2013984579826
2358,1.0952857732772827,8,892,585.2013984579826
2359,1.0972158908843994,8,892,585.2013984579826
2360,1.0977067947387695,8,892,585.2013984579826
2361,1.0969654321670532,8,892,585.2013984579826
2362,1.0950736999511719,8,892,585.2013984579826
2363,1.0919240713119507,8,892,585.2013984579826
2364,1.0872650146484375,8,892,585.2013984579826
2365,1.1048401594161987,8,892,585.2013984579826
2366,1.0886635780334473,8,892,585.2013984579826
2367,1.0949643850326538,8,892,585.2013984579826
2368,1.1016182899475098,8,892,585.2013984579826
2369,1.105869174003601,8,892,585.2013984579826
2370,1.1086162328720093,8,892,585.2013984579826
2371,1.1103299856185913,8,892,585.2013984579826
2372,1.1113075017929077,8,892,585.2013984579826
2373,1.1117048263549805,8,892,585.2013984579826
2374,1.111621618270874,8,892,585.2013984579826
2375,1.1111217737197876,8,892,585.2013984579826
2376,1.110201358795166,8,892,585.2013984579826
2377,1.1088510751724243,8,892,585.2013984579826
2378,1.1070377826690674,8,892,585.2013984579826
2379,1.1046690940856934,8,892,585.2013984579826
2380,1.1016167402267456,8,892,585.2013984579826
2381,1.0977258682250977,8,892,585.2013984579826
2382,1.0927149057388306,8,892,585.2013984579826
2383,1.086184024810791,8,892,585.2013984579826
2384,1.1149429082870483,8,892,585.2013984579826
2385,1.1064584255218506,8,892,585.2013984579826
2386,1.0895583629608154,8,892,585.2013984579826
2387,1.0958669185638428,8,892,585.2013984579826
2388,1.0997908115386963,8,892,585.2013984579826
2389,1.102155327796936,8,892,585.2013984579826
2390,1.1034380197525024,8,892,585.2013984579826
2391,1.1038603782653809,8,892,585.2013984579826
2392,1.1035655736923218,8,892,585.2013984579826
2393,1.1026281118392944,8,892,585.2013984579826
2394,1.1010208129882812,8,892,585.2013984579826
2395,1.0986918210983276,8,892,585.2013984579826
2396,1.0955042839050293,8,892,585.2013984579826
2397,1.0912481546401978,8,892,585.2013984579826
2398,1.0856174230575562,8,892,585.2013984579826
2399,1.1096338033676147,8,892,585.2013984579826
2400,1.0998185873031616,8,892,585.2013984579826
2401,1.0899088382720947,8,892,585.2013984579826
2402,1.0959287881851196,8,892,585.2013984579826
2403,1.0997419357299805,8,892,585.2013984579826
2404,1.1020807027816772,8,892,585.2013984579826
2405,1.103394865989685,8,892,585.2013984579826
2406,1.1039175987243652,8,892,585.2013984579826
2407,1.1037811040878296,8,892,585.2013984579826
2408,1.1030528545379639,8,892,585.2013984579826
2409,1.101733922958374,8,892,585.2013984579826
2410,1.0997798442840576,8,892,585.2013984579826
2411,1.0971271991729736,8,892,585.2013984579826
2412,1.093591332435608,8,892,585.2013984579826
2413,1.0889416933059692,8,892,585.2013984579826
2414,1.0864559412002563,8,892,585.2013984579826
2415,1.084441065788269,8,892,585.2013984579826
2416,1.084293007850647,8,892,585.2013984579826
2417,1.0872657299041748,8,892,585.2013984579826
2418,1.0880646705627441,8,892,585.2013984579826
2419,1.0912703275680542,8,892,585.2013984579826
2420,1.0928541421890259,8,892,585.2013984579826
2421,1.0931756496429443,8,892,585.2013984579826
2422,1.0924168825149536,8,892,585.2013984579826
2423,1.0906059741973877,8,892,585.2013984579826
2424,1.0876394510269165,8,892,585.2013984579826
2425,1.083354115486145,8,892,585.2013984579826
2426,1.1084269285202026,8,892,585.2013984579826
2427,1.0948537588119507,8,892,585.2013984579826
2428,1.0899527072906494,8,892,585.2013984579826
2429,1.0959622859954834,8,892,585.2013984579826
2430,1.0998332500457764,8,892,585.2013984579826
2431,1.102304220199585,8,892,585.2013984579826
2432,1.1038105487823486,8,892,585.2013984579826
2433,1.1046005487442017,8,892,585.2013984579826
2434,1.1048043966293335,8,892,585.2013984579826
2435,1.1045217514038086,8,892,585.2013984579826
2436,1.1037778854370117,8,892,585.2013984579826
2437,1.1025689840316772,8,892,585.2013984579826
2438,1.1008797883987427,8,892,585.2013984579826
2439,1.0986090898513794,8,892,585.2013984579826
2440,1.095671534538269,8,892,585.2013984579826
2441,1.0918937921524048,8,892,585.2013984579826
2442,1.0870161056518555,8,892,585.2013984579826
2443,1.0913684368133545,8,892,585.2013984579826
2444,1.0857402086257935,8,892,585.2013984579826
2445,1.089335322380066,8,892,585.2013984579826
2446,1.0939964056015015,8,892,585.2013984579826
2447,1.096913456916809,8,892,585.2013984579826
2448,1.0986297130584717,8,892,585.2013984579826
2449,1.0994486808776855,8,892,585.2013984579826
2450,1.0995393991470337,8,892,585.2013984579826
2451,1.0990025997161865,8,892,585.2013984579826
2452,1.0978397130966187,8,892,585.2013984579826
2453,1.096059799194336,8,892,585.2013984579826
2454,1.093559741973877,8,892,585.2013984579826
2455,1.0902256965637207,8,892,585.2013984579826
2456,1.0858310461044312,8,892,585.2013984579826
2457,1.092024803161621,8,892,585.2013984579826
2458,1.084976077079773,8,892,585.2013984579826
2459,1.089010238647461,8,892,585.2013984579826
2460,1.0937031507492065,8,892,585.2013984579826
2461,1.0966688394546509,8,892,585.2013984579826
2462,1.0984724760055542,8,892,585.2013984579826
2463,1.099382758140564,8,892,585.2013984579826
2464,1.0996235609054565,8,892,585.2013984579826
2465,1.0992581844329834,8,892,585.2013984579826
2466,1.098341941833496,8,892,585.2013984579826
2467,1.0968624353408813,8,892,585.2013984579826
2468,1.094765067100525,8,892,585.2013984579826
2469,1.0919467210769653,8,892,585.2013984579826
2470,1.0882560014724731,8,892,585.2013984579826
2471,1.083455204963684,8,892,585.2013984579826
2472,1.10244619846344,8,892,585.2013984579826
2473,1.095776081085205,8,892,585.2013984579826
2474,1.0863596200942993,8,892,585.2013984579826
2475,1.0912235975265503,8,892,585.2013984579826
2476,1.094305157661438,8,892,585.2013984579826
2477,1.0961310863494873,8,892,585.2013984579826
2478,1.0970555543899536,8,892,585.2013984579826
2479,1.0972416400909424,8,892,585.2013984579826
2480,1.0967988967895508,8,892,585.2013984579826
2481,1.0957651138305664,8,892,585.2013984579826
2482,1.0941123962402344,8,892,585.2013984579826
2483,1.0917717218399048,8,892,585.2013984579826
2484,1.0886536836624146,8,892,585.2013984579826
2485,1.0845414400100708,8,892,585.2013984579826
2486,1.0918707847595215,8,892,585.2013984579826
2487,1.0853679180145264,8,892,585.2013984579826
2488,1.0874840021133423,8,892,585.2013984579826
2489,1.091891884803772,8,892,585.2013984579826
2490,1.0946906805038452,8,892,585.2013984579826
2491,1.0963648557662964,8,892,585.2013984579826
2492,1.0972068309783936,8,892,585.2013984579826
2493,1.0973899364471436,8,892,585.2013984579826
2494,1.0970020294189453,8,892,585.2013984579826
2495,1.096051573753357,8,892,585.2013984579826
2496,1.0945509672164917,8,892,585.2013984579826
2497,1.0924439430236816,8,892,585.2013984579826
2498,1.0896259546279907,8,892,585.2013984579826
2499,1.0859403610229492,8,892,585.2013984579826
2500,1.0814787149429321,8,892,585.2013984579826
2501,1.0823709964752197,8,892,585.2013984579826
2502,1.0822100639343262,8,892,585.2013984579826
2503,1.0827350616455078,8,892,585.2013984579826
2504,1.0850772857666016,8,892,585.2013984579826
2505,1.0875802040100098,8,892,585.2013984579826
2506,1.088784098625183,8,892,585.2013984579826
2507,1.088934063911438,8,892,585.2013984579826
2508,1.0882008075714111,8,892,585.2013984579826
2509,1.08657968044281,8,892,585.2013984579826
2510,1.0840317010879517,8,892,585.2013984579826
2511,1.0838104486465454,8,892,585.2013984579826
2512,1.08271324634552,8,892,585.2013984579826
2513,1.0835260152816772,8,892,585.2013984579826
2514,1.0831351280212402,8,892,585.2013984579826
2515,1.081587314605713,8,892,585.2013984579826
2516,1.0901930332183838,8,892,585.2013984579826
2517,1.082275629043579,8,892,585.2013984579826
2518,1.0840225219726562,8,892,585.2013984579826
2519,1.0844523906707764,8,892,585.2013984579826
2520,1.0837678909301758,8,892,585.2013984579826
2521,1.0819764137268066,8,892,585.2013984579826
2522,1.0888457298278809,8,892,585.2013984579826
2523,1.082215428352356,8,892,585.2013984579826
2524,1.0837366580963135,8,892,585.2013984579826
2525,1.0839711427688599,8,892,585.2013984579826
2526,1.0830960273742676,8,892,585.2013984579826
2527,1.0811283588409424,8,892,585.2013984579826
2528,1.093267798423767,8,892,585.2013984579826
2529,1.0811142921447754,8,892,585.2013984579826
2530,1.0825974941253662,8,892,585.2013984579826
2531,1.0827604532241821,8,892,585.2013984579826
2532,1.081744909286499,8,892,585.2013984579826
2533,1.085939645767212,8,892,585.2013984579826
2534,1.0831786394119263,8,892,585.2013984579826
2535,1.0851291418075562,8,892,585.2013984579826
2536,1.085811734199524,8,892,585.2013984579826
2537,1.0854448080062866,8,892,585.2013984579826
2538,1.084125280380249,8,892,585.2013984579826
2539,1.081782341003418,8,892,585.2013984579826
2540,1.0911428928375244,8,892,585.2013984579826
2541,1.0809916257858276,8,892,585.2013984579826
2542,1.0820918083190918,8,892,585.2013984579826
2543,1.0819268226623535,8,892,585.2013984579826
2544,1.0809886455535889,8,892,585.2013984579826
2545,1.0845751762390137,8,892,585.2013984579826
2546,1.0869048833847046,8,892,585.2013984579826
2547,1.0880141258239746,8,892,585.2013984579826
2548,1.0881447792053223,8,892,585.2013984579826
2549,1.0874074697494507,8,892,585.2013984579826
2550,1.0858442783355713,8,892,585.2013984579826
2551,1.0833704471588135,8,892,585.2013984579826
2552,1.083815574645996,8,892,585.2013984579826
2553,1.0820542573928833,8,892,585.2013984579826
2554,1.082819938659668,8,892,585.2013984579826
2555,1.0824105739593506,8,892,585.2013984579826
2556,1.0808954238891602,8,892,585.2013984579826
2557,1.090760350227356,8,892,585.2013984579826
2558,1.0815210342407227,8,892,585.2013984579826
2559,1.083199381828308,8,892,585.2013984579826
2560,1.0835931301116943,8,892,585.2013984579826
2561,1.082892894744873,8,892,585.2013984579826
2562,1.081130862236023,8,892,585.2013984579826
2563,1.0903942584991455,8,892,585.2013984579826
2564,1.0813134908676147,8,892,585.2013984579826
2565,1.082790493965149,8,892,585.2013984579826
2566,1.0830150842666626,8,892,585.2013984579826
2567,1.0821322202682495,8,892,585.2013984579826
2568,1.0818548202514648,8,892,585.2013984579826
2569,1.083572268486023,8,892,585.2013984579826
2570,1.0854318141937256,8,892,585.2013984579826
2571,1.0860952138900757,8,892,585.2013984579826
2572,1.0857727527618408,8,892,585.2013984579826
2573,1.084558129310608,8,892,585.2013984579826
2574,1.0823770761489868,8,892,585.2013984579826
2575,1.0859556198120117,8,892,585.2013984579826
2576,1.0816495418548584,8,892,585.2013984579826
2577,1.0826802253723145,8,892,585.2013984579826
2578,1.0825178623199463,8,892,585.2013984579826
2579,1.0812634229660034,8,892,585.2013984579826
2580,1.0868993997573853,8,892,585.2013984579826
2581,1.0821926593780518,8,892,585.2013984579826
2582,1.0839136838912964,8,892,585.2013984579826
2583,1.084405541419983,8,892,585.2013984579826
2584,1.0838712453842163,8,892,585.2013984579826
2585,1.082335114479065,8,892,585.2013984579826
2586,1.082902193069458,8,892,585.2013984579826
2587,1.082643985748291,8,892,585.2013984579826
2588,1.0840649604797363,8,892,585.2013984579826
2589,1.0843076705932617,8,892,585.2013984579826
2590,1.0835392475128174,8,892,585.2013984579826
2591,1.0817948579788208,8,892,585.2013984579826
2592,1.0861655473709106,8,892,585.2013984579826
2593,1.0817880630493164,8,892,585.2013984579826
2594,1.08311128616333,8,892,585.2013984579826
2595,1.0832425355911255,8,892,585.2013984579826
2596,1.082326054573059,8,892,585.2013984579826
2597,1.080359697341919,8,892,585.2013984579826
2598,1.0934369564056396,8,892,585.2013984579826
2599,1.080601453781128,8,892,585.2013984579826
2600,1.0872740745544434,8,892,585.2013984579826
2601,1.0919291973114014,8,892,585.2013984579826
2602,1.0950376987457275,8,892,585.2013984579826
2603,1.0971009731292725,8,892,585.2013984579826
2604,1.0984054803848267,8,892,585.2013984579826
2605,1.099143624305725,8,892,585.2013984579826
2606,1.0994377136230469,8,892,585.2013984579826
2607,1.0993386507034302,8,892,585.2013984579826
2608,1.0988863706588745,8,892,585.2013984579826
2609,1.0980950593948364,8,892,585.2013984579826
2610,1.096935510635376,8,892,585.2013984579826
2611,1.095401406288147,8,892,585.2013984579826
2612,1.0934292078018188,8,892,585.2013984579826
2613,1.0909104347229004,8,892,585.2013984579826
2614,1.0877702236175537,8,892,585.2013984579826
2615,1.0838114023208618,8,892,585.2013984579826
2616,1.0861711502075195,8,892,585.2013984579826
2617,1.0834394693374634,8,892,585.2013984579826
2618,1.084806203842163,8,892,585.2013984579826
2619,1.0882846117019653,8,892,585.2013984579826
2620,1.0904216766357422,8,892,585.2013984579826
2621,1.0915921926498413,8,892,585.2013984579826
2622,1.0920110940933228,8,892,585.2013984579826
2623,1.091770052909851,8,892,585.2013984579826
2624,1.0909298658370972,8,892,585.2013984579826
2625,1.0894889831542969,8,892,585.2013984579826
2626,1.087393045425415,8,892,585.2013984579826
2627,1.0845751762390137,8,892,585.2013984579826
2628,1.0808513164520264,8,892,585.2013984579826
2629,1.0976861715316772,8,892,585.2013984579826
2630,1.091935396194458,8,892,585.2013984579826
2631,1.083544373512268,8,892,585.2013984579826
2632,1.087591290473938,8,892,585.2013984579826
2633,1.0901474952697754,8,892,585.2013984579826
2634,1.091662883758545,8,892,585.2013984579826
2635,1.0923969745635986,8,892,585.2013984579826
2636,1.092466950416565,8,892,585.2013984579826
2637,1.0919686555862427,8,892,585.2013984579826
2638,1.0909295082092285,8,892,585.2013984579826
2639,1.0893298387527466,8,892,585.2013984579826
2640,1.0871366262435913,8,892,585.2013984579826
2641,1.0842334032058716,8,892,585.2013984579826
2642,1.0804929733276367,8,892,585.2013984579826
2643,1.0975618362426758,8,892,585.2013984579826
2644,1.0926791429519653,8,892,585.2013984579826
2645,1.0826274156570435,8,892,585.2013984579826
2646,1.0863816738128662,8,892,585.2013984579826
2647,1.0887433290481567,8,892,585.2013984579826
2648,1.0901238918304443,8,892,585.2013984579826
2649,1.0907378196716309,8,892,585.2013984579826
2650,1.0907336473464966,8,892,585.2013984579826
2651,1.0901768207550049,8,892,585.2013984579826
2652,1.0890905857086182,8,892,585.2013984579826
2653,1.087458610534668,8,892,585.2013984579826
2654,1.0852265357971191,8,892,585.2013984579826
2655,1.0822793245315552,8,892,585.2013984579826
2656,1.0834158658981323,8,892,585.2013984579826
2657,1.0795323848724365,8,892,585.2013984579826
2658,1.0794706344604492,8,892,585.2013984579826
2659,1.0834197998046875,8,892,585.2013984579826
2660,1.0818835496902466,8,892,585.2013984579826
2661,1.083947777748108,8,892,585.2013984579826
2662,1.084932565689087,8,892,585.2013984579826
2663,1.0850615501403809,8,892,585.2013984579826
2664,1.0844296216964722,8,892,585.2013984579826
2665,1.083074927330017,8,892,585.2013984579826
2666,1.0809499025344849,8,892,585.2013984579826
2667,1.0847735404968262,8,892,585.2013984579826
2668,1.0797574520111084,8,892,585.2013984579826
2669,1.0803887844085693,8,892,585.2013984579826
2670,1.0799964666366577,8,892,585.2013984579826
2671,1.0813815593719482,8,892,585.2013984579826
2672,1.0817947387695312,8,892,585.2013984579826
2673,1.0835860967636108,8,892,585.2013984579826
2674,1.0843448638916016,8,892,585.2013984579826
2675,1.084269642829895,8,892,585.2013984579826
2676,1.0834269523620605,8,892,585.2013984579826
2677,1.0818471908569336,8,892,585.2013984579826
2678,1.0794291496276855,8,892,585.2013984579826
2679,1.092177391052246,8,892,585.2013984579826
2680,1.0840954780578613,8,892,585.2013984579826
2681,1.0837056636810303,8,892,585.2013984579826
2682,1.0875011682510376,8,892,585.2013984579826
2683,1.0900084972381592,8,892,585.2013984579826
2684,1.0915892124176025,8,892,585.2013984579826
2685,1.0924988985061646,8,892,585.2013984579826
2686,1.0928623676300049,8,892,585.2013984579826
2687,1.0927690267562866,8,892,585.2013984579826
2688,1.092254877090454,8,892,585.2013984579826
2689,1.0913211107254028,8,892,585.2013984579826
2690,1.089982509613037,8,892,585.2013984579826
2691,1.0881597995758057,8,892,585.2013984579826
2692,1.0858047008514404,8,892,585.2013984579826
2693,1.0828076601028442,8,892,585.2013984579826
2694,1.0790469646453857,8,892,585.2013984579826
2695,1.0796821117401123,8,892,585.2013984579826
2696,1.0793465375900269,8,892,585.2013984579826
2697,1.0830614566802979,8,892,585.2013984579826
2698,1.08121657371521,8,892,585.2013984579826
2699,1.0830425024032593,8,892,585.2013984579826
2700,1.0838369131088257,8,892,585.2013984579826
2701,1.0837894678115845,8,892,585.2013984579826
2702,1.0829921960830688,8,892,585.2013984579826
2703,1.0814309120178223,8,892,585.2013984579826
2704,1.0790791511535645,8,892,585.2013984579826
2705,1.0927070379257202,8,892,585.2013984579826
2706,1.0846689939498901,8,892,585.2013984579826
2707,1.0833353996276855,8,892,585.2013984579826
2708,1.0871089696884155,8,892,585.2013984579826
2709,1.0895951986312866,8,892,585.2013984579826
2710,1.0911730527877808,8,892,585.2013984579826
2711,1.0920813083648682,8,892,585.2013984579826
2712,1.0924409627914429,8,892,585.2013984579826
2713,1.092345118522644,8,892,585.2013984579826
2714,1.0918422937393188,8,892,585.2013984579826
2715,1.0909204483032227,8,892,585.2013984579826
2716,1.0895750522613525,8,892,585.2013984579826
2717,1.0877506732940674,8,892,585.2013984579826
2718,1.0854188203811646,8,892,585.2013984579826
2719,1.082421064376831,8,892,585.2013984579826
2720,1.0798633098602295,8,892,585.2013984579826
2721,1.079308271408081,8,892,585.2013984579826
2722,1.0789704322814941,8,892,585.2013984579826
2723,1.0839217901229858,8,892,585.2013984579826
2724,1.080838680267334,8,892,585.2013984579826
2725,1.0826376676559448,8,892,585.2013984579826
2726,1.0834269523620605,8,892,585.2013984579826
2727,1.0833714008331299,8,892,585.2013984579826
2728,1.0825592279434204,8,892,585.2013984579826
2729,1.0810060501098633,8,892,585.2013984579826
2730,1.0794954299926758,8,892,585.2013984579826
2731,1.0806312561035156,8,892,585.2013984579826
2732,1.0814889669418335,8,892,585.2013984579826
2733,1.081417202949524,8,892,585.2013984579826
2734,1.0804997682571411,8,892,585.2013984579826
2735,1.0788567066192627,8,892,585.2013984579826
2736,1.0812674760818481,8,892,585.2013984579826
2737,1.082566261291504,8,892,585.2013984579826
2738,1.082942008972168,8,892,585.2013984579826
2739,1.0824975967407227,8,892,585.2013984579826
2740,1.0813002586364746,8,892,585.2013984579826
2741,1.0793052911758423,8,892,585.2013984579826
2742,1.0887285470962524,8,892,585.2013984579826
2743,1.0802327394485474,8,892,585.2013984579826
2744,1.0839107036590576,8,892,585.2013984579826
2745,1.0875848531723022,8,892,585.2013984579826
2746,1.0900177955627441,8,892,585.2013984579826
2747,1.0915879011154175,8,892,585.2013984579826
2748,1.0925120115280151,8,892,585.2013984579826
2749,1.0929187536239624,8,892,585.2013984579826
2750,1.0929086208343506,8,892,585.2013984579826
2751,1.0925006866455078,8,892,585.2013984579826
2752,1.0917291641235352,8,892,585.2013984579826
2753,1.0905792713165283,8,892,585.2013984579826
2754,1.0890172719955444,8,892,585.2013984579826
2755,1.0869818925857544,8,892,585.2013984579826
2756,1.0844080448150635,8,892,585.2013984579826
2757,1.0811492204666138,8,892,585.2013984579826
2758,1.0858064889907837,8,892,585.2013984579826
2759,1.0832651853561401,8,892,585.2013984579826
2760,1.0821874141693115,8,892,585.2013984579826
2761,1.0851495265960693,8,892,585.2013984579826
2762,1.0869903564453125,8,892,585.2013984579826
2763,1.087983250617981,8,892,585.2013984579826
2764,1.088327169418335,8,892,585.2013984579826
2765,1.0880954265594482,8,892,585.2013984579826
2766,1.0873420238494873,8,892,585.2013984579826
2767,1.0860607624053955,8,892,585.2013984579826
2768,1.0841984748840332,8,892,585.2013984579826
2769,1.0817161798477173,8,892,585.2013984579826
2770,1.079370141029358,8,892,585.2013984579826
2771,1.0795085430145264,8,892,585.2013984579826
2772,1.0795618295669556,8,892,585.2013984579826
2773,1.0786914825439453,8,892,585.2013984579826
2774,1.0858811140060425,8,892,585.2013984579826
2775,1.0796629190444946,8,892,585.2013984579826
2776,1.081128478050232,8,892,585.2013984579826
2777,1.0815941095352173,8,892,585.2013984579826
2778,1.0811940431594849,8,892,585.2013984579826
2779,1.080025315284729,8,892,585.2013984579826
2780,1.081042766571045,8,892,585.2013984579826
2781,1.0802979469299316,8,892,585.2013984579826
2782,1.0814276933670044,8,892,585.2013984579826
2783,1.0816090106964111,8,892,585.2013984579826
2784,1.080979347229004,8,892,585.2013984579826
2785,1.0795578956604004,8,892,585.2013984579826
2786,1.084029197692871,8,892,585.2013984579826
2787,1.079490065574646,8,892,585.2013984579826
2788,1.080502986907959,8,892,585.2013984579826
2789,1.0805569887161255,8,892,585.2013984579826
2790,1.0797655582427979,8,892,585.2013984579826
2791,1.080344796180725,8,892,585.2013984579826
2792,1.080690622329712,8,892,585.2013984579826
2793,1.0820651054382324,8,892,585.2013984579826
2794,1.0824958086013794,8,892,585.2013984579826
2795,1.082134485244751,8,892,585.2013984579826
2796,1.0810164213180542,8,892,585.2013984579826
2797,1.0791314840316772,8,892,585.2013984579826
2798,1.0877175331115723,8,892,585.2013984579826
2799,1.0793309211730957,8,892,585.2013984579826
2800,1.0837007761001587,8,892,585.2013984579826
2801,1.087290644645691,8,892,585.2013984579826
2802,1.0896775722503662,8,892,585.2013984579826
2803,1.0912230014801025,8,892,585.2013984579826
2804,1.0921404361724854,8,892,585.2013984579826
2805,1.092552661895752,8,892,585.2013984579826
2806,1.0925374031066895,8,892,585.2013984579826
2807,1.0921462774276733,8,892,585.2013984579826
2808,1.0913969278335571,8,892,585.2013984579826
2809,1.0902657508850098,8,892,585.2013984579826
2810,1.088740587234497,8,892,585.2013984579826
2811,1.0867520570755005,8,892,585.2013984579826
2812,1.0842324495315552,8,892,585.2013984579826
2813,1.081063985824585,8,892,585.2013984579826
2814,1.0845497846603394,8,892,585.2013984579826
2815,1.0821428298950195,8,892,585.2013984579826
2816,1.082042932510376,8,892,585.2013984579826
2817,1.084922432899475,8,892,585.2013984579826
2818,1.0866951942443848,8,892,585.2013984579826
2819,1.0876662731170654,8,892,585.2013984579826
2820,1.087990641593933,8,892,585.2013984579826
2821,1.0877506732940674,8,892,585.2013984579826
2822,1.086978554725647,8,892,585.2013984579826
2823,1.085699200630188,8,892,585.2013984579826
2824,1.0838524103164673,8,892,585.2013984579826
2825,1.0813817977905273,8,892,585.2013984579826
2826,1.0796141624450684,8,892,585.2013984579826
2827,1.079174518585205,8,892,585.2013984579826
2828,1.0792094469070435,8,892,585.2013984579826
2829,1.0787038803100586,8,892,585.2013984579826
2830,1.0814356803894043,8,892,585.2013984579826
2831,1.0833008289337158,8,892,585.2013984579826
2832,1.0842134952545166,8,892,585.2013984579826
2833,1.084344506263733,8,892,585.2013984579826
2834,1.0838040113449097,8,892,585.2013984579826
2835,1.082600474357605,8,892,585.2013984579826
2836,1.0807310342788696,8,892,585.2013984579826
2837,1.0796287059783936,8,892,585.2013984579826
2838,1.07967209815979,8,892,585.2013984579826
2839,1.0802048444747925,8,892,585.2013984579826
2840,1.0798468589782715,8,892,585.2013984579826
2841,1.0786378383636475,8,892,585.2013984579826
2842,1.0860463380813599,8,892,585.2013984579826
2843,1.0790019035339355,8,892,585.2013984579826
2844,1.0801891088485718,8,892,585.2013984579826
2845,1.080417513847351,8,892,585.2013984579826
2846,1.0797898769378662,8,892,585.2013984579826
2847,1.0783473253250122,8,892,585.2013984579826
2848,1.0809264183044434,8,892,585.2013984579826
2849,1.0823485851287842,8,892,585.2013984579826
2850,1.0828598737716675,8,892,585.2013984579826
2851,1.082590103149414,8,892,585.2013984579826
2852,1.0816023349761963,8,892,585.2013984579826
2853,1.079885482788086,8,892,585.2013984579826
2854,1.0823394060134888,8,892,585.2013984579826
2855,1.0792244672775269,8,892,585.2013984579826
2856,1.0799497365951538,8,892,585.2013984579826
2857,1.0797491073608398,8,892,585.2013984579826
2858,1.0787148475646973,8,892,585.2013984579826
2859,1.0847740173339844,8,892,585.2013984579826
2860,1.07929265499115,8,892,585.2013984579826
2861,1.0805703401565552,8,892,585.2013984579826
2862,1.0808807611465454,8,892,585.2013984579826
2863,1.0803495645523071,8,892,585.2013984579826
2864,1.079017996788025,8,892,585.2013984579826
2865,1.0844026803970337,8,892,585.2013984579826
2866,1.0791054964065552,8,892,585.2013984579826
2867,1.0801697969436646,8,892,585.2013984579826
2868,1.0802820920944214,8,892,585.2013984579826
2869,1.0795502662658691,8,892,585.2013984579826
2870,1.0794402360916138,8,892,585.2013984579826
2871,1.0805299282073975,8,892,585.2013984579826
2872,1.0819071531295776,8,892,585.2013984579826
2873,1.0823544263839722,8,892,585.2013984579826
2874,1.0820200443267822,8,892,585.2013984579826
2875,1.0809578895568848,8,892,585.2013984579826
2876,1.079141616821289,8,892,585.2013984579826
2877,1.0857638120651245,8,892,585.2013984579826
2878,1.078379511833191,8,892,585.2013984579826
2879,1.0790929794311523,8,892,585.2013984579826
2880,1.0788664817810059,8,892,585.2013984579826
2881,1.080305576324463,8,892,585.2013984579826
2882,1.080706000328064,8,892,585.2013984579826
2883,1.0824098587036133,8,892,585.2013984579826
2884,1.0831882953643799,8,892,585.2013984579826
2885,1.0831718444824219,8,892,585.2013984579826
2886,1.0824593305587769,8,892,585.2013984579826
2887,1.0810292959213257,8,892,585.2013984579826
2888,1.0789085626602173,8,892,585.2013984579826
2889,1.0881154537200928,8,892,585.2013984579826
2890,1.0809351205825806,8,892,585.2013984579826
2891,1.0827664136886597,8,892,585.2013984579826
2892,1.086205005645752,8,892,585.2013984579826
2893,1.0884846448898315,8,892,585.2013984579826
2894,1.0899182558059692,8,892,585.2013984579826
2895,1.0907257795333862,8,892,585.2013984579826
2896,1.0910269021987915,8,892,585.2013984579826
2897,1.0908849239349365,8,892,585.2013984579826
2898,1.0903428792953491,8,892,585.2013984579826
2899,1.0894064903259277,8,892,585.2013984579826
2900,1.0880696773529053,8,892,585.2013984579826
2901,1.0862598419189453,8,892,585.2013984579826
2902,1.0839430093765259,8,892,585.2013984579826
2903,1.0809835195541382,8,892,585.2013984579826
2904,1.0821704864501953,8,892,585.2013984579826
2905,1.0794506072998047,8,892,585.2013984579826
2906,1.0821737051010132,8,892,585.2013984579826
2907,1.0849806070327759,8,892,585.2013984579826
2908,1.0867336988449097,8,892,585.2013984579826
2909,1.0876988172531128,8,892,585.2013984579826
2910,1.0880463123321533,8,892,585.2013984579826
2911,1.0878466367721558,8,892,585.2013984579826
2912,1.0871509313583374,8,892,585.2013984579826
2913,1.0859569311141968,8,892,585.2013984579826
2914,1.0842469930648804,8,892,585.2013984579826
2915,1.0819461345672607,8,892,585.2013984579826
2916,1.0789382457733154,8,892,585.2013984579826
2917,1.0914384126663208,8,892,585.2013984579826
2918,1.0873782634735107,8,892,585.2013984579826
2919,1.0808817148208618,8,892,585.2013984579826
2920,1.084066390991211,8,892,585.2013984579826
2921,1.086106538772583,8,892,585.2013984579826
2922,1.087277889251709,8,892,585.2013984579826
2923,1.087788462638855,8,892,585.2013984579826
2924,1.087733268737793,8,892,585.2013984579826
2925,1.0871647596359253,8,892,585.2013984579826
2926,1.0861217975616455,8,892,585.2013984579826
2927,1.0845386981964111,8,892,585.2013984579826
2928,1.0823962688446045,8,892,585.2013984579826
2929,1.07957124710083,8,892,585.2013984579826
2930,1.0874075889587402,8,892,585.2013984579826
2931,1.083306908607483,8,892,585.2013984579826
2932,1.0815783739089966,8,892,585.2013984579826
2933,1.0846552848815918,8,892,585.2013984579826
2934,1.086624264717102,8,892,585.2013984579826
2935,1.0877629518508911,8,892,585.2013984579826
2936,1.088267207145691,8,892,585.2013984579826
2937,1.088225245475769,8,892,585.2013984579826
2938,1.0877071619033813,8,892,585.2013984579826
2939,1.0866966247558594,8,892,585.2013984579826
2940,1.0852036476135254,8,892,585.2013984579826
2941,1.0831729173660278,8,892,585.2013984579826
2942,1.080507755279541,8,892,585.2013984579826
2943,1.0822696685791016,8,892,585.2013984579826
2944,1.078478217124939,8,892,585.2013984579826
2945,1.0823606252670288,8,892,585.2013984579826
2946,1.085272192955017,8,892,585.2013984579826
2947,1.0871248245239258,8,892,585.2013984579826
2948,1.088193655014038,8,892,585.2013984579826
2949,1.0886547565460205,8,892,585.2013984579826
2950,1.0885957479476929,8,892,585.2013984579826
2951,1.0880639553070068,8,892,585.2013984579826
2952,1.0870692729949951,8,892,585.2013984579826
2953,1.0856133699417114,8,892,585.2013984579826
2954,1.0836228132247925,8,892,585.2013984579826
2955,1.0810227394104004,8,892,585.2013984579826
2956,1.0793195962905884,8,892,585.2013984579826
2957,1.0785181522369385,8,892,585.2013984579826
2958,1.078373670578003,8,892,585.2013984579826
2959,1.0807803869247437,8,892,585.2013984579826
2960,1.0803239345550537,8,892,585.2013984579826
2961,1.082059383392334,8,892,585.2013984579826
2962,1.0828628540039062,8,892,585.2013984579826
2963,1.0828913450241089,8,892,585.2013984579826
2964,1.082227110862732,8,892,585.2013984579826
2965,1.080894112586975,8,892,585.2013984579826
2966,1.0788524150848389,8,892,585.2013984579826
2967,1.0864148139953613,8,892,585.2013984579826
2968,1.0794261693954468,8,892,585.2013984579826
2969,1.082628607749939,8,892,585.2013984579826
2970,1.0859668254852295,8,892,585.2013984579826
2971,1.0881696939468384,8,892,585.2013984579826
2972,1.0895638465881348,8,892,585.2013984579826
2973,1.0903445482254028,8,892,585.2013984579826
2974,1.0906225442886353,8,892,585.2013984579826
2975,1.0904768705368042,8,892,585.2013984579826
2976,1.0899426937103271,8,892,585.2013984579826
2977,1.089015245437622,8,892,585.2013984579826
2978,1.0876832008361816,8,892,585.2013984579826
2979,1.0859131813049316,8,892,585.2013984579826
2980,1.0836297273635864,8,892,585.2013984579826
2981,1.0807297229766846,8,892,585.2013984579826
2982,1.0815701484680176,8,892,585.2013984579826
2983,1.0790200233459473,8,892,585.2013984579826
2984,1.0818495750427246,8,892,585.2013984579826
2985,1.0845816135406494,8,892,585.2013984579826
2986,1.0862821340560913,8,892,585.2013984579826
2987,1.0872167348861694,8,892,585.2013984579826
2988,1.0875259637832642,8,892,585.2013984579826
2989,1.0873068571090698,8,892,585.2013984579826
2990,1.0866056680679321,8,892,585.2013984579826
2991,1.0854127407073975,8,892,585.2013984579826
2992,1.0836886167526245,8,892,585.2013984579826
2993,1.0813795328140259,8,892,585.2013984579826
2994,1.0783789157867432,8,892,585.2013984579826
2995,1.0924290418624878,8,892,585.2013984579826
2996,1.0884878635406494,8,892,585.2013984579826
2997,1.0802727937698364,8,892,585.2013984579826
2998,1.083437204360962,8,892,585.2013984579826
2999,1.0854374170303345,8,892,585.2013984579826
3000,1.086593508720398,8,892,585.2013984579826
3001,1.0870816707611084,8,892,585.2013984579826
3002,1.087013840675354,8,892,585.2013984579826
3003,1.0864355564117432,8,892,585.2013984579826
3004,1.0853632688522339,8,892,585.2013984579826
3005,1.0837717056274414,8,892,585.2013984579826
3006,1.0815935134887695,8,892,585.2013984579826
3007,1.0787420272827148,8,892,585.2013984579826
3008,1.0898152589797974,8,892,585.2013984579826
3009,1.0857367515563965,8,892,585.2013984579826
3010,1.0807253122329712,8,892,585.2013984579826
3011,1.083836317062378,8,892,585.2013984579826
3012,1.085801124572754,8,892,585.2013984579826
3013,1.0869449377059937,8,892,585.2013984579826
3014,1.0874426364898682,8,892,585.2013984579826
3015,1.0874013900756836,8,892,585.2013984579826
3016,1.0868561267852783,8,892,585.2013984579826
3017,1.0858370065689087,8,892,585.2013984579826
3018,1.0843158960342407,8,892,585.2013984579826
3019,1.0822482109069824,8,892,585.2013984579826
3020,1.0795387029647827,8,892,585.2013984579826
3021,1.0853443145751953,8,892,585.2013984579826
3022,1.0815080404281616,8,892,585.2013984579826
3023,1.0814048051834106,8,892,585.2013984579826
3024,1.084351897239685,8,892,585.2013984579826
3025,1.0862226486206055,8,892,585.2013984579826
3026,1.0873032808303833,8,892,585.2013984579826
3027,1.0877610445022583,8,892,585.2013984579826
3028,1.0876966714859009,8,892,585.2013984579826
3029,1.087158203125,8,892,585.2013984579826
3030,1.0861562490463257,8,892,585.2013984579826
3031,1.0846718549728394,8,892,585.2013984579826
3032,1.082647681236267,8,892,585.2013984579826
3033,1.0800081491470337,8,892,585.2013984579826
3034,1.0826345682144165,8,892,585.2013984579826
3035,1.0790276527404785,8,892,585.2013984579826
3036,1.081764578819275,8,892,585.2013984579826
3037,1.0846071243286133,8,892,585.2013984579826
3038,1.0864064693450928,8,892,585.2013984579826
3039,1.0874484777450562,8,892,585.2013984579826
3040,1.0878760814666748,8,892,585.2013984579826
3041,1.0878015756607056,8,892,585.2013984579826
3042,1.0872403383255005,8,892,585.2013984579826
3043,1.0862324237823486,8,892,585.2013984579826
3044,1.0847578048706055,8,892,585.2013984579826
3045,1.0827524662017822,8,892,585.2013984579826
3046,1.080125331878662,8,892,585.2013984579826
3047,1.0817159414291382,8,892,585.2013984579826
3048,1.0782170295715332,8,892,585.2013984579826
3049,1.0818291902542114,8,892,585.2013984579826
3050,1.084617018699646,8,892,585.2013984579826
3051,1.0863999128341675,8,892,585.2013984579826
3052,1.0874137878417969,8,892,585.2013984579826
3053,1.0878243446350098,8,892,585.2013984579826
3054,1.0877352952957153,8,892,585.2013984579826
3055,1.0871707201004028,8,892,585.2013984579826
3056,1.08616042137146,8,892,585.2013984579826
3057,1.084673523902893,8,892,585.2013984579826
3058,1.0826572179794312,8,892,585.2013984579826
3059,1.0800347328186035,8,892,585.2013984579826
3060,1.0818185806274414,8,892,585.2013984579826
3061,1.0783641338348389,8,892,585.2013984579826
3062,1.0817170143127441,8,892,585.2013984579826
3063,1.0845096111297607,8,892,585.2013984579826
3064,1.086272954940796,8,892,585.2013984579826
3065,1.0872818231582642,8,892,585.2013984579826
3066,1.0876948833465576,8,892,585.2013984579826
3067,1.087593913078308,8,892,585.2013984579826
3068,1.087026834487915,8,892,585.2013984579826
3069,1.0860061645507812,8,892,585.2013984579826
3070,1.084519863128662,8,892,585.2013984579826
3071,1.0824999809265137,8,892,585.2013984579826
3072,1.0798625946044922,8,892,585.2013984579826
3073,1.0823603868484497,8,892,585.2013984579826
3074,1.0789070129394531,8,892,585.2013984579826
3075,1.0815430879592896,8,892,585.2013984579826
3076,1.0843366384506226,8,892,585.2013984579826
3077,1.0861061811447144,8,892,585.2013984579826
3078,1.087114691734314,8,892,585.2013984579826
3079,1.0875306129455566,8,892,585.2013984579826
3080,1.0874158143997192,8,892,585.2013984579826
3081,1.086851716041565,8,892,585.2013984579826
3082,1.0858362913131714,8,892,585.2013984579826
3083,1.0843392610549927,8,892,585.2013984579826
3084,1.082310438156128,8,892,585.2013984579826
3085,1.0796695947647095,8,892,585.2013984579826
3086,1.0830188989639282,8,892,585.2013984579826
3087,1.0795520544052124,8,892,585.2013984579826
3088,1.0813533067703247,8,892,585.2013984579826
3089,1.0841513872146606,8,892,585.2013984579826
3090,1.0859193801879883,8,892,585.2013984579826
3091,1.0869303941726685,8,892,585.2013984579826
3092,1.087338924407959,8,892,585.2013984579826
3093,1.0872291326522827,8,892,585.2013984579826
3094,1.0866674184799194,8,892,585.2013984579826
3095,1.0856488943099976,8,892,585.2013984579826
3096,1.0841445922851562,8,892,585.2013984579826
3097,1.0821043252944946,8,892,585.2013984579826
3098,1.079464316368103,8,892,585.2013984579826
3099,1.0837054252624512,8,892,585.2013984579826
3100,1.0802336931228638,8,892,585.2013984579826
3101,1.0811471939086914,8,892,585.2013984579826
3102,1.083954930305481,8,892,585.2013984579826
3103,1.0857256650924683,8,892,585.2013984579826
3104,1.0867457389831543,8,892,585.2013984579826
3105,1.0871527194976807,8,892,585.2013984579826
3106,1.0870529413223267,8,892,585.2013984579826
3107,1.0864843130111694,8,892,585.2013984579826
3108,1.085455060005188,8,892,585.2013984579826
3109,1.083945393562317,8,892,585.2013984579826
3110,1.0819071531295776,8,892,585.2013984579826
3111,1.079258918762207,8,892,585.2013984579826
3112,1.0843764543533325,8,892,585.2013984579826
3113,1.0809009075164795,8,892,585.2013984579826
3114,1.0809499025344849,8,892,585.2013984579826
3115,1.0837557315826416,8,892,585.2013984579826
3116,1.0855374336242676,8,892,585.2013984579826
3117,1.0865484476089478,8,892,585.2013984579826
3118,1.0869708061218262,8,892,585.2013984579826
3119,1.0868524312973022,8,892,585.2013984579826
3120,1.0862845182418823,8,892,585.2013984579826
3121,1.0852652788162231,8,892,585.2013984579826
3122,1.0837537050247192,8,892,585.2013984579826
3123,1.081701397895813,8,892,585.2013984579826
3124,1.0790423154830933,8,892,585.2013984579826
3125,1.085066795349121,8,892,585.2013984579826
3126,1.0815708637237549,8,892,585.2013984579826
3127,1.0807355642318726,8,892,585.2013984579826
3128,1.0835546255111694,8,892,585.2013984579826
3129,1.0853431224822998,8,892,585.2013984579826
3130,1.0863646268844604,8,892,585.2013984579826
3131,1.0867732763290405,8,892,585.2013984579826
3132,1.0866692066192627,8,892,585.2013984579826
3133,1.0860939025878906,8,892,585.2013984579826
3134,1.0850653648376465,8,892,585.2013984579826
3135,1.0835541486740112,8,892,585.2013984579826
3136,1.0815026760101318,8,892,585.2013984579826
3137,1.0788308382034302,8,892,585.2013984579826
3138,1.085737943649292,8,892,585.2013984579826
3139,1.0822386741638184,8,892,585.2013984579826
3140,1.0805248022079468,8,892,585.2013984579826
3141,1.083355188369751,8,892,585.2013984579826
3142,1.0851387977600098,8,892,585.2013984579826
3143,1.0861655473709106,8,892,585.2013984579826
3144,1.0865833759307861,8,892,585.2013984579826
3145,1.086477279663086,8,892,585.2013984579826
3146,1.0859030485153198,8,892,585.2013984579826
3147,1.084869384765625,8,892,585.2013984579826
3148,1.0833436250686646,8,892,585.2013984579826
3149,1.0812954902648926,8,892,585.2013984579826
3150,1.078620195388794,8,892,585.2013984579826
3151,1.08641517162323,8,892,585.2013984579826
3152,1.0829105377197266,8,892,585.2013984579826
3153,1.0803204774856567,8,892,585.2013984579826
3154,1.083143949508667,8,892,585.2013984579826
3155,1.0849413871765137,8,892,585.2013984579826
3156,1.0859688520431519,8,892,585.2013984579826
3157,1.0863733291625977,8,892,585.2013984579826
3158,1.086273431777954,8,892,585.2013984579826
3159,1.0856961011886597,8,892,585.2013984579826
3160,1.0846595764160156,8,892,585.2013984579826
3161,1.0831316709518433,8,892,585.2013984579826
3162,1.0810716152191162,8,892,585.2013984579826
3163,1.0783978700637817,8,892,585.2013984579826
3164,1.0871211290359497,8,892,585.2013984579826
3165,1.083611011505127,8,892,585.2013984579826
3166,1.0800950527191162,8,892,585.2013984579826
3167,1.082938313484192,8,892,585.2013984579826
3168,1.0847365856170654,8,892,585.2013984579826
3169,1.0857559442520142,8,892,585.2013984579826
3170,1.0861748456954956,8,892,585.2013984579826
3171,1.0860698223114014,8,892,585.2013984579826
3172,1.085493803024292,8,892,585.2013984579826
3173,1.0844486951828003,8,892,585.2013984579826
3174,1.0829070806503296,8,892,585.2013984579826
3175,1.0808558464050293,8,892,585.2013984579826
3176,1.0781610012054443,8,892,585.2013984579826
3177,1.0878573656082153,8,892,585.2013984579826
3178,1.0843391418457031,8,892,585.2013984579826
3179,1.079856038093567,8,892,585.2013984579826
3180,1.0827093124389648,8,892,585.2013984579826
3181,1.0845179557800293,8,892,585.2013984579826
3182,1.0855427980422974,8,892,585.2013984579826
3183,1.0859605073928833,8,892,585.2013984579826
3184,1.085862159729004,8,892,585.2013984579826
3185,1.085274577140808,8,892,585.2013984579826
3186,1.0842268466949463,8,892,585.2013984579826
3187,1.0827008485794067,8,892,585.2013984579826
3188,1.0806171894073486,8,892,585.2013984579826
3189,1.0779310464859009,8,892,585.2013984579826
3190,1.088588833808899,8,892,585.2013984579826
3191,1.0850623846054077,8,892,585.2013984579826
3192,1.0796253681182861,8,892,585.2013984579826
3193,1.0824942588806152,8,892,585.2013984579826
3194,1.0842950344085693,8,892,585.2013984579826
3195,1.0853219032287598,8,892,585.2013984579826
3196,1.085742712020874,8,892,585.2013984579826
3197,1.085625410079956,8,892,585.2013984579826
3198,1.0850493907928467,8,892,585.2013984579826
3199,1.0839989185333252,8,892,585.2013984579826
3200,1.0824637413024902,8,892,585.2013984579826
3201,1.0803881883621216,8,892,585.2013984579826
3202,1.077687382698059,8,892,585.2013984579826
3203,1.0893585681915283,8,892,585.2013984579826
3204,1.085827112197876,8,892,585.2013984579826
3205,1.0793880224227905,8,892,585.2013984579826
3206,1.082254409790039,8,892,585.2013984579826
3207,1.0840625762939453,8,892,585.2013984579826
3208,1.085092544555664,8,892,585.2013984579826
3209,1.085503339767456,8,892,585.2013984579826
3210,1.0854030847549438,8,892,585.2013984579826
3211,1.084820032119751,8,892,585.2013984579826
3212,1.0837628841400146,8,892,585.2013984579826
3213,1.0822248458862305,8,892,585.2013984579826
3214,1.0801430940628052,8,892,585.2013984579826
3215,1.0774282217025757,8,892,585.2013984579826
3216,1.090166687965393,8,892,585.2013984579826
3217,1.086626410484314,8,892,585.2013984579826
3218,1.0791374444961548,8,892,585.2013984579826
3219,1.0820025205612183,8,892,585.2013984579826
3220,1.0838128328323364,8,892,585.2013984579826
3221,1.0848547220230103,8,892,585.2013984579826
3222,1.0852735042572021,8,892,585.2013984579826
3223,1.0851593017578125,8,892,585.2013984579826
3224,1.084575891494751,8,892,585.2013984579826
3225,1.0835274457931519,8,892,585.2013984579826
3226,1.0819822549819946,8,892,585.2013984579826
3227,1.0798892974853516,8,892,585.2013984579826
3228,1.0771721601486206,8,892,585.2013984579826
3229,1.0909857749938965,8,892,585.2013984579826
3230,1.0874295234680176,8,892,585.2013984579826
3231,1.0788860321044922,8,892,585.2013984579826
3232,1.0817596912384033,8,892,585.2013984579826
3233,1.0835756063461304,8,892,585.2013984579826
3234,1.084619402885437,8,892,585.2013984579826
3235,1.0850284099578857,8,892,585.2013984579826
3236,1.0849186182022095,8,892,585.2013984579826
3237,1.0843349695205688,8,892,585.2013984579826
3238,1.0832687616348267,8,892,585.2013984579826
3239,1.0817238092422485,8,892,585.2013984579826
3240,1.079644799232483,8,892,585.2013984579826
3241,1.0769110918045044,8,892,585.2013984579826
3242,1.0918020009994507,8,892,585.2013984579826
3243,1.0882489681243896,8,892,585.2013984579826
3244,1.0786222219467163,8,892,585.2013984579826
3245,1.0815010070800781,8,892,585.2013984579826
3246,1.083322286605835,8,892,585.2013984579826
3247,1.0843732357025146,8,892,585.2013984579826
3248,1.0847870111465454,8,892,585.2013984579826
3249,1.084672212600708,8,892,585.2013984579826
3250,1.0840827226638794,8,892,585.2013984579826
3251,1.083023190498352,8,892,585.2013984579826
3252,1.0814684629440308,8,892,585.2013984579826
3253,1.0793730020523071,8,892,585.2013984579826
3254,1.0775688886642456,8,892,585.2013984579826
3255,1.0775082111358643,8,892,585.2013984579826
3256,1.0775244235992432,8,892,585.2013984579826
3257,1.0768882036209106,8,892,585.2013984579826
3258,1.0793943405151367,8,892,585.2013984579826
3259,1.0809465646743774,8,892,585.2013984579826
3260,1.081697702407837,8,892,585.2013984579826
3261,1.081763505935669,8,892,585.2013984579826
3262,1.0812461376190186,8,892,585.2013984579826
3263,1.0801464319229126,8,892,585.2013984579826
3264,1.0784605741500854,8,892,585.2013984579826
3265,1.0795390605926514,8,892,585.2013984579826
3266,1.0774099826812744,8,892,585.2013984579826
3267,1.077819585800171,8,892,585.2013984579826
3268,1.0774246454238892,8,892,585.2013984579826
3269,1.0786199569702148,8,892,585.2013984579826
3270,1.078661561012268,8,892,585.2013984579826
3271,1.0799838304519653,8,892,585.2013984579826
3272,1.0804986953735352,8,892,585.2013984579826
3273,1.0803241729736328,8,892,585.2013984579826
3274,1.0795410871505737,8,892,585.2013984579826
3275,1.0781251192092896,8,892,585.2013984579826
3276,1.0795681476593018,8,892,585.2013984579826
3277,1.0775781869888306,8,892,585.2013984579826
3278,1.0781841278076172,8,892,585.2013984579826
3279,1.0780055522918701,8,892,585.2013984579826
3280,1.0771067142486572,8,892,585.2013984579826
3281,1.0818034410476685,8,892,585.2013984579826
3282,1.0775409936904907,8,892,585.2013984579826
3283,1.0785707235336304,8,892,585.2013984579826
3284,1.0787910223007202,8,892,585.2013984579826
3285,1.0782921314239502,8,892,585.2013984579826
3286,1.077115774154663,8,892,585.2013984579826
3287,1.0828231573104858,8,892,585.2013984579826
3288,1.0770704746246338,8,892,585.2013984579826
3289,1.0779163837432861,8,892,585.2013984579826
3290,1.0779372453689575,8,892,585.2013984579826
3291,1.0772281885147095,8,892,585.2013984579826
3292,1.0801701545715332,8,892,585.2013984579826
3293,1.077946424484253,8,892,585.2013984579826
3294,1.0790718793869019,8,892,585.2013984579826
3295,1.0793988704681396,8,892,585.2013984579826
3296,1.0790208578109741,8,892,585.2013984579826
3297,1.0779985189437866,8,892,585.2013984579826
3298,1.077909231185913,8,892,585.2013984579826
3299,1.078100323677063,8,892,585.2013984579826
3300,1.0789424180984497,8,892,585.2013984579826
3301,1.0790201425552368,8,892,585.2013984579826
3302,1.0784177780151367,8,892,585.2013984579826
3303,1.077146291732788,8,892,585.2013984579826
3304,1.082621455192566,8,892,585.2013984579826
3305,1.0769140720367432,8,892,585.2013984579826
3306,1.0776793956756592,8,892,585.2013984579826
3307,1.0776363611221313,8,892,585.2013984579826
3308,1.0768601894378662,8,892,585.2013984579826
3309,1.0816925764083862,8,892,585.2013984579826
3310,1.0774784088134766,8,892,585.2013984579826
3311,1.0785810947418213,8,892,585.2013984579826
3312,1.0788615942001343,8,892,585.2013984579826
3313,1.0784459114074707,8,892,585.2013984579826
3314,1.0773621797561646,8,892,585.2013984579826
3315,1.0805758237838745,8,892,585.2013984579826
3316,1.0774060487747192,8,892,585.2013984579826
3317,1.0782588720321655,8,892,585.2013984579826
3318,1.0783159732818604,8,892,585.2013984579826
3319,1.077665090560913,8,892,585.2013984579826
3320,1.07723069190979,8,892,585.2013984579826
3321,1.0783982276916504,8,892,585.2013984579826
3322,1.0794870853424072,8,892,585.2013984579826
3323,1.07980215549469,8,892,585.2013984579826
3324,1.079464077949524,8,892,585.2013984579826
3325,1.0784980058670044,8,892,585.2013984579826
3326,1.076897144317627,8,892,585.2013984579826
3327,1.0845352411270142,8,892,585.2013984579826
3328,1.078090786933899,8,892,585.2013984579826
3329,1.0804792642593384,8,892,585.2013984579826
3330,1.0834178924560547,8,892,585.2013984579826
3331,1.0853679180145264,8,892,585.2013984579826
3332,1.086607813835144,8,892,585.2013984579826
3333,1.0872886180877686,8,892,585.2013984579826
3334,1.087538242340088,8,892,585.2013984579826
3335,1.0873926877975464,8,892,585.2013984579826
3336,1.0869102478027344,8,892,585.2013984579826
3337,1.0860778093338013,8,892,585.2013984579826
3338,1.084885597229004,8,892,585.2013984579826
3339,1.0833137035369873,8,892,585.2013984579826
3340,1.0812956094741821,8,892,585.2013984579826
3341,1.0787612199783325,8,892,585.2013984579826
3342,1.0799555778503418,8,892,585.2013984579826
3343,1.0781290531158447,8,892,585.2013984579826
3344,1.0795176029205322,8,892,585.2013984579826
3345,1.0818101167678833,8,892,585.2013984579826
3346,1.083209753036499,8,892,585.2013984579826
3347,1.083946704864502,8,892,585.2013984579826
3348,1.0841329097747803,8,892,585.2013984579826
3349,1.0838454961776733,8,892,585.2013984579826
3350,1.0831130743026733,8,892,585.2013984579826
3351,1.0819278955459595,8,892,585.2013984579826
3352,1.0802489519119263,8,892,585.2013984579826
3353,1.0780432224273682,8,892,585.2013984579826
3354,1.0812565088272095,8,892,585.2013984579826
3355,1.0779166221618652,8,892,585.2013984579826
3356,1.079733967781067,8,892,585.2013984579826
3357,1.0822199583053589,8,892,585.2013984579826
3358,1.0837938785552979,8,892,585.2013984579826
3359,1.0846997499465942,8,892,585.2013984579826
3360,1.0850692987442017,8,892,585.2013984579826
3361,1.0849698781967163,8,892,585.2013984579826
3362,1.0844577550888062,8,892,585.2013984579826
3363,1.083547592163086,8,892,585.2013984579826
3364,1.0822051763534546,8,892,585.2013984579826
3365,1.0804065465927124,8,892,585.2013984579826
3366,1.0780819654464722,8,892,585.2013984579826
3367,1.081277847290039,8,892,585.2013984579826
3368,1.0785428285598755,8,892,585.2013984579826
3369,1.0793970823287964,8,892,585.2013984579826
3370,1.081791877746582,8,892,585.2013984579826
3371,1.083301305770874,8,892,585.2013984579826
3372,1.0841352939605713,8,892,585.2013984579826
3373,1.084429144859314,8,892,585.2013984579826
3374,1.0842665433883667,8,892,585.2013984579826
3375,1.083669900894165,8,892,585.2013984579826
3376,1.082649827003479,8,892,585.2013984579826
3377,1.0811948776245117,8,892,585.2013984579826
3378,1.0792416334152222,8,892,585.2013984579826
3379,1.0767208337783813,8,892,585.2013984579826
3380,1.0877714157104492,8,892,585.2013984579826
3381,1.0848931074142456,8,892,585.2013984579826
3382,1.0780894756317139,8,892,585.2013984579826
3383,1.080655574798584,8,892,585.2013984579826
3384,1.0822653770446777,8,892,585.2013984579826
3385,1.083163857460022,8,892,585.2013984579826
3386,1.0834660530090332,8,892,585.2013984579826
3387,1.0833016633987427,8,892,585.2013984579826
3388,1.0826820135116577,8,892,585.2013984579826
3389,1.0816123485565186,8,892,585.2013984579826
3390,1.0800831317901611,8,892,585.2013984579826
3391,1.0780160427093506,8,892,585.2013984579826
3392,1.079576849937439,8,892,585.2013984579826
3393,1.076165795326233,8,892,585.2013984579826
3394,1.0797590017318726,8,892,585.2013984579826
3395,1.0821670293807983,8,892,585.2013984579826
3396,1.0837053060531616,8,892,585.2013984579826
3397,1.0845893621444702,8,892,585.2013984579826
3398,1.0849579572677612,8,892,585.2013984579826
3399,1.084883213043213,8,892,585.2013984579826
3400,1.084410548210144,8,892,585.2013984579826
3401,1.0835407972335815,8,892,585.2013984579826
3402,1.0822889804840088,8,892,585.2013984579826
3403,1.0805898904800415,8,892,585.2013984579826
3404,1.0783895254135132,8,892,585.2013984579826
3405,1.0781484842300415,8,892,585.2013984579826
3406,1.076182246208191,8,892,585.2013984579826
3407,1.0764548778533936,8,892,585.2013984579826
3408,1.078798770904541,8,892,585.2013984579826
3409,1.0805625915527344,8,892,585.2013984579826
3410,1.0815476179122925,8,892,585.2013984579826
3411,1.0819100141525269,8,892,585.2013984579826
3412,1.0817351341247559,8,892,585.2013984579826
3413,1.0810604095458984,8,892,585.2013984579826
3414,1.0799096822738647,8,892,585.2013984579826
3415,1.0782361030578613,8,892,585.2013984579826
3416,1.0761523246765137,8,892,585.2013984579826
3417,1.0769875049591064,8,892,585.2013984579826
3418,1.07718825340271,8,892,585.2013984579826
3419,1.0767017602920532,8,892,585.2013984579826
3420,1.077970027923584,8,892,585.2013984579826
3421,1.0775938034057617,8,892,585.2013984579826
3422,1.078709363937378,8,892,585.2013984579826
3423,1.0790890455245972,8,892,585.2013984579826
3424,1.0788325071334839,8,892,585.2013984579826
3425,1.0779902935028076,8,892,585.2013984579826
3426,1.0765520334243774,8,892,585.2013984579826
3427,1.0823242664337158,8,892,585.2013984579826
3428,1.0762858390808105,8,892,585.2013984579826
3429,1.0799461603164673,8,892,585.2013984579826
3430,1.0826717615127563,8,892,585.2013984579826
3431,1.0844976902008057,8,892,585.2013984579826
3432,1.0856387615203857,8,892,585.2013984579826
3433,1.086281657218933,8,892,585.2013984579826
3434,1.086499810218811,8,892,585.2013984579826
3435,1.0863629579544067,8,892,585.2013984579826
3436,1.0858820676803589,8,892,585.2013984579826
3437,1.0850919485092163,8,892,585.2013984579826
3438,1.0839605331420898,8,892,585.2013984579826
3439,1.0824754238128662,8,892,585.2013984579826
3440,1.0805612802505493,8,892,585.2013984579826
3441,1.0781768560409546,8,892,585.2013984579826
3442,1.0789377689361572,8,892,585.2013984579826
3443,1.0773541927337646,8,892,585.2013984579826
3444,1.0787981748580933,8,892,585.2013984579826
3445,1.0809229612350464,8,892,585.2013984579826
3446,1.0822070837020874,8,892,585.2013984579826
3447,1.0828691720962524,8,892,585.2013984579826
3448,1.083019495010376,8,892,585.2013984579826
3449,1.082713007926941,8,892,585.2013984579826
3450,1.081981897354126,8,892,585.2013984579826
3451,1.0808169841766357,8,892,585.2013984579826
3452,1.0792016983032227,8,892,585.2013984579826
3453,1.0770516395568848,8,892,585.2013984579826
3454,1.0823928117752075,8,892,585.2013984579826
3455,1.0793167352676392,8,892,585.2013984579826
3456,1.0785906314849854,8,892,585.2013984579826
3457,1.0809602737426758,8,892,585.2013984579826
3458,1.082456111907959,8,892,585.2013984579826
3459,1.0833066701889038,8,892,585.2013984579826
3460,1.0836384296417236,8,892,585.2013984579826
3461,1.0835071802139282,8,892,585.2013984579826
3462,1.0829914808273315,8,892,585.2013984579826
3463,1.082072377204895,8,892,585.2013984579826
3464,1.080733060836792,8,892,585.2013984579826
3465,1.0789437294006348,8,892,585.2013984579826
3466,1.076633334159851,8,892,585.2013984579826
3467,1.0846447944641113,8,892,585.2013984579826
3468,1.0820304155349731,8,892,585.2013984579826
3469,1.077877163887024,8,892,585.2013984579826
3470,1.0802290439605713,8,892,585.2013984579826
3471,1.0817023515701294,8,892,585.2013984579826
3472,1.082506537437439,8,892,585.2013984579826
3473,1.0827813148498535,8,892,585.2013984579826
3474,1.0825976133346558,8,892,585.2013984579826
3475,1.081994652748108,8,892,585.2013984579826
3476,1.0809699296951294,8,892,585.2013984579826
3477,1.079486608505249,8,892,585.2013984579826
3478,1.07753586769104,8,892,585.2013984579826
3479,1.0786404609680176,8,892,585.2013984579826
3480,1.0757145881652832,8,892,585.2013984579826
3481,1.0757783651351929,8,892,585.2013984579826
3482,1.0784332752227783,8,892,585.2013984579826
3483,1.0802043676376343,8,892,585.2013984579826
3484,1.0812186002731323,8,892,585.2013984579826
3485,1.0816148519515991,8,892,585.2013984579826
3486,1.0815250873565674,8,892,585.2013984579826
3487,1.0809650421142578,8,892,585.2013984579826
3488,1.0799646377563477,8,892,585.2013984579826
3489,1.0784822702407837,8,892,585.2013984579826
3490,1.0764893293380737,8,892,585.2013984579826
3491,1.0830832719802856,8,892,585.2013984579826
3492,1.0795814990997314,8,892,585.2013984579826
3493,1.0783029794692993,8,892,585.2013984579826
3494,1.080697774887085,8,892,585.2013984579826
3495,1.0822323560714722,8,892,585.2013984579826
3496,1.0831202268600464,8,892,585.2013984579826
3497,1.0834847688674927,8,892,585.2013984579826
3498,1.083420991897583,8,892,585.2013984579826
3499,1.0829734802246094,8,892,585.2013984579826
3500,1.0821361541748047,8,892,585.2013984579826
3501,1.0809074640274048,8,892,585.2013984579826
3502,1.0792521238327026,8,892,585.2013984579826
3503,1.0771148204803467,8,892,585.2013984579826
3504,1.0805317163467407,8,892,585.2013984579826
3505,1.07809579372406,8,892,585.2013984579826
3506,1.0782803297042847,8,892,585.2013984579826
3507,1.0804767608642578,8,892,585.2013984579826
3508,1.0818382501602173,8,892,585.2013984579826
3509,1.0825917720794678,8,892,585.2013984579826
3510,1.082847237586975,8,892,585.2013984579826
3511,1.0826574563980103,8,892,585.2013984579826
3512,1.0820719003677368,8,892,585.2013984579826
3513,1.0810787677764893,8,892,585.2013984579826
3514,1.0796879529953003,8,892,585.2013984579826
3515,1.0778164863586426,8,892,585.2013984579826
3516,1.0757200717926025,8,892,585.2013984579826
3517,1.07607102394104,8,892,585.2013984579826
3518,1.0760163068771362,8,892,585.2013984579826
3519,1.0762298107147217,8,892,585.2013984579826
3520,1.0774600505828857,8,892,585.2013984579826
3521,1.0787347555160522,8,892,585.2013984579826
3522,1.0793050527572632,8,892,585.2013984579826
3523,1.0792940855026245,8,892,585.2013984579826
3524,1.0787572860717773,8,892,585.2013984579826
3525,1.0777242183685303,8,892,585.2013984579826
3526,1.0761557817459106,8,892,585.2013984579826
3527,1.081499695777893,8,892,585.2013984579826
3528,1.0767844915390015,8,892,585.2013984579826
3529,1.078749179840088,8,892,585.2013984579826
3530,1.081213116645813,8,892,585.2013984579826
3531,1.0828207731246948,8,892,585.2013984579826
3532,1.0838088989257812,8,892,585.2013984579826
3533,1.0843122005462646,8,892,585.2013984579826
3534,1.0844035148620605,8,892,585.2013984579826
3535,1.0841277837753296,8,892,585.2013984579826
3536,1.0835423469543457,8,892,585.2013984579826
3537,1.0825930833816528,8,892,585.2013984579826
3538,1.0812947750091553,8,892,585.2013984579826
3539,1.0796184539794922,8,892,585.2013984579826
3540,1.0774834156036377,8,892,585.2013984579826
3541,1.077643632888794,8,892,585.2013984579826
3542,1.0758576393127441,8,892,585.2013984579826
3543,1.0782666206359863,8,892,585.2013984579826
3544,1.0802721977233887,8,892,585.2013984579826
3545,1.0815125703811646,8,892,585.2013984579826
3546,1.0821493864059448,8,892,585.2013984579826
3547,1.0823094844818115,8,892,585.2013984579826
3548,1.0820660591125488,8,892,585.2013984579826
3549,1.0814034938812256,8,892,585.2013984579826
3550,1.0803565979003906,8,892,585.2013984579826
3551,1.0788997411727905,8,892,585.2013984579826
3552,1.0769703388214111,8,892,585.2013984579826
3553,1.0786094665527344,8,892,585.2013984579826
3554,1.0759105682373047,8,892,585.2013984579826
3555,1.078328251838684,8,892,585.2013984579826
3556,1.0804446935653687,8,892,585.2013984579826
3557,1.0817961692810059,8,892,585.2013984579826
3558,1.082543134689331,8,892,585.2013984579826
3559,1.082818627357483,8,892,585.2013984579826
3560,1.0826845169067383,8,892,585.2013984579826
3561,1.0821672677993774,8,892,585.2013984579826
3562,1.0812815427780151,8,892,585.2013984579826
3563,1.0800304412841797,8,892,585.2013984579826
3564,1.0783461332321167,8,892,585.2013984579826
3565,1.0761847496032715,8,892,585.2013984579826
3566,1.0827375650405884,8,892,585.2013984579826
3567,1.0804805755615234,8,892,585.2013984579826
3568,1.0772393941879272,8,892,585.2013984579826
3569,1.0793935060501099,8,892,585.2013984579826
3570,1.0807380676269531,8,892,585.2013984579826
3571,1.0814603567123413,8,892,585.2013984579826
3572,1.0816926956176758,8,892,585.2013984579826
3573,1.0814731121063232,8,892,585.2013984579826
3574,1.0808606147766113,8,892,585.2013984579826
3575,1.079856514930725,8,892,585.2013984579826
3576,1.078436017036438,8,892,585.2013984579826
3577,1.0765444040298462,8,892,585.2013984579826
3578,1.0795894861221313,8,892,585.2013984579826
3579,1.0767810344696045,8,892,585.2013984579826
3580,1.07797110080719,8,892,585.2013984579826
3581,1.0800995826721191,8,892,585.2013984579826
3582,1.0814523696899414,8,892,585.2013984579826
3583,1.082210898399353,8,892,585.2013984579826
3584,1.0825029611587524,8,892,585.2013984579826
3585,1.082377552986145,8,892,585.2013984579826
3586,1.0818829536437988,8,892,585.2013984579826
3587,1.0810306072235107,8,892,585.2013984579826
3588,1.0797836780548096,8,892,585.2013984579826
3589,1.0781419277191162,8,892,585.2013984579826
3590,1.0760221481323242,8,892,585.2013984579826
3591,1.0825084447860718,8,892,585.2013984579826
3592,1.0802891254425049,8,892,585.2013984579826
3593,1.0770692825317383,8,892,585.2013984579826
3594,1.0791831016540527,8,892,585.2013984579826
3595,1.0805015563964844,8,892,585.2013984579826
3596,1.0812106132507324,8,892,585.2013984579826
3597,1.0814300775527954,8,892,585.2013984579826
3598,1.081225872039795,8,892,585.2013984579826
3599,1.0806245803833008,8,892,585.2013984579826
3600,1.0796273946762085,8,892,585.2013984579826
3601,1.078221082687378,8,892,585.2013984579826
3602,1.0763444900512695,8,892,585.2013984579826
3603,1.0795810222625732,8,892,585.2013984579826
3604,1.076830506324768,8,892,585.2013984579826
3605,1.0777428150177002,8,892,585.2013984579826
3606,1.079841136932373,8,892,585.2013984579826
3607,1.0811691284179688,8,892,585.2013984579826
3608,1.0819201469421387,8,892,585.2013984579826
3609,1.0821949243545532,8,892,585.2013984579826
3610,1.0820705890655518,8,892,585.2013984579826
3611,1.081573247909546,8,892,585.2013984579826
3612,1.080716609954834,8,892,585.2013984579826
3613,1.079492211341858,8,892,585.2013984579826
3614,1.0778650045394897,8,892,585.2013984579826
3615,1.0757575035095215,8,892,585.2013984579826
3616,1.0828746557235718,8,892,585.2013984579826
3617,1.0806941986083984,8,892,585.2013984579826
3618,1.0767767429351807,8,892,585.2013984579826
3619,1.0788809061050415,8,892,585.2013984579826
3620,1.0801721811294556,8,892,585.2013984579826
3621,1.080876111984253,8,892,585.2013984579826
3622,1.0810893774032593,8,892,585.2013984579826
3623,1.0808796882629395,8,892,585.2013984579826
3624,1.0802817344665527,8,892,585.2013984579826
3625,1.0792850255966187,8,892,585.2013984579826
3626,1.0778722763061523,8,892,585.2013984579826
3627,1.076019287109375,8,892,585.2013984579826
3628,1.0802650451660156,8,892,585.2013984579826
3629,1.07754647731781,8,892,585.2013984579826
3630,1.0774011611938477,8,892,585.2013984579826
3631,1.0794817209243774,8,892,585.2013984579826
3632,1.0807979106903076,8,892,585.2013984579826
3633,1.0815534591674805,8,892,585.2013984579826
3634,1.081821084022522,8,892,585.2013984579826
3635,1.0816975831985474,8,892,585.2013984579826
3636,1.0811975002288818,8,892,585.2013984579826
3637,1.0803428888320923,8,892,585.2013984579826
3638,1.0791139602661133,8,892,585.2013984579826
3639,1.0774800777435303,8,892,585.2013984579826
3640,1.0753791332244873,8,892,585.2013984579826
3641,1.083783745765686,8,892,585.2013984579826
3642,1.0816196203231812,8,892,585.2013984579826
3643,1.0763969421386719,8,892,585.2013984579826
3644,1.0784839391708374,8,892,585.2013984579826
3645,1.0797832012176514,8,892,585.2013984579826
3646,1.080485463142395,8,892,585.2013984579826
3647,1.0806975364685059,8,892,585.2013984579826
3648,1.0804851055145264,8,892,585.2013984579826
3649,1.07988703250885,8,892,585.2013984579826
3650,1.0788861513137817,8,892,585.2013984579826
3651,1.077471375465393,8,892,585.2013984579826
3652,1.0756288766860962,8,892,585.2013984579826
3653,1.0813177824020386,8,892,585.2013984579826
3654,1.078607201576233,8,892,585.2013984579826
3655,1.0770070552825928,8,892,585.2013984579826
3656,1.0790889263153076,8,892,585.2013984579826
3657,1.0804014205932617,8,892,585.2013984579826
3658,1.081152319908142,8,892,585.2013984579826
3659,1.0814251899719238,8,892,585.2013984579826
3660,1.081292748451233,8,892,585.2013984579826
3661,1.080802083015442,8,892,585.2013984579826
3662,1.0799376964569092,8,892,585.2013984579826
3663,1.0787124633789062,8,892,585.2013984579826
3664,1.0770790576934814,8,892,585.2013984579826
3665,1.074973225593567,8,892,585.2013984579826
3666,1.0848710536956787,8,892,585.2013984579826
3667,1.0827008485794067,8,892,585.2013984579826
3668,1.0760059356689453,8,892,585.2013984579826
3669,1.078084945678711,8,892,585.2013984579826
3670,1.0793863534927368,8,892,585.2013984579826
3671,1.0800862312316895,8,892,585.2013984579826
3672,1.0803008079528809,8,892,585.2013984579826
3673,1.080090880393982,8,892,585.2013984579826
3674,1.079493761062622,8,892,585.2013984579826
3675,1.078492283821106,8,892,585.2013984579826
3676,1.0770809650421143,8,892,585.2013984579826
3677,1.075218915939331,8,892,585.2013984579826
3678,1.0823842287063599,8,892,585.2013984579826
3679,1.0796784162521362,8,892,585.2013984579826
3680,1.0766034126281738,8,892,585.2013984579826
3681,1.0786911249160767,8,892,585.2013984579826
3682,1.0800106525421143,8,892,585.2013984579826
3683,1.0807483196258545,8,892,585.2013984579826
3684,1.081028938293457,8,892,585.2013984579826
3685,1.080894112586975,8,892,585.2013984579826
3686,1.0804047584533691,8,892,585.2013984579826
3687,1.079550862312317,8,892,585.2013984579826
3688,1.0783246755599976,8,892,585.2013984579826
3689,1.0766862630844116,8,892,585.2013984579826
3690,1.0745950937271118,8,892,585.2013984579826
3691,1.0751513242721558,8,892,585.2013984579826
3692,1.075096845626831,8,892,585.2013984579826
3693,1.0750378370285034,8,892,585.2013984579826
3694,1.0763647556304932,8,892,585.2013984579826
3695,1.0774953365325928,8,892,585.2013984579826
3696,1.0779927968978882,8,892,585.2013984579826
3697,1.07796311378479,8,892,585.2013984579826
3698,1.0774770975112915,8,892,585.2013984579826
3699,1.0765460729599,8,892,585.2013984579826
3700,1.0751265287399292,8,892,585.2013984579826
3701,1.0802193880081177,8,892,585.2013984579826
3702,1.0761510133743286,8,892,585.2013984579826
3703,1.0773839950561523,8,892,585.2013984579826
3704,1.0795642137527466,8,892,585.2013984579826
3705,1.0809869766235352,8,892,585.2013984579826
3706,1.0818651914596558,8,892,585.2013984579826
3707,1.0822869539260864,8,892,585.2013984579826
3708,1.0823347568511963,8,892,585.2013984579826
3709,1.0820657014846802,8,892,585.2013984579826
3710,1.0814629793167114,8,892,585.2013984579826
3711,1.0805623531341553,8,892,585.2013984579826
3712,1.0793331861495972,8,892,585.2013984579826
3713,1.0777368545532227,8,892,585.2013984579826
3714,1.0757097005844116,8,892,585.2013984579826
3715,1.079930305480957,8,892,585.2013984579826
3716,1.0784026384353638,8,892,585.2013984579826
3717,1.076377272605896,8,892,585.2013984579826
3718,1.078220248222351,8,892,585.2013984579826
3719,1.0793524980545044,8,892,585.2013984579826
3720,1.0799411535263062,8,892,585.2013984579826
3721,1.0800784826278687,8,892,585.2013984579826
3722,1.0798041820526123,8,892,585.2013984579826
3723,1.0791469812393188,8,892,585.2013984579826
3724,1.0781311988830566,8,892,585.2013984579826
3725,1.0766983032226562,8,892,585.2013984579826
3726,1.0748295783996582,8,892,585.2013984579826
3727,1.082853078842163,8,892,585.2013984579826
3728,1.0803656578063965,8,892,585.2013984579826
3729,1.076090931892395,8,892,585.2013984579826
3730,1.0781139135360718,8,892,585.2013984579826
3731,1.079391598701477,8,892,585.2013984579826
3732,1.0800985097885132,8,892,585.2013984579826
3733,1.0803555250167847,8,892,585.2013984579826
3734,1.0802053213119507,8,892,585.2013984579826
3735,1.079688310623169,8,892,585.2013984579826
3736,1.0788090229034424,8,892,585.2013984579826
3737,1.0775597095489502,8,892,585.2013984579826
3738,1.0759036540985107,8,892,585.2013984579826
3739,1.0769041776657104,8,892,585.2013984579826
3740,1.0744571685791016,8,892,585.2013984579826
3741,1.0771626234054565,8,892,585.2013984579826
3742,1.07904052734375,8,892,585.2013984579826
3743,1.0802258253097534,8,892,585.2013984579826
3744,1.0808804035186768,8,892,585.2013984579826
3745,1.0811259746551514,8,892,585.2013984579826
3746,1.0809950828552246,8,892,585.2013984579826
3747,1.0805222988128662,8,892,585.2013984579826
3748,1.0797289609909058,8,892,585.2013984579826
3749,1.0785861015319824,8,892,585.2013984579826
3750,1.0770741701126099,8,892,585.2013984579826
3751,1.0751376152038574,8,892,585.2013984579826
3752,1.0811740159988403,8,892,585.2013984579826
3753,1.079325795173645,8,892,585.2013984579826
3754,1.076012134552002,8,892,585.2013984579826
3755,1.0778884887695312,8,892,585.2013984579826
3756,1.079058289527893,8,892,585.2013984579826
3757,1.0796794891357422,8,892,585.2013984579826
3758,1.0798536539077759,8,892,585.2013984579826
3759,1.0796194076538086,8,892,585.2013984579826
3760,1.0790283679962158,8,892,585.2013984579826
3761,1.0780740976333618,8,892,585.2013984579826
3762,1.0767287015914917,8,892,585.2013984579826
3763,1.0749634504318237,8,892,585.2013984579826
3764,1.080947995185852,8,892,585.2013984579826
3765,1.0785146951675415,8,892,585.2013984579826
3766,1.0761878490447998,8,892,585.2013984579826
3767,1.0781389474868774,8,892,585.2013984579826
3768,1.0793671607971191,8,892,585.2013984579826
3769,1.0800485610961914,8,892,585.2013984579826
3770,1.0802829265594482,8,892,585.2013984579826
3771,1.0801435708999634,8,892,585.2013984579826
3772,1.079647421836853,8,892,585.2013984579826
3773,1.0788061618804932,8,892,585.2013984579826
3774,1.0776079893112183,8,892,585.2013984579826
3775,1.0760064125061035,8,892,585.2013984579826
3776,1.0752413272857666,8,892,585.2013984579826
3777,1.0744918584823608,8,892,585.2013984579826
3778,1.074426531791687,8,892,585.2013984579826
3779,1.0758752822875977,8,892,585.2013984579826
3780,1.0756322145462036,8,892,585.2013984579826
3781,1.0767115354537964,8,892,585.2013984579826
3782,1.0771887302398682,8,892,585.2013984579826
3783,1.0771470069885254,8,892,585.2013984579826
3784,1.0766643285751343,8,892,585.2013984579826
3785,1.0757362842559814,8,892,585.2013984579826
3786,1.0743494033813477,8,892,585.2013984579826
3787,1.0814167261123657,8,892,585.2013984579826
3788,1.0774917602539062,8,892,585.2013984579826
3789,1.076532006263733,8,892,585.2013984579826
3790,1.078654170036316,8,892,585.2013984579826
3791,1.080047607421875,8,892,585.2013984579826
3792,1.0808918476104736,8,892,585.2013984579826
3793,1.0812952518463135,8,892,585.2013984579826
3794,1.0813401937484741,8,892,585.2013984579826
3795,1.081060767173767,8,892,585.2013984579826
3796,1.080470085144043,8,892,585.2013984579826
3797,1.079572319984436,8,892,585.2013984579826
3798,1.0783499479293823,8,892,585.2013984579826
3799,1.0767639875411987,8,892,585.2013984579826
3800,1.0747660398483276,8,892,585.2013984579826
3801,1.0819287300109863,8,892,585.2013984579826
3802,1.0804402828216553,8,892,585.2013984579826
3803,1.0754058361053467,8,892,585.2013984579826
3804,1.077236533164978,8,892,585.2013984579826
3805,1.0783603191375732,8,892,585.2013984579826
3806,1.078935146331787,8,892,585.2013984579826
3807,1.0790623426437378,8,892,585.2013984579826
3808,1.0787813663482666,8,892,585.2013984579826
3809,1.0781304836273193,8,892,585.2013984579826
3810,1.0771247148513794,8,892,585.2013984579826
3811,1.0757051706314087,8,892,585.2013984579826
3812,1.0749564170837402,8,892,585.2013984579826
3813,1.074502944946289,8,892,585.2013984579826
3814,1.0745649337768555,8,892,585.2013984579826
3815,1.0740725994110107,8,892,585.2013984579826
3816,1.0782089233398438,8,892,585.2013984579826
3817,1.0746179819107056,8,892,585.2013984579826
3818,1.0754421949386597,8,892,585.2013984579826
3819,1.0756603479385376,8,892,585.2013984579826
3820,1.0753737688064575,8,892,585.2013984579826
3821,1.0745892524719238,8,892,585.2013984579826
3822,1.0769593715667725,8,892,585.2013984579826
3823,1.074598789215088,8,892,585.2013984579826
3824,1.0751965045928955,8,892,585.2013984579826
3825,1.0752267837524414,8,892,585.2013984579826
3826,1.0747151374816895,8,892,585.2013984579826
3827,1.0751570463180542,8,892,585.2013984579826
3828,1.07518470287323,8,892,585.2013984579826
3829,1.0759365558624268,8,892,585.2013984579826
3830,1.0761291980743408,8,892,585.2013984579826
3831,1.075831651687622,8,892,585.2013984579826
3832,1.075058937072754,8,892,585.2013984579826
3833,1.074639081954956,8,892,585.2013984579826
3834,1.0750277042388916,8,892,585.2013984579826
3835,1.0755815505981445,8,892,585.2013984579826
3836,1.0755928754806519,8,892,585.2013984579826
3837,1.075085163116455,8,892,585.2013984579826
3838,1.0741124153137207,8,892,585.2013984579826
3839,1.079548954963684,8,892,585.2013984579826
3840,1.0744763612747192,8,892,585.2013984579826
3841,1.0770472288131714,8,892,585.2013984579826
3842,1.0792418718338013,8,892,585.2013984579826
3843,1.0807126760482788,8,892,585.2013984579826
3844,1.0816491842269897,8,892,585.2013984579826
3845,1.082162857055664,8,892,585.2013984579826
3846,1.082348346710205,8,892,585.2013984579826
3847,1.0822373628616333,8,892,585.2013984579826
3848,1.0818486213684082,8,892,585.2013984579826
3849,1.0812065601348877,8,892,585.2013984579826
3850,1.080282211303711,8,892,585.2013984579826
3851,1.0790820121765137,8,892,585.2013984579826
3852,1.077552080154419,8,892,585.2013984579826
3853,1.075648307800293,8,892,585.2013984579826
3854,1.0764641761779785,8,892,585.2013984579826
3855,1.0754847526550293,8,892,585.2013984579826
3856,1.0759994983673096,8,892,585.2013984579826
3857,1.0776114463806152,8,892,585.2013984579826
3858,1.0785901546478271,8,892,585.2013984579826
3859,1.079060673713684,8,892,585.2013984579826
3860,1.0791152715682983,8,892,585.2013984579826
3861,1.0787849426269531,8,892,585.2013984579826
3862,1.0781265497207642,8,892,585.2013984579826
3863,1.077101230621338,8,892,585.2013984579826
3864,1.0756950378417969,8,892,585.2013984579826
3865,1.073858618736267,8,892,585.2013984579826
3866,1.074462890625,8,892,585.2013984579826
3867,1.0744733810424805,8,892,585.2013984579826
3868,1.0739775896072388,8,892,585.2013984579826
3869,1.0775995254516602,8,892,585.2013984579826
3870,1.074450969696045,8,892,585.2013984579826
3871,1.0752335786819458,8,892,585.2013984579826
3872,1.0754276514053345,8,892,585.2013984579826
3873,1.075121521949768,8,892,585.2013984579826
3874,1.0743408203125,8,892,585.2013984579826
3875,1.0769588947296143,8,892,585.2013984579826
3876,1.0743240118026733,8,892,585.2013984579826
3877,1.0748957395553589,8,892,585.2013984579826
3878,1.0749032497406006,8,892,585.2013984579826
3879,1.0743954181671143,8,892,585.2013984579826
3880,1.0754622220993042,8,892,585.2013984579826
3881,1.0748378038406372,8,892,585.2013984579826
3882,1.0755826234817505,8,892,585.2013984579826
3883,1.0757625102996826,8,892,585.2013984579826
3884,1.0754508972167969,8,892,585.2013984579826
3885,1.0746808052062988,8,892,585.2013984579826
3886,1.0751680135726929,8,892,585.2013984579826
3887,1.0746526718139648,8,892,585.2013984579826
3888,1.0751926898956299,8,892,585.2013984579826
3889,1.0751816034317017,8,892,585.2013984579826
3890,1.0746906995773315,8,892,585.2013984579826
3891,1.0739293098449707,8,892,585.2013984579826
3892,1.0751084089279175,8,892,585.2013984579826
3893,1.0758280754089355,8,892,585.2013984579826
3894,1.0759963989257812,8,892,585.2013984579826
3895,1.0756856203079224,8,892,585.2013984579826
3896,1.0749255418777466,8,892,585.2013984579826
3897,1.0738482475280762,8,892,585.2013984579826
3898,1.0748775005340576,8,892,585.2013984579826
3899,1.075408697128296,8,892,585.2013984579826
3900,1.0753940343856812,8,892,585.2013984579826
3901,1.0749034881591797,8,892,585.2013984579826
3902,1.0739473104476929,8,892,585.2013984579826
3903,1.0789211988449097,8,892,585.2013984579826
3904,1.073992133140564,8,892,585.2013984579826
3905,1.0767879486083984,8,892,585.2013984579826
3906,1.078931212425232,8,892,585.2013984579826
3907,1.080372929573059,8,892,585.2013984579826
3908,1.0812931060791016,8,892,585.2013984579826
3909,1.0817960500717163,8,892,585.2013984579826
3910,1.0819751024246216,8,892,585.2013984579826
3911,1.0818512439727783,8,892,585.2013984579826
3912,1.0814712047576904,8,892,585.2013984579826
3913,1.0808253288269043,8,892,585.2013984579826
3914,1.079912543296814,8,892,585.2013984579826
3915,1.0787135362625122,8,892,585.2013984579826
3916,1.0771979093551636,8,892,585.2013984579826
3917,1.0753214359283447,8,892,585.2013984579826
3918,1.0765578746795654,8,892,585.2013984579826
3919,1.0755937099456787,8,892,585.2013984579826
3920,1.0756596326828003,8,892,585.2013984579826
3921,1.0772613286972046,8,892,585.2013984579826
3922,1.078216314315796,8,892,585.2013984579826
3923,1.0786898136138916,8,892,585.2013984579826
3924,1.0787451267242432,8,892,585.2013984579826
3925,1.078432321548462,8,892,585.2013984579826
3926,1.0777615308761597,8,892,585.2013984579826
3927,1.0767433643341064,8,892,585.2013984579826
3928,1.0753411054611206,8,892,585.2013984579826
3929,1.0740593671798706,8,892,585.2013984579826
3930,1.07411789894104,8,892,585.2013984579826
3931,1.0741409063339233,8,892,585.2013984579826
3932,1.0736361742019653,8,892,585.2013984579826
3933,1.07778000831604,8,892,585.2013984579826
3934,1.0741147994995117,8,892,585.2013984579826
3935,1.074885368347168,8,892,585.2013984579826
3936,1.0750832557678223,8,892,585.2013984579826
3937,1.0747836828231812,8,892,585.2013984579826
3938,1.0739974975585938,8,892,585.2013984579826
3939,1.0771477222442627,8,892,585.2013984579826
3940,1.0739835500717163,8,892,585.2013984579826
3941,1.0745484828948975,8,892,585.2013984579826
3942,1.074559211730957,8,892,585.2013984579826
3943,1.074058175086975,8,892,585.2013984579826
3944,1.0756609439849854,8,892,585.2013984579826
3945,1.0744916200637817,8,892,585.2013984579826
3946,1.0752283334732056,8,892,585.2013984579826
3947,1.0754189491271973,8,892,585.2013984579826
3948,1.0751146078109741,8,892,585.2013984579826
3949,1.074346899986267,8,892,585.2013984579826
3950,1.0753737688064575,8,892,585.2013984579826
3951,1.0743017196655273,8,892,585.2013984579826
3952,1.0748480558395386,8,892,585.2013984579826
3953,1.0748456716537476,8,892,585.2013984579826
3954,1.0743424892425537,8,892,585.2013984579826
3955,1.0741348266601562,8,892,585.2013984579826
3956,1.0747597217559814,8,892,585.2013984579826
3957,1.0754783153533936,8,892,585.2013984579826
3958,1.0756531953811646,8,892,585.2013984579826
3959,1.0753360986709595,8,892,585.2013984579826
3960,1.0745829343795776,8,892,585.2013984579826
3961,1.074042558670044,8,892,585.2013984579826
3962,1.0745329856872559,8,892,585.2013984579826
3963,1.075055718421936,8,892,585.2013984579826
3964,1.0750453472137451,8,892,585.2013984579826
3965,1.0745574235916138,8,892,585.2013984579826
3966,1.0735925436019897,8,892,585.2013984579826
3967,1.0790948867797852,8,892,585.2013984579826
3968,1.0741597414016724,8,892,585.2013984579826
3969,1.0764470100402832,8,892,585.2013984579826
3970,1.0786020755767822,8,892,585.2013984579826
3971,1.0800360441207886,8,892,585.2013984579826
3972,1.0809575319290161,8,892,585.2013984579826
3973,1.0814666748046875,8,892,585.2013984579826
3974,1.0816395282745361,8,892,585.2013984579826
3975,1.0815216302871704,8,892,585.2013984579826
3976,1.081141710281372,8,892,585.2013984579826
3977,1.0805007219314575,8,892,585.2013984579826
3978,1.0795944929122925,8,892,585.2013984579826
3979,1.0784006118774414,8,892,585.2013984579826
3980,1.0768967866897583,8,892,585.2013984579826
3981,1.0750094652175903,8,892,585.2013984579826
3982,1.0765128135681152,8,892,585.2013984579826
3983,1.0755369663238525,8,892,585.2013984579826
3984,1.0753724575042725,8,892,585.2013984579826
3985,1.0769648551940918,8,892,585.2013984579826
3986,1.0779300928115845,8,892,585.2013984579826
3987,1.0784003734588623,8,892,585.2013984579826
3988,1.0784640312194824,8,892,585.2013984579826
3989,1.0781464576721191,8,892,585.2013984579826
3990,1.0774842500686646,8,892,585.2013984579826
3991,1.0764682292938232,8,892,585.2013984579826
3992,1.075078010559082,8,892,585.2013984579826
3993,1.0738115310668945,8,892,585.2013984579826
3994,1.0738537311553955,8,892,585.2013984579826
3995,1.0738755464553833,8,892,585.2013984579826
3996,1.0733848810195923,8,892,585.2013984579826
3997,1.0774651765823364,8,892,585.2013984579826
3998,1.0738619565963745,8,892,585.2013984579826
3999,1.0746337175369263,8,892,585.2013984579826
4000,1.0748395919799805,8,892,585.2013984579826
4001,1.0745350122451782,8,892,585.2013984579826
4002,1.0737594366073608,8,892,585.2013984579826
4003,1.0767556428909302,8,892,585.2013984579826
4004,1.0737491846084595,8,892,585.2013984579826
4005,1.0743122100830078,8,892,585.2013984579826
4006,1.074318766593933,8,892,585.2013984579826
4007,1.073825478553772,8,892,585.2013984579826
4008,1.0751993656158447,8,892,585.2013984579826
4009,1.0742613077163696,8,892,585.2013984579826
4010,1.0750031471252441,8,892,585.2013984579826
4011,1.075186848640442,8,892,585.2013984579826
4012,1.0748791694641113,8,892,585.2013984579826
4013,1.0741140842437744,8,892,585.2013984579826
4014,1.0748380422592163,8,892,585.2013984579826
4015,1.0740883350372314,8,892,585.2013984579826
4016,1.0746238231658936,8,892,585.2013984579826
4017,1.0746307373046875,8,892,585.2013984579826
4018,1.0741329193115234,8,892,585.2013984579826
4019,1.0735307931900024,8,892,585.2013984579826
4020,1.0745444297790527,8,892,585.2013984579826
4021,1.0752716064453125,8,892,585.2013984579826
4022,1.0754389762878418,8,892,585.2013984579826
4023,1.0751372575759888,8,892,585.2013984579826
4024,1.0743739604949951,8,892,585.2013984579826
4025,1.073362946510315,8,892,585.2013984579826
4026,1.0743322372436523,8,892,585.2013984579826
4027,1.074856162071228,8,892,585.2013984579826
4028,1.074852466583252,8,892,585.2013984579826
4029,1.074364423751831,8,892,585.2013984579826
4030,1.0733966827392578,8,892,585.2013984579826
4031,1.0783554315567017,8,892,585.2013984579826
4032,1.0733803510665894,8,892,585.2013984579826
4033,1.0762687921524048,8,892,585.2013984579826
4034,1.078421711921692,8,892,585.2013984579826
4035,1.0798616409301758,8,892,585.2013984579826
4036,1.0807757377624512,8,892,585.2013984579826
4037,1.0813007354736328,8,892,585.2013984579826
4038,1.0814733505249023,8,892,585.2013984579826
4039,1.0813636779785156,8,892,585.2013984579826
4040,1.0809857845306396,8,892,585.2013984579826
4041,1.0803455114364624,8,892,585.2013984579826
4042,1.079442024230957,8,892,585.2013984579826
4043,1.0782631635665894,8,892,585.2013984579826
4044,1.0767545700073242,8,892,585.2013984579826
4045,1.0748600959777832,8,892,585.2013984579826
4046,1.075433373451233,8,892,585.2013984579826
4047,1.0744349956512451,8,892,585.2013984579826
4048,1.0752378702163696,8,892,585.2013984579826
4049,1.0768440961837769,8,892,585.2013984579826
4050,1.0778013467788696,8,892,585.2013984579826
4051,1.0782760381698608,8,892,585.2013984579826
4052,1.0783406496047974,8,892,585.2013984579826
4053,1.078033447265625,8,892,585.2013984579826
4054,1.0773812532424927,8,892,585.2013984579826
4055,1.0763680934906006,8,892,585.2013984579826
4056,1.0749788284301758,8,892,585.2013984579826
4057,1.0731664896011353,8,892,585.2013984579826
4058,1.0823463201522827,8,892,585.2013984579826
4059,1.080081820487976,8,892,585.2013984579826
4060,1.07429039478302,8,892,585.2013984579826
4061,1.0762145519256592,8,892,585.2013984579826
4062,1.077424168586731,8,892,585.2013984579826
4063,1.0780857801437378,8,892,585.2013984579826
4064,1.078311800956726,8,892,585.2013984579826
4065,1.0781505107879639,8,892,585.2013984579826
4066,1.077640414237976,8,892,585.2013984579826
4067,1.076782464981079,8,892,585.2013984579826
4068,1.0755611658096313,8,892,585.2013984579826
4069,1.073918342590332,8,892,585.2013984579826
4070,1.0778417587280273,8,892,585.2013984579826
4071,1.075460433959961,8,892,585.2013984579826
4072,1.0751549005508423,8,892,585.2013984579826
4073,1.0769870281219482,8,892,585.2013984579826
4074,1.078138828277588,8,892,585.2013984579826
4075,1.0787991285324097,8,892,585.2013984579826
4076,1.0790247917175293,8,892,585.2013984579826
4077,1.0789027214050293,8,892,585.2013984579826
4078,1.0784380435943604,8,892,585.2013984579826
4079,1.0776631832122803,8,892,585.2013984579826
4080,1.0765349864959717,8,892,585.2013984579826
4081,1.0750459432601929,8,892,585.2013984579826
4082,1.0731325149536133,8,892,585.2013984579826
4083,1.0821706056594849,8,892,585.2013984579826
4084,1.0803122520446777,8,892,585.2013984579826
4085,1.0740022659301758,8,892,585.2013984579826
4086,1.0758806467056274,8,892,585.2013984579826
4087,1.0770385265350342,8,892,585.2013984579826
4088,1.0776615142822266,8,892,585.2013984579826
4089,1.0778270959854126,8,892,585.2013984579826
4090,1.0776077508926392,8,892,585.2013984579826
4091,1.0770339965820312,8,892,585.2013984579826
4092,1.0760831832885742,8,892,585.2013984579826
4093,1.074776291847229,8,892,585.2013984579826
4094,1.0730180740356445,8,892,585.2013984579826
4095,1.081547737121582,8,892,585.2013984579826
4096,1.0791170597076416,8,892,585.2013984579826
4097,1.074233889579773,8,892,585.2013984579826
4098,1.0761620998382568,8,892,585.2013984579826
4099,1.0773807764053345,8,892,585.2013984579826
4100,1.0780479907989502,8,892,585.2013984579826
4101,1.078287959098816,8,892,585.2013984579826
4102,1.078139305114746,8,892,585.2013984579826
4103,1.0776426792144775,8,892,585.2013984579826
4104,1.0768170356750488,8,892,585.2013984579826
4105,1.0756317377090454,8,892,585.2013984579826
4106,1.0740548372268677,8,892,585.2013984579826
4107,1.0755425691604614,8,892,585.2013984579826
4108,1.0732603073120117,8,892,585.2013984579826
4109,1.0752155780792236,8,892,585.2013984579826
4110,1.0769622325897217,8,892,585.2013984579826
4111,1.0780762434005737,8,892,585.2013984579826
4112,1.0786888599395752,8,892,585.2013984579826
4113,1.0788896083831787,8,892,585.2013984579826
4114,1.0787562131881714,8,892,585.2013984579826
4115,1.078298568725586,8,892,585.2013984579826
4116,1.0775213241577148,8,892,585.2013984579826
4117,1.0764240026474,8,892,585.2013984579826
4118,1.0749799013137817,8,892,585.2013984579826
4119,1.0731322765350342,8,892,585.2013984579826
4120,1.0800747871398926,8,892,585.2013984579826
4121,1.0783390998840332,8,892,585.2013984579826
4122,1.0739295482635498,8,892,585.2013984579826
4123,1.075706124305725,8,892,585.2013984579826
4124,1.0768095254898071,8,892,585.2013984579826
4125,1.0773969888687134,8,892,585.2013984579826
4126,1.0775541067123413,8,892,585.2013984579826
4127,1.077331304550171,8,892,585.2013984579826
4128,1.076763391494751,8,892,585.2013984579826
4129,1.0758453607559204,8,892,585.2013984579826
4130,1.0745688676834106,8,892,585.2013984579826
4131,1.0728861093521118,8,892,585.2013984579826
4132,1.0799891948699951,8,892,585.2013984579826
4133,1.0776550769805908,8,892,585.2013984579826
4134,1.0740598440170288,8,892,585.2013984579826
4135,1.0759185552597046,8,892,585.2013984579826
4136,1.0770899057388306,8,892,585.2013984579826
4137,1.07774019241333,8,892,585.2013984579826
4138,1.0779728889465332,8,892,585.2013984579826
4139,1.0778368711471558,8,892,585.2013984579826
4140,1.0773704051971436,8,892,585.2013984579826
4141,1.0765635967254639,8,892,585.2013984579826
4142,1.0754276514053345,8,892,585.2013984579826
4143,1.0738970041275024,8,892,585.2013984579826
4144,1.0744127035140991,8,892,585.2013984579826
4145,1.0724679231643677,8,892,585.2013984579826
4146,1.0724451541900635,8,892,585.2013984579826
4147,1.0745106935501099,8,892,585.2013984579826
4148,1.0758615732192993,8,892,585.2013984579826
4149,1.076621174812317,8,892,585.2013984579826
4150,1.0769087076187134,8,892,585.2013984579826
4151,1.0767910480499268,8,892,585.2013984579826
4152,1.076306939125061,8,892,585.2013984579826
4153,1.0754549503326416,8,892,585.2013984579826
4154,1.0742355585098267,8,892,585.2013984579826
4155,1.072585105895996,8,892,585.2013984579826
4156,1.0804446935653687,8,892,585.2013984579826
4157,1.0778449773788452,8,892,585.2013984579826
4158,1.073940634727478,8,892,585.2013984579826
4159,1.0758421421051025,8,892,585.2013984579826
4160,1.0770552158355713,8,892,585.2013984579826
4161,1.0777416229248047,8,892,585.2013984579826
4162,1.0780023336410522,8,892,585.2013984579826
4163,1.0779097080230713,8,892,585.2013984579826
4164,1.0774742364883423,8,892,585.2013984579826
4165,1.076705813407898,8,892,585.2013984579826
4166,1.0756103992462158,8,892,585.2013984579826
4167,1.0741432905197144,8,892,585.2013984579826
4168,1.0725475549697876,8,892,585.2013984579826
4169,1.07277512550354,8,892,585.2013984579826
4170,1.0727176666259766,8,892,585.2013984579826
4171,1.0729515552520752,8,892,585.2013984579826
4172,1.0738623142242432,8,892,585.2013984579826
4173,1.0748716592788696,8,892,585.2013984579826
4174,1.0753211975097656,8,892,585.2013984579826
4175,1.0752911567687988,8,892,585.2013984579826
4176,1.0748447179794312,8,892,585.2013984579826
4177,1.0739833116531372,8,892,585.2013984579826
4178,1.0726981163024902,8,892,585.2013984579826
4179,1.0779434442520142,8,892,585.2013984579826
4180,1.0742816925048828,8,892,585.2013984579826
4181,1.0747342109680176,8,892,585.2013984579826
4182,1.0767154693603516,8,892,585.2013984579826
4183,1.0780086517333984,8,892,585.2013984579826
4184,1.07878839969635,8,892,585.2013984579826
4185,1.0791715383529663,8,892,585.2013984579826
4186,1.0792144536972046,8,892,585.2013984579826
4187,1.0789470672607422,8,892,585.2013984579826
4188,1.0784010887145996,8,892,585.2013984579826
4189,1.0775641202926636,8,892,585.2013984579826
4190,1.0764201879501343,8,892,585.2013984579826
4191,1.0749369859695435,8,892,585.2013984579826
4192,1.0730575323104858,8,892,585.2013984579826
4193,1.078674077987671,8,892,585.2013984579826
4194,1.077277660369873,8,892,585.2013984579826
4195,1.073668360710144,8,892,585.2013984579826
4196,1.0753923654556274,8,892,585.2013984579826
4197,1.0764440298080444,8,892,585.2013984579826
4198,1.0769824981689453,8,892,585.2013984579826
4199,1.0771033763885498,8,892,585.2013984579826
4200,1.0768482685089111,8,892,585.2013984579826
4201,1.0762360095977783,8,892,585.2013984579826
4202,1.7419542074203491,16,892,585.2013984579826
4203,1.082018256187439,16,892,585.2013984579826
4204,1.1198666095733643,16,892,585.2013984579826
4205,1.1258251667022705,16,892,585.2013984579826
4206,1.1266076564788818,16,892,585.2013984579826
4207,1.126333475112915,16,892,585.2013984579826
4208,1.1259022951126099,16,892,585.2013984579826
4209,1.1255786418914795,16,892,585.2013984579826
4210,1.1253658533096313,16,892,585.2013984579826
4211,1.125099539756775,16,892,585.2013984579826
4212,1.1245899200439453,16,892,585.2013984579826
4213,1.1238598823547363,16,892,585.2013984579826
4214,1.123173713684082,16,892,585.2013984579826
4215,1.122902750968933,16,892,585.2013984579826
4216,1.1226999759674072,16,892,585.2013984579826
4217,1.122016429901123,16,892,585.2013984579826
4218,1.121443271636963,16,892,585.2013984579826
4219,1.1212958097457886,16,892,585.2013984579826
4220,1.1212568283081055,16,892,585.2013984579826
4221,1.1210604906082153,16,892,585.2013984579826
4222,1.1207246780395508,16,892,585.2013984579826
4223,1.1204735040664673,16,892,585.2013984579826
4224,1.1204205751419067,16,892,585.2013984579826
4225,1.1203782558441162,16,892,585.2013984579826
4226,1.1201558113098145,16,892,585.2013984579826
4227,1.119861125946045,16,892,585.2013984579826
4228,1.1196403503417969,16,892,585.2013984579826
4229,1.119412899017334,16,892,585.2013984579826
4230,1.1191093921661377,16,892,585.2013984579826
4231,1.1187140941619873,16,892,585.2013984579826
4232,1.1182551383972168,16,892,585.2013984579826
4233,1.1177347898483276,16,892,585.2013984579826
4234,1.1172449588775635,16,892,585.2013984579826
4235,1.1169427633285522,16,892,585.2013984579826
4236,1.116775393486023,16,892,585.2013984579826
4237,1.1166399717330933,16,892,585.2013984579826
4238,1.1165050268173218,16,892,585.2013984579826
4239,1.1164048910140991,16,892,585.2013984579826
4240,1.116331934928894,16,892,585.2013984579826
4241,1.1162848472595215,16,892,585.2013984579826
4242,1.11623215675354,16,892,585.2013984579826
4243,1.1161718368530273,16,892,585.2013984579826
4244,1.1161096096038818,16,892,585.2013984579826
4245,1.1160287857055664,16,892,585.2013984579826
4246,1.1159416437149048,16,892,585.2013984579826
4247,1.1158422231674194,16,892,585.2013984579826
4248,1.1157474517822266,16,892,585.2013984579826
4249,1.115652084350586,16,892,585.2013984579826
4250,1.11554753780365,16,892,585.2013984579826
4251,1.1154391765594482,16,892,585.2013984579826
4252,1.1153331995010376,16,892,585.2013984579826
4253,1.1152127981185913,16,892,585.2013984579826
4254,1.1150773763656616,16,892,585.2013984579826
4255,1.1149275302886963,16,892,585.2013984579826
4256,1.1147438287734985,16,892,585.2013984579826
4257,1.1145237684249878,16,892,585.2013984579826
4258,1.1142264604568481,16,892,585.2013984579826
4259,1.1138758659362793,16,892,585.2013984579826
4260,1.1135205030441284,16,892,585.2013984579826
4261,1.1132502555847168,16,892,585.2013984579826
4262,1.1130701303482056,16,892,585.2013984579826
4263,1.112932562828064,16,892,585.2013984579826
4264,1.1128079891204834,16,892,585.2013984579826
4265,1.1126620769500732,16,892,585.2013984579826
4266,1.112476110458374,16,892,585.2013984579826
4267,1.112184762954712,16,892,585.2013984579826
4268,1.1117883920669556,16,892,585.2013984579826
4269,1.1113436222076416,16,892,585.2013984579826
4270,1.1110281944274902,16,892,585.2013984579826
4271,1.1108721494674683,16,892,585.2013984579826
4272,1.1107897758483887,16,892,585.2013984579826
4273,1.110744833946228,16,892,585.2013984579826
4274,1.110707402229309,16,892,585.2013984579826
4275,1.1106702089309692,16,892,585.2013984579826
4276,1.1106425523757935,16,892,585.2013984579826
4277,1.1106122732162476,16,892,585.2013984579826
4278,1.1105841398239136,16,892,585.2013984579826
4279,1.1105543375015259,16,892,585.2013984579826
4280,1.1105294227600098,16,892,585.2013984579826
4281,1.1105024814605713,16,892,585.2013984579826
4282,1.1104775667190552,16,892,585.2013984579826
4283,1.1104506254196167,16,892,585.2013984579826
4284,1.1104174852371216,16,892,585.2013984579826
4285,1.1103934049606323,16,892,585.2013984579826
4286,1.110363245010376,16,892,585.2013984579826
4287,1.1103395223617554,16,892,585.2013984579826
4288,1.1103084087371826,16,892,585.2013984579826
4289,1.1102803945541382,16,892,585.2013984579826
4290,1.1102421283721924,16,892,585.2013984579826
4291,1.1102063655853271,16,892,585.2013984579826
4292,1.1101680994033813,16,892,585.2013984579826
4293,1.1101287603378296,16,892,585.2013984579826
4294,1.1100823879241943,16,892,585.2013984579826
4295,1.1100358963012695,16,892,585.2013984579826
4296,1.109981894493103,16,892,585.2013984579826
4297,1.1099135875701904,16,892,585.2013984579826
4298,1.1098483800888062,16,892,585.2013984579826
4299,1.1097723245620728,16,892,585.2013984579826
4300,1.1096802949905396,16,892,585.2013984579826
4301,1.1095871925354004,16,892,585.2013984579826
4302,1.1094841957092285,16,892,585.2013984579826
4303,1.1093837022781372,16,892,585.2013984579826
4304,1.1092854738235474,16,892,585.2013984579826
4305,1.1091948747634888,16,892,585.2013984579826
4306,1.1091208457946777,16,892,585.2013984579826
4307,1.1090514659881592,16,892,585.2013984579826
4308,1.1089959144592285,16,892,585.2013984579826
4309,1.1089421510696411,16,892,585.2013984579826
4310,1.1088833808898926,16,892,585.2013984579826
4311,1.1088365316390991,16,892,585.2013984579826
4312,1.1087790727615356,16,892,585.2013984579826
4313,1.1087312698364258,16,892,585.2013984579826
4314,1.1086782217025757,16,892,585.2013984579826
4315,1.108630657196045,16,892,585.2013984579826
4316,1.1085816621780396,16,892,585.2013984579826
4317,1.1085352897644043,16,892,585.2013984579826
4318,1.1084874868392944,16,892,585.2013984579826
4319,1.1084421873092651,16,892,585.2013984579826
4320,1.108398199081421,16,892,585.2013984579826
4321,1.1083471775054932,16,892,585.2013984579826
4322,1.1082994937896729,16,892,585.2013984579826
4323,1.108257532119751,16,892,585.2013984579826
4324,1.1082088947296143,16,892,585.2013984579826
4325,1.108151912689209,16,892,585.2013984579826
4326,1.1080965995788574,16,892,585.2013984579826
4327,1.108043909072876,16,892,585.2013984579826
4328,1.1079814434051514,16,892,585.2013984579826
4329,1.107919692993164,16,892,585.2013984579826
4330,1.1078557968139648,16,892,585.2013984579826
4331,1.1077818870544434,16,892,585.2013984579826
4332,1.1077120304107666,16,892,585.2013984579826
4333,1.1076335906982422,16,892,585.2013984579826
4334,1.1075626611709595,16,892,585.2013984579826
4335,1.1074765920639038,16,892,585.2013984579826
4336,1.1073930263519287,16,892,585.2013984579826
4337,1.1073280572891235,16,892,585.2013984579826
4338,1.1072496175765991,16,892,585.2013984579826
4339,1.1071784496307373,16,892,585.2013984579826
4340,1.1071122884750366,16,892,585.2013984579826
4341,1.1070454120635986,16,892,585.2013984579826
4342,1.1069849729537964,16,892,585.2013984579826
4343,1.1069163084030151,16,892,585.2013984579826
4344,1.1068567037582397,16,892,585.2013984579826
4345,1.1067938804626465,16,892,585.2013984579826
4346,1.106722116470337,16,892,585.2013984579826
4347,1.1066577434539795,16,892,585.2013984579826
4348,1.106591820716858,16,892,585.2013984579826
4349,1.1065243482589722,16,892,585.2013984579826
4350,1.1064515113830566,16,892,585.2013984579826
4351,1.1063815355300903,16,892,585.2013984579826
4352,1.1063059568405151,16,892,585.2013984579826
4353,1.1062289476394653,16,892,585.2013984579826
4354,1.1061460971832275,16,892,585.2013984579826
4355,1.1060631275177002,16,892,585.2013984579826
4356,1.1059646606445312,16,892,585.2013984579826
4357,1.1058759689331055,16,892,585.2013984579826
4358,1.1057811975479126,16,892,585.2013984579826
4359,1.1056820154190063,16,892,585.2013984579826
4360,1.1055686473846436,16,892,585.2013984579826
4361,1.1054590940475464,16,892,585.2013984579826
4362,1.1053462028503418,16,892,585.2013984579826
4363,1.105221152305603,16,892,585.2013984579826
4364,1.1050962209701538,16,892,585.2013984579826
4365,1.1049643754959106,16,892,585.2013984579826
4366,1.104825735092163,16,892,585.2013984579826
4367,1.104686975479126,16,892,585.2013984579826
4368,1.1045266389846802,16,892,585.2013984579826
4369,1.104366660118103,16,892,585.2013984579826
4370,1.1042046546936035,16,892,585.2013984579826
4371,1.1040254831314087,16,892,585.2013984579826
4372,1.1038439273834229,16,892,585.2013984579826
4373,1.1036558151245117,16,892,585.2013984579826
4374,1.1034560203552246,16,892,585.2013984579826
4375,1.1032493114471436,16,892,585.2013984579826
4376,1.1030322313308716,16,892,585.2013984579826
4377,1.102806806564331,16,892,585.2013984579826
4378,1.1025681495666504,16,892,585.2013984579826
4379,1.1023244857788086,16,892,585.2013984579826
4380,1.1020745038986206,16,892,585.2013984579826
4381,1.1018084287643433,16,892,585.2013984579826
4382,1.1015403270721436,16,892,585.2013984579826
4383,1.1012569665908813,16,892,585.2013984579826
4384,1.1009740829467773,16,892,585.2013984579826
4385,1.1006795167922974,16,892,585.2013984579826
4386,1.1003824472427368,16,892,585.2013984579826
4387,1.1000746488571167,16,892,585.2013984579826
4388,1.0997663736343384,16,892,585.2013984579826
4389,1.0994577407836914,16,892,585.2013984579826
4390,1.0991473197937012,16,892,585.2013984579826
4391,1.0988438129425049,16,892,585.2013984579826
4392,1.0985305309295654,16,892,585.2013984579826
4393,1.09822678565979,16,892,585.2013984579826
4394,1.0979126691818237,16,892,585.2013984579826
4395,1.097618579864502,16,892,585.2013984579826
4396,1.0973252058029175,16,892,585.2013984579826
4397,1.0970275402069092,16,892,585.2013984579826
4398,1.0967649221420288,16,892,585.2013984579826
4399,1.0964851379394531,16,892,585.2013984579826
4400,1.0962202548980713,16,892,585.2013984579826
4401,1.095964789390564,16,892,585.2013984579826
4402,1.0957318544387817,16,892,585.2013984579826
4403,1.0954833030700684,16,892,585.2013984579826
4404,1.0952682495117188,16,892,585.2013984579826
4405,1.095051884651184,16,892,585.2013984579826
4406,1.0948359966278076,16,892,585.2013984579826
4407,1.0946334600448608,16,892,585.2013984579826
4408,1.0944480895996094,16,892,585.2013984579826
4409,1.0942596197128296,16,892,585.2013984579826
4410,1.094079613685608,16,892,585.2013984579826
4411,1.0939232110977173,16,892,585.2013984579826
4412,1.0937516689300537,16,892,585.2013984579826
4413,1.093604326248169,16,892,585.2013984579826
4414,1.0934542417526245,16,892,585.2013984579826
4415,1.0933070182800293,16,892,585.2013984579826
4416,1.0931735038757324,16,892,585.2013984579826
4417,1.0930308103561401,16,892,585.2013984579826
4418,1.0928969383239746,16,892,585.2013984579826
4419,1.092780590057373,16,892,585.2013984579826
4420,1.092644214630127,16,892,585.2013984579826
4421,1.0925265550613403,16,892,585.2013984579826
4422,1.0923997163772583,16,892,585.2013984579826
4423,1.0922861099243164,16,892,585.2013984579826
4424,1.0921719074249268,16,892,585.2013984579826
4425,1.092074990272522,16,892,585.2013984579826
4426,1.0919640064239502,16,892,585.2013984579826
4427,1.0918517112731934,16,892,585.2013984579826
4428,1.0917447805404663,16,892,585.2013984579826
4429,1.091632604598999,16,892,585.2013984579826
4430,1.0915268659591675,16,892,585.2013984579826
4431,1.0914162397384644,16,892,585.2013984579826
4432,1.0913161039352417,16,892,585.2013984579826
4433,1.0912132263183594,16,892,585.2013984579826
4434,1.0911091566085815,16,892,585.2013984579826
4435,1.0909966230392456,16,892,585.2013984579826
4436,1.090895414352417,16,892,585.2013984579826
4437,1.0907788276672363,16,892,585.2013984579826
4438,1.0906685590744019,16,892,585.2013984579826
4439,1.0905601978302002,16,892,585.2013984579826
4440,1.090436577796936,16,892,585.2013984579826
4441,1.0903304815292358,16,892,585.2013984579826
4442,1.0902286767959595,16,892,585.2013984579826
4443,1.0901108980178833,16,892,585.2013984579826
4444,1.0899888277053833,16,892,585.2013984579826
4445,1.0898609161376953,16,892,585.2013984579826
4446,1.0897389650344849,16,892,585.2013984579826
4447,1.0896131992340088,16,892,585.2013984579826
4448,1.0894874334335327,16,892,585.2013984579826
4449,1.0893563032150269,16,892,585.2013984579826
4450,1.0892306566238403,16,892,585.2013984579826
4451,1.0890856981277466,16,892,585.2013984579826
4452,1.0889414548873901,16,892,585.2013984579826
4453,1.0888010263442993,16,892,585.2013984579826
4454,1.0886578559875488,16,892,585.2013984579826
4455,1.0885074138641357,16,892,585.2013984579826
4456,1.0883526802062988,16,892,585.2013984579826
4457,1.0881962776184082,16,892,585.2013984579826
4458,1.088041067123413,16,892,585.2013984579826
4459,1.0878713130950928,16,892,585.2013984579826
4460,1.0877190828323364,16,892,585.2013984579826
4461,1.087544560432434,16,892,585.2013984579826
4462,1.0873695611953735,16,892,585.2013984579826
4463,1.0871926546096802,16,892,585.2013984579826
4464,1.0870180130004883,16,892,585.2013984579826
4465,1.0868383646011353,16,892,585.2013984579826
4466,1.0866535902023315,16,892,585.2013984579826
4467,1.08646821975708,16,892,585.2013984579826
4468,1.0862724781036377,16,892,585.2013984579826
4469,1.0860849618911743,16,892,585.2013984579826
4470,1.0859041213989258,16,892,585.2013984579826
4471,1.085703730583191,16,892,585.2013984579826
4472,1.0855144262313843,16,892,585.2013984579826
4473,1.0853241682052612,16,892,585.2013984579826
4474,1.0851367712020874,16,892,585.2013984579826
4475,1.084946870803833,16,892,585.2013984579826
4476,1.0847541093826294,16,892,585.2013984579826
4477,1.084560751914978,16,892,585.2013984579826
4478,1.0843710899353027,16,892,585.2013984579826
4479,1.0841957330703735,16,892,585.2013984579826
4480,1.0840163230895996,16,892,585.2013984579826
4481,1.0838335752487183,16,892,585.2013984579826
4482,1.0836639404296875,16,892,585.2013984579826
4483,1.0834885835647583,16,892,585.2013984579826
4484,1.0833232402801514,16,892,585.2013984579826
4485,1.0831633806228638,16,892,585.2013984579826
4486,1.0830050706863403,16,892,585.2013984579826
4487,1.0828572511672974,16,892,585.2013984579826
4488,1.0827062129974365,16,892,585.2013984579826
4489,1.0825693607330322,16,892,585.2013984579826
4490,1.0824391841888428,16,892,585.2013984579826
4491,1.0823062658309937,16,892,585.2013984579826
4492,1.0821797847747803,16,892,585.2013984579826
4493,1.0820494890213013,16,892,585.2013984579826
4494,1.0819427967071533,16,892,585.2013984579826
4495,1.0818312168121338,16,892,585.2013984579826
4496,1.0817221403121948,16,892,585.2013984579826
4497,1.0816251039505005,16,892,585.2013984579826
4498,1.0815321207046509,16,892,585.2013984579826
4499,1.0814439058303833,16,892,585.2013984579826
4500,1.0813496112823486,16,892,585.2013984579826
4501,1.0812779664993286,16,892,585.2013984579826
4502,1.0811892747879028,16,892,585.2013984579826
4503,1.0811227560043335,16,892,585.2013984579826
4504,1.081047773361206,16,892,585.2013984579826
4505,1.080980658531189,16,892,585.2013984579826
4506,1.0809195041656494,16,892,585.2013984579826
4507,1.0808645486831665,16,892,585.2013984579826
4508,1.0808022022247314,16,892,585.2013984579826
4509,1.08075749874115,16,892,585.2013984579826
4510,1.0806961059570312,16,892,585.2013984579826
4511,1.0806492567062378,16,892,585.2013984579826
4512,1.0806081295013428,16,892,585.2013984579826
4513,1.0805708169937134,16,892,585.2013984579826
4514,1.0805302858352661,16,892,585.2013984579826
4515,1.0804866552352905,16,892,585.2013984579826
4516,1.0804446935653687,16,892,585.2013984579826
4517,1.0804176330566406,16,892,585.2013984579826
4518,1.080373764038086,16,892,585.2013984579826
4519,1.0803501605987549,16,892,585.2013984579826
4520,1.0803108215332031,16,892,585.2013984579826
4521,1.0802804231643677,16,892,585.2013984579826
4522,1.0802512168884277,16,892,585.2013984579826
4523,1.0802226066589355,16,892,585.2013984579826
4524,1.0801937580108643,16,892,585.2013984579826
4525,1.080169439315796,16,892,585.2013984579826
4526,1.080142855644226,16,892,585.2013984579826
4527,1.0801182985305786,16,892,585.2013984579826
4528,1.0800915956497192,16,892,585.2013984579826
4529,1.0800697803497314,16,892,585.2013984579826
4530,1.0800544023513794,16,892,585.2013984579826
4531,1.0800174474716187,16,892,585.2013984579826
4532,1.079996109008789,16,892,585.2013984579826
4533,1.0799875259399414,16,892,585.2013984579826
4534,1.0799599885940552,16,892,585.2013984579826
4535,1.0799329280853271,16,892,585.2013984579826
4536,1.0799204111099243,16,892,585.2013984579826
4537,1.079898715019226,16,892,585.2013984579826
4538,1.0798742771148682,16,892,585.2013984579826
4539,1.0798605680465698,16,892,585.2013984579826
4540,1.0798406600952148,16,892,585.2013984579826
4541,1.0798187255859375,16,892,585.2013984579826
4542,1.07980215549469,16,892,585.2013984579826
4543,1.0797842741012573,16,892,585.2013984579826
4544,1.0797621011734009,16,892,585.2013984579826
4545,1.0797539949417114,16,892,585.2013984579826
4546,1.079724907875061,16,892,585.2013984579826
4547,1.0797159671783447,16,892,585.2013984579826
4548,1.079688549041748,16,892,585.2013984579826
4549,1.0796740055084229,16,892,585.2013984579826
4550,1.0796536207199097,16,892,585.2013984579826
4551,1.079649567604065,16,892,585.2013984579826
4552,1.079628586769104,16,892,585.2013984579826
4553,1.0796045064926147,16,892,585.2013984579826
4554,1.0795880556106567,16,892,585.2013984579826
4555,1.079577922821045,16,892,585.2013984579826
4556,1.0795637369155884,16,892,585.2013984579826
4557,1.0795478820800781,16,892,585.2013984579826
4558,1.0795339345932007,16,892,585.2013984579826
4559,1.079509973526001,16,892,585.2013984579826
4560,1.0795009136199951,16,892,585.2013984579826
4561,1.0794869661331177,16,892,585.2013984579826
4562,1.0794744491577148,16,892,585.2013984579826
4563,1.079453945159912,16,892,585.2013984579826
4564,1.0794390439987183,16,892,585.2013984579826
4565,1.0794248580932617,16,892,585.2013984579826
4566,1.0794038772583008,16,892,585.2013984579826
4567,1.07939612865448,16,892,585.2013984579826
4568,1.0793755054473877,16,892,585.2013984579826
4569,1.0793617963790894,16,892,585.2013984579826
4570,1.0793548822402954,16,892,585.2013984579826
4571,1.0793352127075195,16,892,585.2013984579826
4572,1.0793192386627197,16,892,585.2013984579826
4573,1.0793026685714722,16,892,585.2013984579826
4574,1.0792949199676514,16,892,585.2013984579826
4575,1.0792714357376099,16,892,585.2013984579826
4576,1.0792686939239502,16,892,585.2013984579826
4577,1.0792466402053833,16,892,585.2013984579826
4578,1.0792326927185059,16,892,585.2013984579826
4579,1.0792088508605957,16,892,585.2013984579826
4580,1.079206943511963,16,892,585.2013984579826
4581,1.0791850090026855,16,892,585.2013984579826
4582,1.079177737236023,16,892,585.2013984579826
4583,1.0791610479354858,16,892,585.2013984579826
4584,1.0791527032852173,16,892,585.2013984579826
4585,1.0791305303573608,16,892,585.2013984579826
4586,1.079113245010376,16,892,585.2013984579826
4587,1.0791066884994507,16,892,585.2013984579826
4588,1.079094648361206,16,892,585.2013984579826
4589,1.0790752172470093,16,892,585.2013984579826
4590,1.0790631771087646,16,892,585.2013984579826
4591,1.0790501832962036,16,892,585.2013984579826
4592,1.0790412425994873,16,892,585.2013984579826
4593,1.0790302753448486,16,892,585.2013984579826
4594,1.079013466835022,16,892,585.2013984579826
4595,1.078994870185852,16,892,585.2013984579826
4596,1.0789810419082642,16,892,585.2013984579826
4597,1.0789676904678345,16,892,585.2013984579826
4598,1.078959584236145,16,892,585.2013984579826
4599,1.0789461135864258,16,892,585.2013984579826
4600,1.0789353847503662,16,892,585.2013984579826
4601,1.0789189338684082,16,892,585.2013984579826
4602,1.0789164304733276,16,892,585.2013984579826
4603,1.0788999795913696,16,892,585.2013984579826
4604,1.0788848400115967,16,892,585.2013984579826
4605,1.0788648128509521,16,892,585.2013984579826
4606,1.0788530111312866,16,892,585.2013984579826
4607,1.078847050666809,16,892,585.2013984579826
4608,1.0788404941558838,16,892,585.2013984579826
4609,1.078829050064087,16,892,585.2013984579826
4610,1.0788227319717407,16,892,585.2013984579826
4611,1.0787982940673828,16,892,585.2013984579826
4612,1.0787878036499023,16,892,585.2013984579826
4613,1.078781008720398,16,892,585.2013984579826
4614,1.0787745714187622,16,892,585.2013984579826
4615,1.078751564025879,16,892,585.2013984579826
4616,1.0787405967712402,16,892,585.2013984579826
4617,1.0787304639816284,16,892,585.2013984579826
4618,1.078714370727539,16,892,585.2013984579826
4619,1.0787074565887451,16,892,585.2013984579826
4620,1.0786948204040527,16,892,585.2013984579826
4621,1.0786885023117065,16,892,585.2013984579826
4622,1.0786727666854858,16,892,585.2013984579826
4623,1.0786592960357666,16,892,585.2013984579826
4624,1.078646183013916,16,892,585.2013984579826
4625,1.0786370038986206,16,892,585.2013984579826
4626,1.0786279439926147,16,892,585.2013984579826
4627,1.0786155462265015,16,892,585.2013984579826
4628,1.0786088705062866,16,892,585.2013984579826
4629,1.0786017179489136,16,892,585.2013984579826
4630,1.0785822868347168,16,892,585.2013984579826
4631,1.0785690546035767,16,892,585.2013984579826
4632,1.0785599946975708,16,892,585.2013984579826
4633,1.0785516500473022,16,892,585.2013984579826
4634,1.0785338878631592,16,892,585.2013984579826
4635,1.0785269737243652,16,892,585.2013984579826
4636,1.0785101652145386,16,892,585.2013984579826
4637,1.078499674797058,16,892,585.2013984579826
4638,1.0784834623336792,16,892,585.2013984579826
4639,1.078476905822754,16,892,585.2013984579826
4640,1.078477144241333,16,892,585.2013984579826
4641,1.0784592628479004,16,892,585.2013984579826
4642,1.0784401893615723,16,892,585.2013984579826
4643,1.078442931175232,16,892,585.2013984579826
4644,1.078426718711853,16,892,585.2013984579826
4645,1.0784106254577637,16,892,585.2013984579826
4646,1.078406810760498,16,892,585.2013984579826
4647,1.0783997774124146,16,892,585.2013984579826
4648,1.0783827304840088,16,892,585.2013984579826
4649,1.0783661603927612,16,892,585.2013984579826
4650,1.0783565044403076,16,892,585.2013984579826
4651,1.0783469676971436,16,892,585.2013984579826
4652,1.0783368349075317,16,892,585.2013984579826
4653,1.078326940536499,16,892,585.2013984579826
4654,1.0783238410949707,16,892,585.2013984579826
4655,1.0783052444458008,16,892,585.2013984579826
4656,1.078304409980774,16,892,585.2013984579826
4657,1.0782870054244995,16,892,585.2013984579826
4658,1.078277826309204,16,892,585.2013984579826
4659,1.0782713890075684,16,892,585.2013984579826
4660,1.0782593488693237,16,892,585.2013984579826
4661,1.0782524347305298,16,892,585.2013984579826
4662,1.0782368183135986,16,892,585.2013984579826
4663,1.0782318115234375,16,892,585.2013984579826
4664,1.0782170295715332,16,892,585.2013984579826
4665,1.0782127380371094,16,892,585.2013984579826
4666,1.078203558921814,16,892,585.2013984579826
4667,1.0781930685043335,16,892,585.2013984579826
4668,1.078181505203247,16,892,585.2013984579826
4669,1.0781697034835815,16,892,585.2013984579826
4670,1.0781614780426025,16,892,585.2013984579826
4671,1.0781463384628296,16,892,585.2013984579826
4672,1.0781499147415161,16,892,585.2013984579826
4673,1.0781296491622925,16,892,585.2013984579826
4674,1.078114628791809,16,892,585.2013984579826
4675,1.078111171722412,16,892,585.2013984579826
4676,1.0781006813049316,16,892,585.2013984579826
4677,1.078094482421875,16,892,585.2013984579826
4678,1.0780866146087646,16,892,585.2013984579826
4679,1.0780781507492065,16,892,585.2013984579826
4680,1.0780657529830933,16,892,585.2013984579826
4681,1.0780508518218994,16,892,585.2013984579826
4682,1.0780439376831055,16,892,585.2013984579826
4683,1.0780346393585205,16,892,585.2013984579826
4684,1.078037142753601,16,892,585.2013984579826
4685,1.0780267715454102,16,892,585.2013984579826
4686,1.0780214071273804,16,892,585.2013984579826
4687,1.0780048370361328,16,892,585.2013984579826
4688,1.0779962539672852,16,892,585.2013984579826
4689,1.0779882669448853,16,892,585.2013984579826
4690,1.077979564666748,16,892,585.2013984579826
4691,1.077971339225769,16,892,585.2013984579826
4692,1.0779595375061035,16,892,585.2013984579826
4693,1.0779482126235962,16,892,585.2013984579826
4694,1.077942967414856,16,892,585.2013984579826
4695,1.0779389142990112,16,892,585.2013984579826
4696,1.0779305696487427,16,892,585.2013984579826
4697,1.0779165029525757,16,892,585.2013984579826
4698,1.0779086351394653,16,892,585.2013984579826
4699,1.0779006481170654,16,892,585.2013984579826
4700,1.0779012441635132,16,892,585.2013984579826
4701,1.0778931379318237,16,892,585.2013984579826
4702,1.0778852701187134,16,892,585.2013984579826
4703,1.077873706817627,16,892,585.2013984579826
4704,1.0778625011444092,16,892,585.2013984579826
4705,1.0778619050979614,16,892,585.2013984579826
4706,1.0778552293777466,16,892,585.2013984579826
4707,1.0778474807739258,16,892,585.2013984579826
4708,1.0778378248214722,16,892,585.2013984579826
4709,1.0778249502182007,16,892,585.2013984579826
4710,1.0778108835220337,16,892,585.2013984579826
4711,1.077816128730774,16,892,585.2013984579826
4712,1.077808141708374,16,892,585.2013984579826
4713,1.0778024196624756,16,892,585.2013984579826
4714,1.0777933597564697,16,892,585.2013984579826
4715,1.0777887105941772,16,892,585.2013984579826
4716,1.077774167060852,16,892,585.2013984579826
4717,1.0777689218521118,16,892,585.2013984579826
4718,1.0777586698532104,16,892,585.2013984579826
4719,1.0777513980865479,16,892,585.2013984579826
4720,1.077736735343933,16,892,585.2013984579826
4721,1.077734351158142,16,892,585.2013984579826
4722,1.077727198600769,16,892,585.2013984579826
4723,1.07772696018219,16,892,585.2013984579826
4724,1.0777181386947632,16,892,585.2013984579826
4725,1.0777112245559692,16,892,585.2013984579826
4726,1.0777040719985962,16,892,585.2013984579826
4727,1.0776957273483276,16,892,585.2013984579826
4728,1.0776879787445068,16,892,585.2013984579826
4729,1.0776758193969727,16,892,585.2013984579826
4730,1.0776762962341309,16,892,585.2013984579826
4731,1.0776630640029907,16,892,585.2013984579826
4732,1.077654242515564,16,892,585.2013984579826
4733,1.0776468515396118,16,892,585.2013984579826
4734,1.077632188796997,16,892,585.2013984579826
4735,1.0776301622390747,16,892,585.2013984579826
4736,1.0776315927505493,16,892,585.2013984579826
4737,1.0776185989379883,16,892,585.2013984579826
4738,1.0776160955429077,16,892,585.2013984579826
4739,1.077608585357666,16,892,585.2013984579826
4740,1.07760488986969,16,892,585.2013984579826
4741,1.0775983333587646,16,892,585.2013984579826
4742,1.0775909423828125,16,892,585.2013984579826
4743,1.077576994895935,16,892,585.2013984579826
4744,1.0775784254074097,16,892,585.2013984579826
4745,1.0775638818740845,16,892,585.2013984579826
4746,1.0775597095489502,16,892,585.2013984579826
4747,1.077553391456604,16,892,585.2013984579826
4748,1.0775505304336548,16,892,585.2013984579826
4749,1.07754385471344,16,892,585.2013984579826
4750,1.077532172203064,16,892,585.2013984579826
4751,1.077526569366455,16,892,585.2013984579826
4752,1.077519416809082,16,892,585.2013984579826
4753,1.0775151252746582,16,892,585.2013984579826
4754,1.0775129795074463,16,892,585.2013984579826
4755,1.077501893043518,16,892,585.2013984579826
4756,1.077489972114563,16,892,585.2013984579826
4757,1.0774884223937988,16,892,585.2013984579826
4758,1.0774720907211304,16,892,585.2013984579826
4759,1.0774765014648438,16,892,585.2013984579826
4760,1.0774632692337036,16,892,585.2013984579826
4761,1.0774627923965454,16,892,585.2013984579826
4762,1.0774610042572021,16,892,585.2013984579826
4763,1.0774484872817993,16,892,585.2013984579826
4764,1.0774422883987427,16,892,585.2013984579826
4765,1.0774356126785278,16,892,585.2013984579826
4766,1.0774370431900024,16,892,585.2013984579826
4767,1.0774282217025757,16,892,585.2013984579826
4768,1.0774189233779907,16,892,585.2013984579826
4769,1.0774108171463013,16,892,585.2013984579826
4770,1.0774074792861938,16,892,585.2013984579826
4771,1.0773942470550537,16,892,585.2013984579826
4772,1.0773860216140747,16,892,585.2013984579826
4773,1.0773932933807373,16,892,585.2013984579826
4774,1.0773847103118896,16,892,585.2013984579826
4775,1.0773714780807495,16,892,585.2013984579826
4776,1.0773656368255615,16,892,585.2013984579826
4777,1.0773638486862183,16,892,585.2013984579826
4778,1.0773663520812988,16,892,585.2013984579826
4779,1.07735276222229,16,892,585.2013984579826
4780,1.0773464441299438,16,892,585.2013984579826
4781,1.077330470085144,16,892,585.2013984579826
4782,1.0773197412490845,16,892,585.2013984579826
4783,1.0773205757141113,16,892,585.2013984579826
4784,1.0773123502731323,16,892,585.2013984579826
4785,1.0773121118545532,16,892,585.2013984579826
4786,1.077303171157837,16,892,585.2013984579826
4787,1.0773018598556519,16,892,585.2013984579826
4788,1.0772912502288818,16,892,585.2013984579826
4789,1.0772775411605835,16,892,585.2013984579826
4790,1.0772829055786133,16,892,585.2013984579826
4791,1.0772777795791626,16,892,585.2013984579826
4792,1.0772678852081299,16,892,585.2013984579826
4793,1.0772631168365479,16,892,585.2013984579826
4794,1.0772618055343628,16,892,585.2013984579826
4795,1.077255129814148,16,892,585.2013984579826
4796,1.0772380828857422,16,892,585.2013984579826
4797,1.077235221862793,16,892,585.2013984579826
4798,1.0772281885147095,16,892,585.2013984579826
4799,1.0772285461425781,16,892,585.2013984579826
4800,1.077223539352417,16,892,585.2013984579826
4801,1.0772069692611694,16,892,585.2013984579826
4802,1.0771998167037964,16,892,585.2013984579826
4803,1.0771976709365845,16,892,585.2013984579826
4804,1.0771920680999756,16,892,585.2013984579826
4805,1.077185869216919,16,892,585.2013984579826
4806,1.0771807432174683,16,892,585.2013984579826
4807,1.077171802520752,16,892,585.2013984579826
4808,1.077165126800537,16,892,585.2013984579826
4809,1.0771585702896118,16,892,585.2013984579826
4810,1.0771654844284058,16,892,585.2013984579826
4811,1.0771552324295044,16,892,585.2013984579826
4812,1.0771410465240479,16,892,585.2013984579826
4813,1.077136516571045,16,892,585.2013984579826
4814,1.077131986618042,16,892,585.2013984579826
4815,1.07712984085083,16,892,585.2013984579826
4816,1.0771152973175049,16,892,585.2013984579826
4817,1.0771161317825317,16,892,585.2013984579826
4818,1.077111840248108,16,892,585.2013984579826
4819,1.0771000385284424,16,892,585.2013984579826
4820,1.0770972967147827,16,892,585.2013984579826
4821,1.0770866870880127,16,892,585.2013984579826
4822,1.077082633972168,16,892,585.2013984579826
4823,1.0770819187164307,16,892,585.2013984579826
4824,1.0770717859268188,16,892,585.2013984579826
4825,1.0770634412765503,16,892,585.2013984579826
4826,1.0770577192306519,16,892,585.2013984579826
4827,1.0770519971847534,16,892,585.2013984579826
4828,1.0770372152328491,16,892,585.2013984579826
4829,1.0770410299301147,16,892,585.2013984579826
4830,1.0770395994186401,16,892,585.2013984579826
4831,1.0770381689071655,16,892,585.2013984579826
4832,1.077025294303894,16,892,585.2013984579826
4833,1.0770199298858643,16,892,585.2013984579826
4834,1.077010154724121,16,892,585.2013984579826
4835,1.0770002603530884,16,892,585.2013984579826
4836,1.0769888162612915,16,892,585.2013984579826
4837,1.0769933462142944,16,892,585.2013984579826
4838,1.076986312866211,16,892,585.2013984579826
4839,1.0769799947738647,16,892,585.2013984579826
4840,1.0769743919372559,16,892,585.2013984579826
4841,1.0769747495651245,16,892,585.2013984579826
4842,1.0769633054733276,16,892,585.2013984579826
4843,1.0769481658935547,16,892,585.2013984579826
4844,1.0769531726837158,16,892,585.2013984579826
4845,1.076945424079895,16,892,585.2013984579826
4846,1.0769315958023071,16,892,585.2013984579826
4847,1.0769354104995728,16,892,585.2013984579826
4848,1.0769236087799072,16,892,585.2013984579826
4849,1.076924204826355,16,892,585.2013984579826
4850,1.076916217803955,16,892,585.2013984579826
4851,1.076912522315979,16,892,585.2013984579826
4852,1.076911449432373,16,892,585.2013984579826
4853,1.0768985748291016,16,892,585.2013984579826
4854,1.0769037008285522,16,892,585.2013984579826
4855,1.0768909454345703,16,892,585.2013984579826
4856,1.0768795013427734,16,892,585.2013984579826
4857,1.076877236366272,16,892,585.2013984579826
4858,1.0768629312515259,16,892,585.2013984579826
4859,1.0768651962280273,16,892,585.2013984579826
4860,1.0768550634384155,16,892,585.2013984579826
4861,1.0768576860427856,16,892,585.2013984579826
4862,1.0768487453460693,16,892,585.2013984579826
4863,1.0768414735794067,16,892,585.2013984579826
4864,1.076839566230774,16,892,585.2013984579826
4865,1.076830506324768,16,892,585.2013984579826
4866,1.0768276453018188,16,892,585.2013984579826
4867,1.0768214464187622,16,892,585.2013984579826
4868,1.0768170356750488,16,892,585.2013984579826
4869,1.0768063068389893,16,892,585.2013984579826
4870,1.0767970085144043,16,892,585.2013984579826
4871,1.0768001079559326,16,892,585.2013984579826
4872,1.0767860412597656,16,892,585.2013984579826
4873,1.076790690422058,16,892,585.2013984579826
4874,1.0767860412597656,16,892,585.2013984579826
4875,1.076779842376709,16,892,585.2013984579826
4876,1.0767725706100464,16,892,585.2013984579826
4877,1.0767673254013062,16,892,585.2013984579826
4878,1.0767594575881958,16,892,585.2013984579826
4879,1.0767606496810913,16,892,585.2013984579826
4880,1.076741337776184,16,892,585.2013984579826
4881,1.0767513513565063,16,892,585.2013984579826
4882,1.0767431259155273,16,892,585.2013984579826
4883,1.0767385959625244,16,892,585.2013984579826
4884,1.0767287015914917,16,892,585.2013984579826
4885,1.0767265558242798,16,892,585.2013984579826
4886,1.0767220258712769,16,892,585.2013984579826
4887,1.0767217874526978,16,892,585.2013984579826
4888,1.0767133235931396,16,892,585.2013984579826
4889,1.0767114162445068,16,892,585.2013984579826
4890,1.0767072439193726,16,892,585.2013984579826
4891,1.0766948461532593,16,892,585.2013984579826
4892,1.0766913890838623,16,892,585.2013984579826
4893,1.076691746711731,16,892,585.2013984579826
4894,1.0766890048980713,16,892,585.2013984579826
4895,1.0766823291778564,16,892,585.2013984579826
4896,1.0766668319702148,16,892,585.2013984579826
4897,1.0766644477844238,16,892,585.2013984579826
4898,1.0766569375991821,16,892,585.2013984579826
4899,1.0766562223434448,16,892,585.2013984579826
4900,1.0766557455062866,16,892,585.2013984579826
4901,1.0766547918319702,16,892,585.2013984579826
4902,1.0766444206237793,16,892,585.2013984579826
4903,1.076627254486084,16,892,585.2013984579826
4904,1.076645016670227,16,892,585.2013984579826
4905,1.0766313076019287,16,892,585.2013984579826
4906,1.076627492904663,16,892,585.2013984579826
4907,1.0766173601150513,16,892,585.2013984579826
4908,1.0766221284866333,16,892,585.2013984579826
4909,1.076611042022705,16,892,585.2013984579826
4910,1.0766079425811768,16,892,585.2013984579826
4911,1.0766018629074097,16,892,585.2013984579826
4912,1.0765968561172485,16,892,585.2013984579826
4913,1.0765938758850098,16,892,585.2013984579826
4914,1.0765893459320068,16,892,585.2013984579826
4915,1.0765830278396606,16,892,585.2013984579826
4916,1.0765758752822876,16,892,585.2013984579826
4917,1.0765697956085205,16,892,585.2013984579826
4918,1.07656729221344,16,892,585.2013984579826
4919,1.0765644311904907,16,892,585.2013984579826
4920,1.076560378074646,16,892,585.2013984579826
4921,1.076556921005249,16,892,585.2013984579826
4922,1.0765531063079834,16,892,585.2013984579826
4923,1.0765446424484253,16,892,585.2013984579826
4924,1.0765372514724731,16,892,585.2013984579826
4925,1.0765423774719238,16,892,585.2013984579826
4926,1.0765308141708374,16,892,585.2013984579826
4927,1.0765407085418701,16,892,585.2013984579826
4928,1.0765246152877808,16,892,585.2013984579826
4929,1.076521873474121,16,892,585.2013984579826
4930,1.0765109062194824,16,892,585.2013984579826
4931,1.0765142440795898,16,892,585.2013984579826
4932,1.0765165090560913,16,892,585.2013984579826
4933,1.0765104293823242,16,892,585.2013984579826
4934,1.0764923095703125,16,892,585.2013984579826
4935,1.0764967203140259,16,892,585.2013984579826
4936,1.0764955282211304,16,892,585.2013984579826
4937,1.0764892101287842,16,892,585.2013984579826
4938,1.0764909982681274,16,892,585.2013984579826
4939,1.0764813423156738,16,892,585.2013984579826
4940,1.0764766931533813,16,892,585.2013984579826
4941,1.0764806270599365,16,892,585.2013984579826
4942,1.0764602422714233,16,892,585.2013984579826
4943,1.076454520225525,16,892,585.2013984579826
4944,1.076456904411316,16,892,585.2013984579826
4945,1.0764609575271606,16,892,585.2013984579826
4946,1.0764524936676025,16,892,585.2013984579826
4947,1.0764427185058594,16,892,585.2013984579826
4948,1.0764365196228027,16,892,585.2013984579826
4949,1.076430082321167,16,892,585.2013984579826
4950,1.076433777809143,16,892,585.2013984579826
4951,1.0764282941818237,16,892,585.2013984579826
4952,1.0764280557632446,16,892,585.2013984579826
4953,1.0764195919036865,16,892,585.2013984579826
4954,1.076416254043579,16,892,585.2013984579826
4955,1.0764127969741821,16,892,585.2013984579826
4956,1.0764086246490479,16,892,585.2013984579826
4957,1.0764124393463135,16,892,585.2013984579826
4958,1.076402187347412,16,892,585.2013984579826
4959,1.076390266418457,16,892,585.2013984579826
4960,1.0763826370239258,16,892,585.2013984579826
4961,1.0763863325119019,16,892,585.2013984579826
4962,1.0763888359069824,16,892,585.2013984579826
4963,1.0763760805130005,16,892,585.2013984579826
4964,1.076389193534851,16,892,585.2013984579826
4965,1.0763739347457886,16,892,585.2013984579826
4966,1.076381802558899,16,892,585.2013984579826
4967,1.076367974281311,16,892,585.2013984579826
4968,1.0763578414916992,16,892,585.2013984579826
4969,1.0763553380966187,16,892,585.2013984579826
4970,1.0763466358184814,16,892,585.2013984579826
4971,1.0763440132141113,16,892,585.2013984579826
4972,1.0763416290283203,16,892,585.2013984579826
4973,1.0763471126556396,16,892,585.2013984579826
4974,1.0763312578201294,16,892,585.2013984579826
4975,1.0763287544250488,16,892,585.2013984579826
4976,1.0763237476348877,16,892,585.2013984579826
4977,1.0763293504714966,16,892,585.2013984579826
4978,1.0763194561004639,16,892,585.2013984579826
4979,1.0763107538223267,16,892,585.2013984579826
4980,1.076306700706482,16,892,585.2013984579826
4981,1.0763139724731445,16,892,585.2013984579826
4982,1.0763030052185059,16,892,585.2013984579826
4983,1.076298475265503,16,892,585.2013984579826
4984,1.076303482055664,16,892,585.2013984579826
4985,1.076292872428894,16,892,585.2013984579826
4986,1.0762921571731567,16,892,585.2013984579826
4987,1.076296329498291,16,892,585.2013984579826
4988,1.0762859582901,16,892,585.2013984579826
4989,1.0762830972671509,16,892,585.2013984579826
4990,1.0762717723846436,16,892,585.2013984579826
4991,1.0762802362442017,16,892,585.2013984579826
4992,1.0762721300125122,16,892,585.2013984579826
4993,1.0762685537338257,16,892,585.2013984579826
4994,1.076263189315796,16,892,585.2013984579826
4995,1.0762606859207153,16,892,585.2013984579826
4996,1.076249361038208,16,892,585.2013984579826
4997,1.0762497186660767,16,892,585.2013984579826
4998,1.0762404203414917,16,892,585.2013984579826
4999,1.0762476921081543,16,892,585.2013984579826
5000,1.0762466192245483,16,892,585.2013984579826
5001,1.0762407779693604,16,892,585.2013984579826
5002,1.0762325525283813,16,892,585.2013984579826
5003,1.0762288570404053,16,892,585.2013984579826
5004,1.0762354135513306,16,892,585.2013984579826
5005,1.076225757598877,16,892,585.2013984579826
5006,1.0762234926223755,16,892,585.2013984579826
5007,1.076222538948059,16,892,585.2013984579826
5008,1.076213002204895,16,892,585.2013984579826
5009,1.076202154159546,16,892,585.2013984579826
5010,1.0761973857879639,16,892,585.2013984579826
5011,1.0762070417404175,16,892,585.2013984579826
5012,1.0762003660202026,16,892,585.2013984579826
5013,1.0761958360671997,16,892,585.2013984579826
5014,1.0761889219284058,16,892,585.2013984579826
5015,1.0761876106262207,16,892,585.2013984579826
5016,1.0761780738830566,16,892,585.2013984579826
5017,1.0761830806732178,16,892,585.2013984579826
5018,1.0761674642562866,16,892,585.2013984579826
5019,1.0761715173721313,16,892,585.2013984579826
5020,1.0761626958847046,16,892,585.2013984579826
5021,1.0761669874191284,16,892,585.2013984579826
5022,1.0761624574661255,16,892,585.2013984579826
5023,1.076155662536621,16,892,585.2013984579826
5024,1.0761574506759644,16,892,585.2013984579826
5025,1.0761531591415405,16,892,585.2013984579826
5026,1.0761469602584839,16,892,585.2013984579826
5027,1.0761469602584839,16,892,585.2013984579826
5028,1.0761409997940063,16,892,585.2013984579826
5029,1.0761350393295288,16,892,585.2013984579826
5030,1.0761367082595825,16,892,585.2013984579826
5031,1.076126217842102,16,892,585.2013984579826
5032,1.0761299133300781,16,892,585.2013984579826
5033,1.0761213302612305,16,892,585.2013984579826
5034,1.076117992401123,16,892,585.2013984579826
5035,1.0761148929595947,16,892,585.2013984579826
5036,1.076115608215332,16,892,585.2013984579826
5037,1.076114296913147,16,892,585.2013984579826
5038,1.076109766960144,16,892,585.2013984579826
5039,1.0761029720306396,16,892,585.2013984579826
5040,1.0760987997055054,16,892,585.2013984579826
5041,1.076096773147583,16,892,585.2013984579826
5042,1.0760899782180786,16,892,585.2013984579826
5043,1.0760903358459473,16,892,585.2013984579826
5044,1.0760858058929443,16,892,585.2013984579826
5045,1.0760807991027832,16,892,585.2013984579826
5046,1.0760847330093384,16,892,585.2013984579826
5047,1.0760809183120728,16,892,585.2013984579826
5048,1.0760815143585205,16,892,585.2013984579826
5049,1.0760799646377563,16,892,585.2013984579826
5050,1.0760653018951416,16,892,585.2013984579826
5051,1.0760607719421387,16,892,585.2013984579826
5052,1.0760623216629028,16,892,585.2013984579826
5053,1.0760544538497925,16,892,585.2013984579826
5054,1.076055645942688,16,892,585.2013984579826
5055,1.0760509967803955,16,892,585.2013984579826
5056,1.0760464668273926,16,892,585.2013984579826
5057,1.0760407447814941,16,892,585.2013984579826
5058,1.076042890548706,16,892,585.2013984579826
5059,1.0760369300842285,16,892,585.2013984579826
5060,1.0760366916656494,16,892,585.2013984579826
5061,1.0760382413864136,16,892,585.2013984579826
5062,1.0760283470153809,16,892,585.2013984579826
5063,1.0760283470153809,16,892,585.2013984579826
5064,1.0760210752487183,16,892,585.2013984579826
5065,1.0760154724121094,16,892,585.2013984579826
5066,1.0760220289230347,16,892,585.2013984579826
5067,1.0760149955749512,16,892,585.2013984579826
5068,1.0760151147842407,16,892,585.2013984579826
5069,1.0760120153427124,16,892,585.2013984579826
5070,1.076002597808838,16,892,585.2013984579826
5071,1.0759966373443604,16,892,585.2013984579826
5072,1.0759927034378052,16,892,585.2013984579826
5073,1.0759910345077515,16,892,585.2013984579826
5074,1.075985074043274,16,892,585.2013984579826
5075,1.0759860277175903,16,892,585.2013984579826
5076,1.0759831666946411,16,892,585.2013984579826
5077,1.0759795904159546,16,892,585.2013984579826
5078,1.0759745836257935,16,892,585.2013984579826
5079,1.075966715812683,16,892,585.2013984579826
5080,1.075964093208313,16,892,585.2013984579826
5081,1.075969934463501,16,892,585.2013984579826
5082,1.0759609937667847,16,892,585.2013984579826
5083,1.075956106185913,16,892,585.2013984579826
5084,1.0759612321853638,16,892,585.2013984579826
5085,1.0759587287902832,16,892,585.2013984579826
5086,1.0759458541870117,16,892,585.2013984579826
5087,1.0759422779083252,16,892,585.2013984579826
5088,1.075945496559143,16,892,585.2013984579826
5089,1.075927972793579,16,892,585.2013984579826
5090,1.0759271383285522,16,892,585.2013984579826
5091,1.0759246349334717,16,892,585.2013984579826
5092,1.075922966003418,16,892,585.2013984579826
5093,1.0759152173995972,16,892,585.2013984579826
5094,1.0759212970733643,16,892,585.2013984579826
5095,1.075917363166809,16,892,585.2013984579826
5096,1.075913429260254,16,892,585.2013984579826
5097,1.0759100914001465,16,892,585.2013984579826
5098,1.075907588005066,16,892,585.2013984579826
5099,1.075900912284851,16,892,585.2013984579826
5100,1.0758994817733765,16,892,585.2013984579826
5101,1.0758898258209229,16,892,585.2013984579826
5102,1.0758957862854004,16,892,585.2013984579826
5103,1.0758914947509766,16,892,585.2013984579826
5104,1.075887680053711,16,892,585.2013984579826
5105,1.0758819580078125,16,892,585.2013984579826
5106,1.07587468624115,16,892,585.2013984579826
5107,1.0758781433105469,16,892,585.2013984579826
5108,1.0758734941482544,16,892,585.2013984579826
5109,1.0758693218231201,16,892,585.2013984579826
5110,1.0758755207061768,16,892,585.2013984579826
5111,1.0758708715438843,16,892,585.2013984579826
5112,1.075863242149353,16,892,585.2013984579826
5113,1.0758596658706665,16,892,585.2013984579826
5114,1.0758461952209473,16,892,585.2013984579826
5115,1.0758506059646606,16,892,585.2013984579826
5116,1.0758424997329712,16,892,585.2013984579826
5117,1.0758410692214966,16,892,585.2013984579826
5118,1.075835943222046,16,892,585.2013984579826
5119,1.0758354663848877,16,892,585.2013984579826
5120,1.0758286714553833,16,892,585.2013984579826
5121,1.075821876525879,16,892,585.2013984579826
5122,1.0758247375488281,16,892,585.2013984579826
5123,1.0758113861083984,16,892,585.2013984579826
5124,1.0758130550384521,16,892,585.2013984579826
5125,1.0758094787597656,16,892,585.2013984579826
5126,1.0758136510849,16,892,585.2013984579826
5127,1.0758086442947388,16,892,585.2013984579826
5128,1.0758030414581299,16,892,585.2013984579826
5129,1.075791597366333,16,892,585.2013984579826
5130,1.0757898092269897,16,892,585.2013984579826
5131,1.0757876634597778,16,892,585.2013984579826
5132,1.0757856369018555,16,892,585.2013984579826
5133,1.0757869482040405,16,892,585.2013984579826
5134,1.0757737159729004,16,892,585.2013984579826
5135,1.0757719278335571,16,892,585.2013984579826
5136,1.075761318206787,16,892,585.2013984579826
5137,1.0757642984390259,16,892,585.2013984579826
5138,1.0757652521133423,16,892,585.2013984579826
5139,1.0757437944412231,16,892,585.2013984579826
5140,1.075735330581665,16,892,585.2013984579826
5141,1.0757334232330322,16,892,585.2013984579826
5142,1.0757255554199219,16,892,585.2013984579826
5143,1.0757205486297607,16,892,585.2013984579826
5144,1.0757133960723877,16,892,585.2013984579826
5145,1.075708031654358,16,892,585.2013984579826
5146,1.0756995677947998,16,892,585.2013984579826
5147,1.075679898262024,16,892,585.2013984579826
5148,1.0756577253341675,16,892,585.2013984579826
5149,1.075644850730896,16,892,585.2013984579826
5150,1.075612187385559,16,892,585.2013984579826
5151,1.0755804777145386,16,892,585.2013984579826
5152,1.0755538940429688,16,892,585.2013984579826
5153,1.0755106210708618,16,892,585.2013984579826
5154,1.0754750967025757,16,892,585.2013984579826
5155,1.075434923171997,16,892,585.2013984579826
5156,1.0754112005233765,16,892,585.2013984579826
5157,1.0753865242004395,16,892,585.2013984579826
5158,1.0753687620162964,16,892,585.2013984579826
5159,1.075352430343628,16,892,585.2013984579826
5160,1.0753390789031982,16,892,585.2013984579826
5161,1.0753196477890015,16,892,585.2013984579826
5162,1.0752880573272705,16,892,585.2013984579826
5163,1.0752471685409546,16,892,585.2013984579826
5164,1.0751705169677734,16,892,585.2013984579826
5165,1.0750473737716675,16,892,585.2013984579826
5166,1.0747936964035034,16,892,585.2013984579826
5167,1.0769981145858765,16,892,585.2013984579826
5168,1.0748919248580933,16,892,585.2013984579826
5169,1.0751193761825562,16,892,585.2013984579826
5170,1.0752164125442505,16,892,585.2013984579826
5171,1.075257420539856,16,892,585.2013984579826
5172,1.0752779245376587,16,892,585.2013984579826
5173,1.075286865234375,16,892,585.2013984579826
5174,1.0752832889556885,16,892,585.2013984579826
5175,1.075284481048584,16,892,585.2013984579826
5176,1.0752923488616943,16,892,585.2013984579826
5177,1.075290560722351,16,892,585.2013984579826
5178,1.0752724409103394,16,892,585.2013984579826
5179,1.0752664804458618,16,892,585.2013984579826
5180,1.0752513408660889,16,892,585.2013984579826
5181,1.0752226114273071,16,892,585.2013984579826
5182,1.0751633644104004,16,892,585.2013984579826
5183,1.0750595331192017,16,892,585.2013984579826
5184,1.074889063835144,16,892,585.2013984579826
5185,1.074649453163147,16,892,585.2013984579826
5186,1.0754153728485107,16,892,585.2013984579826
5187,1.0754870176315308,16,892,585.2013984579826
5188,1.075330376625061,16,892,585.2013984579826
5189,1.074995994567871,16,892,585.2013984579826
5190,1.0746431350708008,16,892,585.2013984579826
5191,1.0747687816619873,16,892,585.2013984579826
5192,1.0748474597930908,16,892,585.2013984579826
5193,1.0748522281646729,16,892,585.2013984579826
5194,1.0748075246810913,16,892,585.2013984579826
5195,1.0747371912002563,16,892,585.2013984579826
5196,1.0746649503707886,16,892,585.2013984579826
5197,1.0746198892593384,16,892,585.2013984579826
5198,1.0745875835418701,16,892,585.2013984579826
5199,1.0745813846588135,16,892,585.2013984579826
5200,1.0745749473571777,16,892,585.2013984579826
5201,1.0745792388916016,16,892,585.2013984579826
5202,1.0745713710784912,16,892,585.2013984579826
5203,1.074562668800354,16,892,585.2013984579826
5204,1.0745543241500854,16,892,585.2013984579826
5205,1.0745450258255005,16,892,585.2013984579826
5206,1.0745347738265991,16,892,585.2013984579826
5207,1.0745681524276733,16,892,585.2013984579826
5208,1.0745563507080078,16,892,585.2013984579826
5209,1.0745224952697754,16,892,585.2013984579826
5210,1.0745224952697754,16,892,585.2013984579826
5211,1.0745105743408203,16,892,585.2013984579826
5212,1.0745177268981934,16,892,585.2013984579826
5213,1.0745054483413696,16,892,585.2013984579826
5214,1.0744982957839966,16,892,585.2013984579826
5215,1.0744935274124146,16,892,585.2013984579826
5216,1.074476957321167,16,892,585.2013984579826
5217,1.0744704008102417,16,892,585.2013984579826
5218,1.0744667053222656,16,892,585.2013984579826
5219,1.0744526386260986,16,892,585.2013984579826
5220,1.0744551420211792,16,892,585.2013984579826
5221,1.0744476318359375,16,892,585.2013984579826
5222,1.0744439363479614,16,892,585.2013984579826
5223,1.0744410753250122,16,892,585.2013984579826
5224,1.0744324922561646,16,892,585.2013984579826
5225,1.0744327306747437,16,892,585.2013984579826
5226,1.0744445323944092,16,892,585.2013984579826
5227,1.0744415521621704,16,892,585.2013984579826
5228,1.0744482278823853,16,892,585.2013984579826
5229,1.0744400024414062,16,892,585.2013984579826
5230,1.0744181871414185,16,892,585.2013984579826
5231,1.0744355916976929,16,892,585.2013984579826
5232,1.0744332075119019,16,892,585.2013984579826
5233,1.0744237899780273,16,892,585.2013984579826
5234,1.0744177103042603,16,892,585.2013984579826
5235,1.0744212865829468,16,892,585.2013984579826
5236,1.0744158029556274,16,892,585.2013984579826
5237,1.074415683746338,16,892,585.2013984579826
5238,1.074416995048523,16,892,585.2013984579826
5239,1.0744165182113647,16,892,585.2013984579826
5240,1.0744119882583618,16,892,585.2013984579826
5241,1.074422001838684,16,892,585.2013984579826
5242,1.074422001838684,16,892,585.2013984579826
5243,1.0744068622589111,16,892,585.2013984579826
5244,1.0744080543518066,16,892,585.2013984579826
5245,1.0743995904922485,16,892,585.2013984579826
5246,1.0743985176086426,16,892,585.2013984579826
5247,1.0744208097457886,16,892,585.2013984579826
5248,1.0743906497955322,16,892,585.2013984579826
5249,1.074399709701538,16,892,585.2013984579826
5250,1.0744082927703857,16,892,585.2013984579826
5251,1.0743979215621948,16,892,585.2013984579826
5252,1.0743974447250366,16,892,585.2013984579826
5253,1.0743906497955322,16,892,585.2013984579826
5254,1.074383020401001,16,892,585.2013984579826
5255,1.0743995904922485,16,892,585.2013984579826
5256,1.0743783712387085,16,892,585.2013984579826
5257,1.0743937492370605,16,892,585.2013984579826
5258,1.0743944644927979,16,892,585.2013984579826
5259,1.0743920803070068,16,892,585.2013984579826
5260,1.0743991136550903,16,892,585.2013984579826
5261,1.0743913650512695,16,892,585.2013984579826
5262,1.0743803977966309,16,892,585.2013984579826
5263,1.0743716955184937,16,892,585.2013984579826
5264,1.0744074583053589,16,892,585.2013984579826
5265,1.0743730068206787,16,892,585.2013984579826
5266,1.0743732452392578,16,892,585.2013984579826
5267,1.0743770599365234,16,892,585.2013984579826
5268,1.0743755102157593,16,892,585.2013984579826
5269,1.0743733644485474,16,892,585.2013984579826
5270,1.0743677616119385,16,892,585.2013984579826
5271,1.0743606090545654,16,892,585.2013984579826
5272,1.0744072198867798,16,892,585.2013984579826
5273,1.0743659734725952,16,892,585.2013984579826
5274,1.0743671655654907,16,892,585.2013984579826
5275,1.0743762254714966,16,892,585.2013984579826
5276,1.0743738412857056,16,892,585.2013984579826
5277,1.0743693113327026,16,892,585.2013984579826
5278,1.0743614435195923,16,892,585.2013984579826
5279,1.0743464231491089,16,892,585.2013984579826
5280,1.0743693113327026,16,892,585.2013984579826
5281,1.0743483304977417,16,892,585.2013984579826
5282,1.0743578672409058,16,892,585.2013984579826
5283,1.0743688344955444,16,892,585.2013984579826
5284,1.0743629932403564,16,892,585.2013984579826
5285,1.0743656158447266,16,892,585.2013984579826
5286,1.07435941696167,16,892,585.2013984579826
5287,1.0743571519851685,16,892,585.2013984579826
5288,1.074336051940918,16,892,585.2013984579826
5289,1.074413776397705,16,892,585.2013984579826
5290,1.074336290359497,16,892,585.2013984579826
5291,1.0743460655212402,16,892,585.2013984579826
5292,1.0743459463119507,16,892,585.2013984579826
5293,1.0743545293807983,16,892,585.2013984579826
5294,1.074328064918518,16,892,585.2013984579826
5295,1.0743311643600464,16,892,585.2013984579826
5296,1.0743460655212402,16,892,585.2013984579826
5297,1.0743343830108643,16,892,585.2013984579826
5298,1.0743564367294312,16,892,585.2013984579826
5299,1.07436203956604,16,892,585.2013984579826
5300,1.0743608474731445,16,892,585.2013984579826
5301,1.0743569135665894,16,892,585.2013984579826
5302,1.0743564367294312,16,892,585.2013984579826
5303,1.074327826499939,16,892,585.2013984579826
5304,1.0743285417556763,16,892,585.2013984579826
5305,1.0743211507797241,16,892,585.2013984579826
5306,1.0743294954299927,16,892,585.2013984579826
5307,1.0743305683135986,16,892,585.2013984579826
5308,1.0743333101272583,16,892,585.2013984579826
5309,1.074336051940918,16,892,585.2013984579826
5310,1.074334740638733,16,892,585.2013984579826
5311,1.0743212699890137,16,892,585.2013984579826
5312,1.0743170976638794,16,892,585.2013984579826
5313,1.074336051940918,16,892,585.2013984579826
5314,1.0743099451065063,16,892,585.2013984579826
5315,1.0743279457092285,16,892,585.2013984579826
5316,1.074325680732727,16,892,585.2013984579826
5317,1.07433021068573,16,892,585.2013984579826
5318,1.0743231773376465,16,892,585.2013984579826
5319,1.0743199586868286,16,892,585.2013984579826
5320,1.0743087530136108,16,892,585.2013984579826
5321,1.0743058919906616,16,892,585.2013984579826
5322,1.0743060111999512,16,892,585.2013984579826
5323,1.0743328332901,16,892,585.2013984579826
5324,1.0743299722671509,16,892,585.2013984579826
5325,1.0743327140808105,16,892,585.2013984579826
5326,1.074324369430542,16,892,585.2013984579826
5327,1.0743095874786377,16,892,585.2013984579826
5328,1.0743134021759033,16,892,585.2013984579826
5329,1.0742894411087036,16,892,585.2013984579826
5330,1.074375867843628,16,892,585.2013984579826
5331,1.0742896795272827,16,892,585.2013984579826
5332,1.0742994546890259,16,892,585.2013984579826
5333,1.0742912292480469,16,892,585.2013984579826
5334,1.0743024349212646,16,892,585.2013984579826
5335,1.0742912292480469,16,892,585.2013984579826
5336,1.0742895603179932,16,892,585.2013984579826
5337,1.0743217468261719,16,892,585.2013984579826
5338,1.0742969512939453,16,892,585.2013984579826
5339,1.0743144750595093,16,892,585.2013984579826
5340,1.0743123292922974,16,892,585.2013984579826
5341,1.0743192434310913,16,892,585.2013984579826
5342,1.0743191242218018,16,892,585.2013984579826
5343,1.0743136405944824,16,892,585.2013984579826
5344,1.0742982625961304,16,892,585.2013984579826
5345,1.0742805004119873,16,892,585.2013984579826
5346,1.0743191242218018,16,892,585.2013984579826
5347,1.074278712272644,16,892,585.2013984579826
5348,1.0742944478988647,16,892,585.2013984579826
5349,1.074286699295044,16,892,585.2013984579826
5350,1.07429039478302,16,892,585.2013984579826
5351,1.074294090270996,16,892,585.2013984579826
5352,1.074277639389038,16,892,585.2013984579826
5353,1.0742614269256592,16,892,585.2013984579826
5354,1.0743520259857178,16,892,585.2013984579826
5355,1.074271321296692,16,892,585.2013984579826
5356,1.0742847919464111,16,892,585.2013984579826
5357,1.074291706085205,16,892,585.2013984579826
5358,1.0742846727371216,16,892,585.2013984579826
5359,1.074288010597229,16,892,585.2013984579826
5360,1.0742734670639038,16,892,585.2013984579826
5361,1.074257731437683,16,892,585.2013984579826
5362,1.0743249654769897,16,892,585.2013984579826
5363,1.074263095855713,16,892,585.2013984579826
5364,1.0742770433425903,16,892,585.2013984579826
5365,1.0742799043655396,16,892,585.2013984579826
5366,1.0742838382720947,16,892,585.2013984579826
5367,1.074283480644226,16,892,585.2013984579826
5368,1.0742733478546143,16,892,585.2013984579826
5369,1.074262022972107,16,892,585.2013984579826
5370,1.0742915868759155,16,892,585.2013984579826
5371,1.0742592811584473,16,892,585.2013984579826
5372,1.074273705482483,16,892,585.2013984579826
5373,1.074285626411438,16,892,585.2013984579826
5374,1.0742820501327515,16,892,585.2013984579826
5375,1.074276328086853,16,892,585.2013984579826
5376,1.0742698907852173,16,892,585.2013984579826
5377,1.0742632150650024,16,892,585.2013984579826
5378,1.0742624998092651,16,892,585.2013984579826
5379,1.0742617845535278,16,892,585.2013984579826
5380,1.074270486831665,16,892,585.2013984579826
5381,1.0742771625518799,16,892,585.2013984579826
5382,1.0742911100387573,16,892,585.2013984579826
5383,1.0742722749710083,16,892,585.2013984579826
5384,1.074264645576477,16,892,585.2013984579826
5385,1.0742501020431519,16,892,585.2013984579826
5386,1.0742415189743042,16,892,585.2013984579826
5387,1.0742439031600952,16,892,585.2013984579826
5388,1.074263095855713,16,892,585.2013984579826
5389,1.0742746591567993,16,892,585.2013984579826
5390,1.0742772817611694,16,892,585.2013984579826
5391,1.0742725133895874,16,892,585.2013984579826
5392,1.074246883392334,16,892,585.2013984579826
5393,1.0742428302764893,16,892,585.2013984579826
5394,1.074229121208191,16,892,585.2013984579826
5395,1.0742429494857788,16,892,585.2013984579826
5396,1.0742621421813965,16,892,585.2013984579826
5397,1.0742626190185547,16,892,585.2013984579826
5398,1.0742679834365845,16,892,585.2013984579826
5399,1.0742614269256592,16,892,585.2013984579826
5400,1.074249267578125,16,892,585.2013984579826
5401,1.0742261409759521,16,892,585.2013984579826
5402,1.074223518371582,16,892,585.2013984579826
5403,1.0742391347885132,16,892,585.2013984579826
5404,1.0742535591125488,16,892,585.2013984579826
5405,1.0742629766464233,16,892,585.2013984579826
5406,1.074257731437683,16,892,585.2013984579826
5407,1.0742501020431519,16,892,585.2013984579826
5408,1.0742520093917847,16,892,585.2013984579826
5409,1.0742267370224,16,892,585.2013984579826
5410,1.0742219686508179,16,892,585.2013984579826
5411,1.0742257833480835,16,892,585.2013984579826
5412,1.0742413997650146,16,892,585.2013984579826
5413,1.074251651763916,16,892,585.2013984579826
5414,1.0742452144622803,16,892,585.2013984579826
5415,1.074243426322937,16,892,585.2013984579826
5416,1.0742290019989014,16,892,585.2013984579826
5417,1.0742133855819702,16,892,585.2013984579826
5418,1.0742264986038208,16,892,585.2013984579826
5419,1.0742192268371582,16,892,585.2013984579826
5420,1.0742303133010864,16,892,585.2013984579826
5421,1.0742313861846924,16,892,585.2013984579826
5422,1.074232816696167,16,892,585.2013984579826
5423,1.074235200881958,16,892,585.2013984579826
5424,1.0742229223251343,16,892,585.2013984579826
5425,1.0742113590240479,16,892,585.2013984579826
5426,1.0742278099060059,16,892,585.2013984579826
5427,1.0742079019546509,16,892,585.2013984579826
5428,1.0742285251617432,16,892,585.2013984579826
5429,1.0742323398590088,16,892,585.2013984579826
5430,1.0742344856262207,16,892,585.2013984579826
5431,1.0742262601852417,16,892,585.2013984579826
5432,1.074215292930603,16,892,585.2013984579826
5433,1.0742087364196777,16,892,585.2013984579826
5434,1.0742336511611938,16,892,585.2013984579826
5435,1.0742080211639404,16,892,585.2013984579826
5436,1.0742205381393433,16,892,585.2013984579826
5437,1.0742321014404297,16,892,585.2013984579826
5438,1.0742336511611938,16,892,585.2013984579826
5439,1.0742207765579224,16,892,585.2013984579826
5440,1.074202060699463,16,892,585.2013984579826
5441,1.0741908550262451,16,892,585.2013984579826
5442,1.0742403268814087,16,892,585.2013984579826
5443,1.0741987228393555,16,892,585.2013984579826
5444,1.0742040872573853,16,892,585.2013984579826
5445,1.0742213726043701,16,892,585.2013984579826
5446,1.074214220046997,16,892,585.2013984579826
5447,1.074210286140442,16,892,585.2013984579826
5448,1.074212670326233,16,892,585.2013984579826
5449,1.074186086654663,16,892,585.2013984579826
5450,1.0742443799972534,16,892,585.2013984579826
5451,1.0741827487945557,16,892,585.2013984579826
5452,1.0742151737213135,16,892,585.2013984579826
5453,1.0742087364196777,16,892,585.2013984579826
5454,1.0742143392562866,16,892,585.2013984579826
5455,1.0742087364196777,16,892,585.2013984579826
5456,1.0741807222366333,16,892,585.2013984579826
5457,1.0741653442382812,16,892,585.2013984579826
5458,1.07425057888031,16,892,585.2013984579826
5459,1.0741733312606812,16,892,585.2013984579826
5460,1.0741842985153198,16,892,585.2013984579826
5461,1.0742062330245972,16,892,585.2013984579826
5462,1.074193000793457,16,892,585.2013984579826
5463,1.0741926431655884,16,892,585.2013984579826
5464,1.0741779804229736,16,892,585.2013984579826
5465,1.0741633176803589,16,892,585.2013984579826
5466,1.0742560625076294,16,892,585.2013984579826
5467,1.0741689205169678,16,892,585.2013984579826
5468,1.0741873979568481,16,892,585.2013984579826
5469,1.074191927909851,16,892,585.2013984579826
5470,1.0741947889328003,16,892,585.2013984579826
5471,1.0741841793060303,16,892,585.2013984579826
5472,1.074174165725708,16,892,585.2013984579826
5473,1.0741633176803589,16,892,585.2013984579826
5474,1.0742629766464233,16,892,585.2013984579826
5475,1.0741627216339111,16,892,585.2013984579826
5476,1.0741785764694214,16,892,585.2013984579826
5477,1.0741814374923706,16,892,585.2013984579826
5478,1.0741782188415527,16,892,585.2013984579826
5479,1.0741796493530273,16,892,585.2013984579826
5480,1.0741705894470215,16,892,585.2013984579826
5481,1.074156403541565,16,892,585.2013984579826
5482,1.0742708444595337,16,892,585.2013984579826
5483,1.074156403541565,16,892,585.2013984579826
5484,1.0741686820983887,16,892,585.2013984579826
5485,1.0741826295852661,16,892,585.2013984579826
5486,1.0741791725158691,16,892,585.2013984579826
5487,1.0741724967956543,16,892,585.2013984579826
5488,1.0741593837738037,16,892,585.2013984579826
5489,1.0741446018218994,16,892,585.2013984579826
5490,1.074276328086853,16,892,585.2013984579826
5491,1.0741465091705322,16,892,585.2013984579826
5492,1.0741766691207886,16,892,585.2013984579826
5493,1.0741713047027588,16,892,585.2013984579826
5494,1.0741673707962036,16,892,585.2013984579826
5495,1.0741658210754395,16,892,585.2013984579826
5496,1.0741568803787231,16,892,585.2013984579826
5497,1.0741372108459473,16,892,585.2013984579826
5498,1.0742857456207275,16,892,585.2013984579826
5499,1.074140191078186,16,892,585.2013984579826
5500,1.0741609334945679,16,892,585.2013984579826
5501,1.0741605758666992,16,892,585.2013984579826
5502,1.0741654634475708,16,892,585.2013984579826
5503,1.0741593837738037,16,892,585.2013984579826
5504,1.0741407871246338,16,892,585.2013984579826
5505,1.0741405487060547,16,892,585.2013984579826
5506,1.0741618871688843,16,892,585.2013984579826
5507,1.0741881132125854,16,892,585.2013984579826
5508,1.0742026567459106,16,892,585.2013984579826
5509,1.0742003917694092,16,892,585.2013984579826
5510,1.0742069482803345,16,892,585.2013984579826
5511,1.074187159538269,16,892,585.2013984579826
5512,1.0741673707962036,16,892,585.2013984579826
5513,1.074138879776001,16,892,585.2013984579826
5514,1.0742101669311523,16,892,585.2013984579826
5515,1.0741294622421265,16,892,585.2013984579826
5516,1.0741435289382935,16,892,585.2013984579826
5517,1.0741468667984009,16,892,585.2013984579826
5518,1.0741488933563232,16,892,585.2013984579826
5519,1.0741336345672607,16,892,585.2013984579826
5520,1.074115514755249,16,892,585.2013984579826
5521,1.0741941928863525,16,892,585.2013984579826
5522,1.074133038520813,16,892,585.2013984579826
5523,1.0741528272628784,16,892,585.2013984579826
5524,1.074171781539917,16,892,585.2013984579826
5525,1.0741714239120483,16,892,585.2013984579826
5526,1.0741651058197021,16,892,585.2013984579826
5527,1.0741552114486694,16,892,585.2013984579826
5528,1.0741270780563354,16,892,585.2013984579826
5529,1.0741145610809326,16,892,585.2013984579826
5530,1.0742945671081543,16,892,585.2013984579826
5531,1.074135422706604,16,892,585.2013984579826
5532,1.0741726160049438,16,892,585.2013984579826
5533,1.0742545127868652,16,892,585.2013984579826
5534,1.074299693107605,16,892,585.2013984579826
5535,1.0743408203125,16,892,585.2013984579826
5536,1.0743646621704102,16,892,585.2013984579826
5537,1.0743557214736938,16,892,585.2013984579826
5538,1.0743467807769775,16,892,585.2013984579826
5539,1.0743358135223389,16,892,585.2013984579826
5540,1.0742902755737305,16,892,585.2013984579826
5541,1.0742493867874146,16,892,585.2013984579826
5542,1.0742026567459106,16,892,585.2013984579826
5543,1.0741674900054932,16,892,585.2013984579826
5544,1.0741273164749146,16,892,585.2013984579826
5545,1.074263095855713,16,892,585.2013984579826
5546,1.074273705482483,16,892,585.2013984579826
5547,1.0741150379180908,16,892,585.2013984579826
5548,1.0741307735443115,16,892,585.2013984579826
5549,1.0741435289382935,16,892,585.2013984579826
5550,1.0741539001464844,16,892,585.2013984579826
5551,1.0741584300994873,16,892,585.2013984579826
5552,1.0741543769836426,16,892,585.2013984579826
5553,1.0741389989852905,16,892,585.2013984579826
5554,1.0741220712661743,16,892,585.2013984579826
5555,1.07411789894104,16,892,585.2013984579826
5556,1.0741102695465088,16,892,585.2013984579826
5557,1.0741091966629028,16,892,585.2013984579826
5558,1.0741266012191772,16,892,585.2013984579826
5559,1.0741225481033325,16,892,585.2013984579826
5560,1.0741292238235474,16,892,585.2013984579826
5561,1.074118971824646,16,892,585.2013984579826
5562,1.0741145610809326,16,892,585.2013984579826
5563,1.0741008520126343,16,892,585.2013984579826
5564,1.0741478204727173,16,892,585.2013984579826
5565,1.074109435081482,16,892,585.2013984579826
5566,1.0741153955459595,16,892,585.2013984579826
5567,1.0741181373596191,16,892,585.2013984579826
5568,1.074110984802246,16,892,585.2013984579826
5569,1.0741016864776611,16,892,585.2013984579826
5570,1.0741008520126343,16,892,585.2013984579826
5571,1.0741100311279297,16,892,585.2013984579826
5572,1.0741021633148193,16,892,585.2013984579826
5573,1.074107050895691,16,892,585.2013984579826
5574,1.074135661125183,16,892,585.2013984579826
5575,1.0741312503814697,16,892,585.2013984579826
5576,1.0741245746612549,16,892,585.2013984579826
5577,1.0741130113601685,16,892,585.2013984579826
5578,1.0740911960601807,16,892,585.2013984579826
5579,1.0740751028060913,16,892,585.2013984579826
5580,1.0741990804672241,16,892,585.2013984579826
5581,1.0740851163864136,16,892,585.2013984579826
5582,1.074081301689148,16,892,585.2013984579826
5583,1.0740892887115479,16,892,585.2013984579826
5584,1.0740809440612793,16,892,585.2013984579826
5585,1.0740790367126465,16,892,585.2013984579826
5586,1.0740805864334106,16,892,585.2013984579826
5587,1.074100375175476,16,892,585.2013984579826
5588,1.0741251707077026,16,892,585.2013984579826
5589,1.0741419792175293,16,892,585.2013984579826
5590,1.0741498470306396,16,892,585.2013984579826
5591,1.0741498470306396,16,892,585.2013984579826
5592,1.0741325616836548,16,892,585.2013984579826
5593,1.0741276741027832,16,892,585.2013984579826
5594,1.0740854740142822,16,892,585.2013984579826
5595,1.074057698249817,16,892,585.2013984579826
5596,1.0742532014846802,16,892,585.2013984579826
5597,1.07415771484375,16,892,585.2013984579826
5598,1.0741040706634521,16,892,585.2013984579826
5599,1.0741647481918335,16,892,585.2013984579826
5600,1.074198603630066,16,892,585.2013984579826
5601,1.0742257833480835,16,892,585.2013984579826
5602,1.0742347240447998,16,892,585.2013984579826
5603,1.0742298364639282,16,892,585.2013984579826
5604,1.074213981628418,16,892,585.2013984579826
5605,1.0741772651672363,16,892,585.2013984579826
5606,1.0741446018218994,16,892,585.2013984579826
5607,1.0741113424301147,16,892,585.2013984579826
5608,1.074080228805542,16,892,585.2013984579826
5609,1.0741384029388428,16,892,585.2013984579826
5610,1.074098825454712,16,892,585.2013984579826
5611,1.0740933418273926,16,892,585.2013984579826
5612,1.0741171836853027,16,892,585.2013984579826
5613,1.0741561651229858,16,892,585.2013984579826
5614,1.0741620063781738,16,892,585.2013984579826
5615,1.0741705894470215,16,892,585.2013984579826
5616,1.0741667747497559,16,892,585.2013984579826
5617,1.0741441249847412,16,892,585.2013984579826
5618,1.0741353034973145,16,892,585.2013984579826
5619,1.0741041898727417,16,892,585.2013984579826
5620,1.0740776062011719,16,892,585.2013984579826
5621,1.0740635395050049,16,892,585.2013984579826
5622,1.0741589069366455,16,892,585.2013984579826
5623,1.0741302967071533,16,892,585.2013984579826
5624,1.0740739107131958,16,892,585.2013984579826
5625,1.0740913152694702,16,892,585.2013984579826
5626,1.0741097927093506,16,892,585.2013984579826
5627,1.0741310119628906,16,892,585.2013984579826
5628,1.074126958847046,16,892,585.2013984579826
5629,1.0741212368011475,16,892,585.2013984579826
5630,1.0741215944290161,16,892,585.2013984579826
5631,1.0741066932678223,16,892,585.2013984579826
5632,1.0740845203399658,16,892,585.2013984579826
5633,1.0740630626678467,16,892,585.2013984579826
5634,1.0740596055984497,16,892,585.2013984579826
5635,1.0741573572158813,16,892,585.2013984579826
5636,1.0741298198699951,16,892,585.2013984579826
5637,1.0740700960159302,16,892,585.2013984579826
5638,1.0740810632705688,16,892,585.2013984579826
5639,1.0740928649902344,16,892,585.2013984579826
5640,1.0741026401519775,16,892,585.2013984579826
5641,1.0741065740585327,16,892,585.2013984579826
5642,1.0741057395935059,16,892,585.2013984579826
5643,1.074102759361267,16,892,585.2013984579826
5644,1.0740876197814941,16,892,585.2013984579826
5645,1.0740845203399658,16,892,585.2013984579826
5646,1.0740654468536377,16,892,585.2013984579826
5647,1.0740556716918945,16,892,585.2013984579826
5648,1.0741039514541626,16,892,585.2013984579826
5649,1.0740605592727661,16,892,585.2013984579826
5650,1.0740697383880615,16,892,585.2013984579826
5651,1.0740846395492554,16,892,585.2013984579826
5652,1.0740971565246582,16,892,585.2013984579826
5653,1.0741158723831177,16,892,585.2013984579826
5654,1.0741138458251953,16,892,585.2013984579826
5655,1.0741304159164429,16,892,585.2013984579826
5656,1.074114203453064,16,892,585.2013984579826
5657,1.0740978717803955,16,892,585.2013984579826
5658,1.0740809440612793,16,892,585.2013984579826
5659,1.0740633010864258,16,892,585.2013984579826
5660,1.0740461349487305,16,892,585.2013984579826
5661,1.0740591287612915,16,892,585.2013984579826
5662,1.0740340948104858,16,892,585.2013984579826
5663,1.0740303993225098,16,892,585.2013984579826
5664,1.074028491973877,16,892,585.2013984579826
5665,1.074034571647644,16,892,585.2013984579826
5666,1.0740500688552856,16,892,585.2013984579826
5667,1.0740567445755005,16,892,585.2013984579826
5668,1.0740699768066406,16,892,585.2013984579826
5669,1.0740628242492676,16,892,585.2013984579826
5670,1.0740731954574585,16,892,585.2013984579826
5671,1.0740609169006348,16,892,585.2013984579826
5672,1.0740604400634766,16,892,585.2013984579826
5673,1.074046015739441,16,892,585.2013984579826
5674,1.0740268230438232,16,892,585.2013984579826
5675,1.0740631818771362,16,892,585.2013984579826
5676,1.074015736579895,16,892,585.2013984579826
5677,1.074021577835083,16,892,585.2013984579826
5678,1.0740212202072144,16,892,585.2013984579826
5679,1.0740206241607666,16,892,585.2013984579826
5680,1.0740095376968384,16,892,585.2013984579826
5681,1.0740437507629395,16,892,585.2013984579826
5682,1.0740255117416382,16,892,585.2013984579826
5683,1.0740373134613037,16,892,585.2013984579826
5684,1.074052095413208,16,892,585.2013984579826
5685,1.0740536451339722,16,892,585.2013984579826
5686,1.0740394592285156,16,892,585.2013984579826
5687,1.0740294456481934,16,892,585.2013984579826
5688,1.074012041091919,16,892,585.2013984579826
5689,1.0740013122558594,16,892,585.2013984579826
5690,1.074017882347107,16,892,585.2013984579826
5691,1.0740323066711426,16,892,585.2013984579826
5692,1.074039340019226,16,892,585.2013984579826
5693,1.074028491973877,16,892,585.2013984579826
5694,1.0740165710449219,16,892,585.2013984579826
5695,1.0739871263504028,16,892,585.2013984579826
5696,1.074022889137268,16,892,585.2013984579826
5697,1.0739856958389282,16,892,585.2013984579826
5698,1.0740079879760742,16,892,585.2013984579826
5699,1.0740060806274414,16,892,585.2013984579826
5700,1.0739924907684326,16,892,585.2013984579826
5701,1.0739563703536987,16,892,585.2013984579826
5702,1.0739234685897827,16,892,585.2013984579826
5703,1.0740700960159302,16,892,585.2013984579826
5704,1.073946475982666,16,892,585.2013984579826
5705,1.073986530303955,16,892,585.2013984579826
5706,1.074009895324707,16,892,585.2013984579826
5707,1.0740153789520264,16,892,585.2013984579826
5708,1.0740102529525757,16,892,585.2013984579826
5709,1.073983073234558,16,892,585.2013984579826
5710,1.0739539861679077,16,892,585.2013984579826
5711,1.0739083290100098,16,892,585.2013984579826
5712,1.073917031288147,16,892,585.2013984579826
5713,1.0739171504974365,16,892,585.2013984579826
5714,1.0739672183990479,16,892,585.2013984579826
5715,1.073994755744934,16,892,585.2013984579826
5716,1.0739938020706177,16,892,585.2013984579826
5717,1.073982834815979,16,892,585.2013984579826
5718,1.0739401578903198,16,892,585.2013984579826
5719,1.0738987922668457,16,892,585.2013984579826
5720,1.0738519430160522,16,892,585.2013984579826
5721,1.0742394924163818,16,892,585.2013984579826
5722,1.073848009109497,16,892,585.2013984579826
5723,1.0738821029663086,16,892,585.2013984579826
5724,1.0739049911499023,16,892,585.2013984579826
5725,1.0739092826843262,16,892,585.2013984579826
5726,1.0738996267318726,16,892,585.2013984579826
5727,1.0738770961761475,16,892,585.2013984579826
5728,1.073835015296936,16,892,585.2013984579826
5729,1.0741170644760132,16,892,585.2013984579826
5730,1.0738637447357178,16,892,585.2013984579826
5731,1.0739325284957886,16,892,585.2013984579826
5732,1.0739593505859375,16,892,585.2013984579826
5733,1.0739855766296387,16,892,585.2013984579826
5734,1.0739879608154297,16,892,585.2013984579826
5735,1.0739710330963135,16,892,585.2013984579826
5736,1.0739513635635376,16,892,585.2013984579826
5737,1.0739226341247559,16,892,585.2013984579826
5738,1.073879361152649,16,892,585.2013984579826
5739,1.0738224983215332,16,892,585.2013984579826
5740,1.07419753074646,16,892,585.2013984579826
5741,1.0738393068313599,16,892,585.2013984579826
5742,1.07390296459198,16,892,585.2013984579826
5743,1.0739322900772095,16,892,585.2013984579826
5744,1.0739556550979614,16,892,585.2013984579826
5745,1.0739631652832031,16,892,585.2013984579826
5746,1.0739609003067017,16,892,585.2013984579826
5747,1.0739489793777466,16,892,585.2013984579826
5748,1.0739284753799438,16,892,585.2013984579826
5749,1.0739021301269531,16,892,585.2013984579826
5750,1.0738517045974731,16,892,585.2013984579826
5751,1.0737709999084473,16,892,585.2013984579826
5752,1.0742249488830566,16,892,585.2013984579826
5753,1.0738362073898315,16,892,585.2013984579826
5754,1.0739116668701172,16,892,585.2013984579826
5755,1.0739519596099854,16,892,585.2013984579826
5756,1.0739648342132568,16,892,585.2013984579826
5757,1.0739730596542358,16,892,585.2013984579826
5758,1.0739771127700806,16,892,585.2013984579826
5759,1.0739693641662598,16,892,585.2013984579826
5760,1.073959231376648,16,892,585.2013984579826
5761,1.0739517211914062,16,892,585.2013984579826
5762,1.0739458799362183,16,892,585.2013984579826
5763,1.0739121437072754,16,892,585.2013984579826
5764,1.0738918781280518,16,892,585.2013984579826
5765,1.0738506317138672,16,892,585.2013984579826
5766,1.0737935304641724,16,892,585.2013984579826
5767,1.0741560459136963,16,892,585.2013984579826
5768,1.0738162994384766,16,892,585.2013984579826
5769,1.073887586593628,16,892,585.2013984579826
5770,1.0739200115203857,16,892,585.2013984579826
5771,1.073952317237854,16,892,585.2013984579826
5772,1.073959231376648,16,892,585.2013984579826
5773,1.0739704370498657,16,892,585.2013984579826
5774,1.0739679336547852,16,892,585.2013984579826
5775,1.0739494562149048,16,892,585.2013984579826
5776,1.0739322900772095,16,892,585.2013984579826
5777,1.0739221572875977,16,892,585.2013984579826
5778,1.0739036798477173,16,892,585.2013984579826
5779,1.0738952159881592,16,892,585.2013984579826
5780,1.0738848447799683,16,892,585.2013984579826
5781,1.0738765001296997,16,892,585.2013984579826
5782,1.073851466178894,16,892,585.2013984579826
5783,1.0738412141799927,16,892,585.2013984579826
5784,1.0738228559494019,16,892,585.2013984579826
5785,1.073776364326477,16,892,585.2013984579826
5786,1.0740796327590942,16,892,585.2013984579826
5787,1.0737806558609009,16,892,585.2013984579826
5788,1.0738208293914795,16,892,585.2013984579826
5789,1.073835849761963,16,892,585.2013984579826
5790,1.073847770690918,16,892,585.2013984579826
5791,1.073871374130249,16,892,585.2013984579826
5792,1.0738765001296997,16,892,585.2013984579826
5793,1.0738720893859863,16,892,585.2013984579826
5794,1.0738623142242432,16,892,585.2013984579826
5795,1.0738561153411865,16,892,585.2013984579826
5796,1.0738427639007568,16,892,585.2013984579826
5797,1.0738261938095093,16,892,585.2013984579826
5798,1.0738121271133423,16,892,585.2013984579826
5799,1.0738039016723633,16,892,585.2013984579826
5800,1.0737749338150024,16,892,585.2013984579826
5801,1.073744535446167,16,892,585.2013984579826
5802,1.0740280151367188,16,892,585.2013984579826
5803,1.0737534761428833,16,892,585.2013984579826
5804,1.0737872123718262,16,892,585.2013984579826
5805,1.073803186416626,16,892,585.2013984579826
5806,1.0738154649734497,16,892,585.2013984579826
5807,1.07382333278656,16,892,585.2013984579826
5808,1.0738250017166138,16,892,585.2013984579826
5809,1.0738246440887451,16,892,585.2013984579826
5810,1.0738186836242676,16,892,585.2013984579826
5811,1.0738047361373901,16,892,585.2013984579826
5812,1.0738013982772827,16,892,585.2013984579826
5813,1.0737816095352173,16,892,585.2013984579826
5814,1.0737757682800293,16,892,585.2013984579826
5815,1.0737484693527222,16,892,585.2013984579826
5816,1.0737253427505493,16,892,585.2013984579826
5817,1.0738780498504639,16,892,585.2013984579826
5818,1.073732614517212,16,892,585.2013984579826
5819,1.0737591981887817,16,892,585.2013984579826
5820,1.0737817287445068,16,892,585.2013984579826
5821,1.0737786293029785,16,892,585.2013984579826
5822,1.0737956762313843,16,892,585.2013984579826
5823,1.0737884044647217,16,892,585.2013984579826
5824,1.0737913846969604,16,892,585.2013984579826
5825,1.0737837553024292,16,892,585.2013984579826
5826,1.0737777948379517,16,892,585.2013984579826
5827,1.073763132095337,16,892,585.2013984579826
5828,1.073740839958191,16,892,585.2013984579826
5829,1.0737330913543701,16,892,585.2013984579826
5830,1.0737022161483765,16,892,585.2013984579826
5831,1.0738625526428223,16,892,585.2013984579826
5832,1.0736998319625854,16,892,585.2013984579826
5833,1.0737332105636597,16,892,585.2013984579826
5834,1.0737428665161133,16,892,585.2013984579826
5835,1.0737465620040894,16,892,585.2013984579826
5836,1.0737502574920654,16,892,585.2013984579826
5837,1.0737391710281372,16,892,585.2013984579826
5838,1.073732614517212,16,892,585.2013984579826
5839,1.0737109184265137,16,892,585.2013984579826
5840,1.0736891031265259,16,892,585.2013984579826
5841,1.0737701654434204,16,892,585.2013984579826
5842,1.0736972093582153,16,892,585.2013984579826
5843,1.0737216472625732,16,892,585.2013984579826
5844,1.0737533569335938,16,892,585.2013984579826
5845,1.0737464427947998,16,892,585.2013984579826
5846,1.073747158050537,16,892,585.2013984579826
5847,1.0737411975860596,16,892,585.2013984579826
5848,1.0737320184707642,16,892,585.2013984579826
5849,1.0737221240997314,16,892,585.2013984579826
5850,1.0737025737762451,16,892,585.2013984579826
5851,1.0736720561981201,16,892,585.2013984579826
5852,1.073812484741211,16,892,585.2013984579826
5853,1.0736744403839111,16,892,585.2013984579826
5854,1.073714256286621,16,892,585.2013984579826
5855,1.0737234354019165,16,892,585.2013984579826
5856,1.0737251043319702,16,892,585.2013984579826
5857,1.0737357139587402,16,892,585.2013984579826
5858,1.0737262964248657,16,892,585.2013984579826
5859,1.0737165212631226,16,892,585.2013984579826
5860,1.07370126247406,16,892,585.2013984579826
5861,1.0736796855926514,16,892,585.2013984579826
5862,1.0736379623413086,16,892,585.2013984579826
5863,1.0738842487335205,16,892,585.2013984579826
5864,1.073657512664795,16,892,585.2013984579826
5865,1.0737072229385376,16,892,585.2013984579826
5866,1.0737102031707764,16,892,585.2013984579826
5867,1.073734164237976,16,892,585.2013984579826
5868,1.0737285614013672,16,892,585.2013984579826
5869,1.073734998703003,16,892,585.2013984579826
5870,1.0737183094024658,16,892,585.2013984579826
5871,1.073706865310669,16,892,585.2013984579826
5872,1.0736746788024902,16,892,585.2013984579826
5873,1.0736477375030518,16,892,585.2013984579826
5874,1.0736886262893677,16,892,585.2013984579826
5875,1.0736514329910278,16,892,585.2013984579826
5876,1.073678731918335,16,892,585.2013984579826
5877,1.073691964149475,16,892,585.2013984579826
5878,1.0736888647079468,16,892,585.2013984579826
5879,1.0736885070800781,16,892,585.2013984579826
5880,1.073684573173523,16,892,585.2013984579826
5881,1.0736496448516846,16,892,585.2013984579826
5882,1.0736238956451416,16,892,585.2013984579826
5883,1.0737591981887817,16,892,585.2013984579826
5884,1.0736327171325684,16,892,585.2013984579826
5885,1.073673129081726,16,892,585.2013984579826
5886,1.0736985206604004,16,892,585.2013984579826
5887,1.0737042427062988,16,892,585.2013984579826
5888,1.0737110376358032,16,892,585.2013984579826
5889,1.073699951171875,16,892,585.2013984579826
5890,1.0736980438232422,16,892,585.2013984579826
5891,1.0736900568008423,16,892,585.2013984579826
5892,1.0736764669418335,16,892,585.2013984579826
5893,1.0736490488052368,16,892,585.2013984579826
5894,1.0736255645751953,16,892,585.2013984579826
5895,1.073635220527649,16,892,585.2013984579826
5896,1.0736277103424072,16,892,585.2013984579826
5897,1.0736383199691772,16,892,585.2013984579826
5898,1.073654294013977,16,892,585.2013984579826
5899,1.073663353919983,16,892,585.2013984579826
5900,1.0736515522003174,16,892,585.2013984579826
5901,1.0736558437347412,16,892,585.2013984579826
5902,1.0736396312713623,16,892,585.2013984579826
5903,1.0736186504364014,16,892,585.2013984579826
5904,1.0735958814620972,16,892,585.2013984579826
5905,1.073685884475708,16,892,585.2013984579826
5906,1.0736050605773926,16,892,585.2013984579826
5907,1.0736361742019653,16,892,585.2013984579826
5908,1.0736582279205322,16,892,585.2013984579826
5909,1.0736584663391113,16,892,585.2013984579826
5910,1.073667287826538,16,892,585.2013984579826
5911,1.073664665222168,16,892,585.2013984579826
5912,1.0736485719680786,16,892,585.2013984579826
5913,1.073635220527649,16,892,585.2013984579826
5914,1.0736149549484253,16,892,585.2013984579826
5915,1.0735836029052734,16,892,585.2013984579826
5916,1.0736660957336426,16,892,585.2013984579826
5917,1.0735881328582764,16,892,585.2013984579826
5918,1.0736172199249268,16,892,585.2013984579826
5919,1.073630690574646,16,892,585.2013984579826
5920,1.0736397504806519,16,892,585.2013984579826
5921,1.0736329555511475,16,892,585.2013984579826
5922,1.073623776435852,16,892,585.2013984579826
5923,1.0736182928085327,16,892,585.2013984579826
5924,1.073587417602539,16,892,585.2013984579826
5925,1.0735689401626587,16,892,585.2013984579826
5926,1.073755145072937,16,892,585.2013984579826
5927,1.073578119277954,16,892,585.2013984579826
5928,1.0736112594604492,16,892,585.2013984579826
5929,1.0736215114593506,16,892,585.2013984579826
5930,1.0736418962478638,16,892,585.2013984579826
5931,1.0736383199691772,16,892,585.2013984579826
5932,1.0736511945724487,16,892,585.2013984579826
5933,1.0736348628997803,16,892,585.2013984579826
5934,1.0736262798309326,16,892,585.2013984579826
5935,1.073610544204712,16,892,585.2013984579826
5936,1.0735810995101929,16,892,585.2013984579826
5937,1.0735979080200195,16,892,585.2013984579826
5938,1.07358980178833,16,892,585.2013984579826
5939,1.0736122131347656,16,892,585.2013984579826
5940,1.0736112594604492,16,892,585.2013984579826
5941,1.0736135244369507,16,892,585.2013984579826
5942,1.0736199617385864,16,892,585.2013984579826
5943,1.0736119747161865,16,892,585.2013984579826
5944,1.0736035108566284,16,892,585.2013984579826
5945,1.0735948085784912,16,892,585.2013984579826
5946,1.0735574960708618,16,892,585.2013984579826
5947,1.0736464262008667,16,892,585.2013984579826
5948,1.073570966720581,16,892,585.2013984579826
5949,1.0735975503921509,16,892,585.2013984579826
5950,1.0736087560653687,16,892,585.2013984579826
5951,1.0736191272735596,16,892,585.2013984579826
5952,1.0736128091812134,16,892,585.2013984579826
5953,1.0736093521118164,16,892,585.2013984579826
5954,1.073598027229309,16,892,585.2013984579826
5955,1.073583960533142,16,892,585.2013984579826
5956,1.0735619068145752,16,892,585.2013984579826
5957,1.0735459327697754,16,892,585.2013984579826
5958,1.0738166570663452,16,892,585.2013984579826
5959,1.0735422372817993,16,892,585.2013984579826
5960,1.0735669136047363,16,892,585.2013984579826
5961,1.0735880136489868,16,892,585.2013984579826
5962,1.073588252067566,16,892,585.2013984579826
5963,1.0735900402069092,16,892,585.2013984579826
5964,1.0735909938812256,16,892,585.2013984579826
5965,1.073578953742981,16,892,585.2013984579826
5966,1.0735663175582886,16,892,585.2013984579826
5967,1.0735470056533813,16,892,585.2013984579826
5968,1.0735996961593628,16,892,585.2013984579826
5969,1.0735585689544678,16,892,585.2013984579826
5970,1.0735844373703003,16,892,585.2013984579826
5971,1.0735893249511719,16,892,585.2013984579826
5972,1.0736005306243896,16,892,585.2013984579826
5973,1.073596477508545,16,892,585.2013984579826
5974,1.0735914707183838,16,892,585.2013984579826
5975,1.07357656955719,16,892,585.2013984579826
5976,1.0735620260238647,16,892,585.2013984579826
5977,1.0735292434692383,16,892,585.2013984579826
5978,1.0736464262008667,16,892,585.2013984579826
5979,1.073543667793274,16,892,585.2013984579826
5980,1.0735697746276855,16,892,585.2013984579826
5981,1.0735727548599243,16,892,585.2013984579826
5982,1.0735825300216675,16,892,585.2013984579826
5983,1.0735790729522705,16,892,585.2013984579826
5984,1.0735784769058228,16,892,585.2013984579826
5985,1.073566198348999,16,892,585.2013984579826
5986,1.0735433101654053,16,892,585.2013984579826
5987,1.0735265016555786,16,892,585.2013984579826
5988,1.0736140012741089,16,892,585.2013984579826
5989,1.0735270977020264,16,892,585.2013984579826
5990,1.0735552310943604,16,892,585.2013984579826
5991,1.0735721588134766,16,892,585.2013984579826
5992,1.0735764503479004,16,892,585.2013984579826
5993,1.0735785961151123,16,892,585.2013984579826
5994,1.0735684633255005,16,892,585.2013984579826
5995,1.07355535030365,16,892,585.2013984579826
5996,1.0735456943511963,16,892,585.2013984579826
5997,1.073526382446289,16,892,585.2013984579826
5998,1.0736223459243774,16,892,585.2013984579826
5999,1.07352876663208,16,892,585.2013984579826
6000,1.0735437870025635,16,892,585.2013984579826
6001,1.0735667943954468,16,892,585.2013984579826
6002,1.0735702514648438,16,892,585.2013984579826
6003,1.0735632181167603,16,892,585.2013984579826
6004,1.0735589265823364,16,892,585.2013984579826
6005,1.0735511779785156,16,892,585.2013984579826
6006,1.073534369468689,16,892,585.2013984579826
6007,1.0735101699829102,16,892,585.2013984579826
6008,1.0736258029937744,16,892,585.2013984579826
6009,1.0735200643539429,16,892,585.2013984579826
6010,1.073546051979065,16,892,585.2013984579826
6011,1.073556661605835,16,892,585.2013984579826
6012,1.0735656023025513,16,892,585.2013984579826
6013,1.07356595993042,16,892,585.2013984579826
6014,1.0735539197921753,16,892,585.2013984579826
6015,1.0735509395599365,16,892,585.2013984579826
6016,1.0735266208648682,16,892,585.2013984579826
6017,1.0735050439834595,16,892,585.2013984579826
6018,1.0736311674118042,16,892,585.2013984579826
6019,1.073502540588379,16,892,585.2013984579826
6020,1.073522686958313,16,892,585.2013984579826
6021,1.073551058769226,16,892,585.2013984579826
6022,1.0735520124435425,16,892,585.2013984579826
6023,1.0735490322113037,16,892,585.2013984579826
6024,1.0735397338867188,16,892,585.2013984579826
6025,1.07353675365448,16,892,585.2013984579826
6026,1.073521375656128,16,892,585.2013984579826
6027,1.0734879970550537,16,892,585.2013984579826
6028,1.073634386062622,16,892,585.2013984579826
6029,1.0735048055648804,16,892,585.2013984579826
6030,1.073522925376892,16,892,585.2013984579826
6031,1.0735360383987427,16,892,585.2013984579826
6032,1.07353675365448,16,892,585.2013984579826
6033,1.0735399723052979,16,892,585.2013984579826
6034,1.0735355615615845,16,892,585.2013984579826
6035,1.073523759841919,16,892,585.2013984579826
6036,1.0735208988189697,16,892,585.2013984579826
6037,1.0734772682189941,16,892,585.2013984579826
6038,1.07364022731781,16,892,585.2013984579826
6039,1.0734926462173462,16,892,585.2013984579826
6040,1.073514699935913,16,892,585.2013984579826
6041,1.073527455329895,16,892,585.2013984579826
6042,1.0735282897949219,16,892,585.2013984579826
6043,1.07352876663208,16,892,585.2013984579826
6044,1.0735270977020264,16,892,585.2013984579826
6045,1.0735127925872803,16,892,585.2013984579826
6046,1.0734935998916626,16,892,585.2013984579826
6047,1.0734659433364868,16,892,585.2013984579826
6048,1.0736569166183472,16,892,585.2013984579826
6049,1.0734843015670776,16,892,585.2013984579826
6050,1.0735018253326416,16,892,585.2013984579826
6051,1.0735204219818115,16,892,585.2013984579826
6052,1.0735292434692383,16,892,585.2013984579826
6053,1.0735312700271606,16,892,585.2013984579826
6054,1.073513388633728,16,892,585.2013984579826
6055,1.0735045671463013,16,892,585.2013984579826
6056,1.073483943939209,16,892,585.2013984579826
6057,1.0734639167785645,16,892,585.2013984579826
6058,1.0736665725708008,16,892,585.2013984579826
6059,1.0734755992889404,16,892,585.2013984579826
6060,1.0734899044036865,16,892,585.2013984579826
6061,1.073509931564331,16,892,585.2013984579826
6062,1.0735162496566772,16,892,585.2013984579826
6063,1.0735143423080444,16,892,585.2013984579826
6064,1.0735069513320923,16,892,585.2013984579826
6065,1.0734925270080566,16,892,585.2013984579826
6066,1.0734796524047852,16,892,585.2013984579826
6067,1.073462724685669,16,892,585.2013984579826
6068,1.0734872817993164,16,892,585.2013984579826
6069,1.0735108852386475,16,892,585.2013984579826
6070,1.0735185146331787,16,892,585.2013984579826
6071,1.0735197067260742,16,892,585.2013984579826
6072,1.0735121965408325,16,892,585.2013984579826
6073,1.0735114812850952,16,892,585.2013984579826
6074,1.0735020637512207,16,892,585.2013984579826
6075,1.0734889507293701,16,892,585.2013984579826
6076,1.0734541416168213,16,892,585.2013984579826
6077,1.073596715927124,16,892,585.2013984579826
6078,1.0734667778015137,16,892,585.2013984579826
6079,1.0734868049621582,16,892,585.2013984579826
6080,1.0734978914260864,16,892,585.2013984579826
6081,1.0735054016113281,16,892,585.2013984579826
6082,1.0734946727752686,16,892,585.2013984579826
6083,1.073496699333191,16,892,585.2013984579826
6084,1.0734816789627075,16,892,585.2013984579826
6085,1.0734659433364868,16,892,585.2013984579826
6086,1.0734694004058838,16,892,585.2013984579826
6087,1.0734785795211792,16,892,585.2013984579826
6088,1.073498010635376,16,892,585.2013984579826
6089,1.0735102891921997,16,892,585.2013984579826
6090,1.0735044479370117,16,892,585.2013984579826
6091,1.0735021829605103,16,892,585.2013984579826
6092,1.0735079050064087,16,892,585.2013984579826
6093,1.073494553565979,16,892,585.2013984579826
6094,1.0734714269638062,16,892,585.2013984579826
6095,1.0734424591064453,16,892,585.2013984579826
6096,1.0735752582550049,16,892,585.2013984579826
6097,1.0734505653381348,16,892,585.2013984579826
6098,1.0734708309173584,16,892,585.2013984579826
6099,1.0734851360321045,16,892,585.2013984579826
6100,1.0734837055206299,16,892,585.2013984579826
6101,1.0734907388687134,16,892,585.2013984579826
6102,1.073481559753418,16,892,585.2013984579826
6103,1.073473572731018,16,892,585.2013984579826
6104,1.0734503269195557,16,892,585.2013984579826
6105,1.0734697580337524,16,892,585.2013984579826
6106,1.073459267616272,16,892,585.2013984579826
6107,1.0734707117080688,16,892,585.2013984579826
6108,1.0734870433807373,16,892,585.2013984579826
6109,1.0734950304031372,16,892,585.2013984579826
6110,1.0734868049621582,16,892,585.2013984579826
6111,1.073480248451233,16,892,585.2013984579826
6112,1.0734745264053345,16,892,585.2013984579826
6113,1.0734573602676392,16,892,585.2013984579826
6114,1.073431372642517,16,892,585.2013984579826
6115,1.0735859870910645,16,892,585.2013984579826
6116,1.0734379291534424,16,892,585.2013984579826
6117,1.073455572128296,16,892,585.2013984579826
6118,1.073462963104248,16,892,585.2013984579826
6119,1.073471188545227,16,892,585.2013984579826
6120,1.0734734535217285,16,892,585.2013984579826
6121,1.0734620094299316,16,892,585.2013984579826
6122,1.0734548568725586,16,892,585.2013984579826
6123,1.0734449625015259,16,892,585.2013984579826
6124,1.0734713077545166,16,892,585.2013984579826
6125,1.073446273803711,16,892,585.2013984579826
6126,1.0734659433364868,16,892,585.2013984579826
6127,1.0734741687774658,16,892,585.2013984579826
6128,1.0734814405441284,16,892,585.2013984579826
6129,1.0734763145446777,16,892,585.2013984579826
6130,1.0734779834747314,16,892,585.2013984579826
6131,1.073452115058899,16,892,585.2013984579826
6132,1.0734436511993408,16,892,585.2013984579826
6133,1.0734137296676636,16,892,585.2013984579826
6134,1.07358717918396,16,892,585.2013984579826
6135,1.0734246969223022,16,892,585.2013984579826
6136,1.0734407901763916,16,892,585.2013984579826
6137,1.0734469890594482,16,892,585.2013984579826
6138,1.0734565258026123,16,892,585.2013984579826
6139,1.0734543800354004,16,892,585.2013984579826
6140,1.0734503269195557,16,892,585.2013984579826
6141,1.0734367370605469,16,892,585.2013984579826
6142,1.0734262466430664,16,892,585.2013984579826
6143,1.0734825134277344,16,892,585.2013984579826
6144,1.073424220085144,16,892,585.2013984579826
6145,1.0734468698501587,16,892,585.2013984579826
6146,1.0734577178955078,16,892,585.2013984579826
6147,1.0734635591506958,16,892,585.2013984579826
6148,1.0734626054763794,16,892,585.2013984579826
6149,1.0734585523605347,16,892,585.2013984579826
6150,1.073445200920105,16,892,585.2013984579826
6151,1.073430061340332,16,892,585.2013984579826
6152,1.0734059810638428,16,892,585.2013984579826
6153,1.0736006498336792,16,892,585.2013984579826
6154,1.0734033584594727,16,892,585.2013984579826
6155,1.0734312534332275,16,892,585.2013984579826
6156,1.0734422206878662,16,892,585.2013984579826
6157,1.0734403133392334,16,892,585.2013984579826
6158,1.0734399557113647,16,892,585.2013984579826
6159,1.0734373331069946,16,892,585.2013984579826
6160,1.0734212398529053,16,892,585.2013984579826
6161,1.0734062194824219,16,892,585.2013984579826
6162,1.0734976530075073,16,892,585.2013984579826
6163,1.0734134912490845,16,892,585.2013984579826
6164,1.0734305381774902,16,892,585.2013984579826
6165,1.0734437704086304,16,892,585.2013984579826
6166,1.073452353477478,16,892,585.2013984579826
6167,1.0734531879425049,16,892,585.2013984579826
6168,1.0734483003616333,16,892,585.2013984579826
6169,1.0734368562698364,16,892,585.2013984579826
6170,1.0734206438064575,16,892,585.2013984579826
6171,1.0734063386917114,16,892,585.2013984579826
6172,1.0734127759933472,16,892,585.2013984579826
6173,1.073441505432129,16,892,585.2013984579826
6174,1.0734472274780273,16,892,585.2013984579826
6175,1.0734466314315796,16,892,585.2013984579826
6176,1.0734442472457886,16,892,585.2013984579826
6177,1.073444128036499,16,892,585.2013984579826
6178,1.0734195709228516,16,892,585.2013984579826
6179,1.0734127759933472,16,892,585.2013984579826
6180,1.0734074115753174,16,892,585.2013984579826
6181,1.0734084844589233,16,892,585.2013984579826
6182,1.0734283924102783,16,892,585.2013984579826
6183,1.0734418630599976,16,892,585.2013984579826
6184,1.0734449625015259,16,892,585.2013984579826
6185,1.073440432548523,16,892,585.2013984579826
6186,1.0734361410140991,16,892,585.2013984579826
6187,1.0734251737594604,16,892,585.2013984579826
6188,1.0734052658081055,16,892,585.2013984579826
6189,1.0733933448791504,16,892,585.2013984579826
6190,1.0734155178070068,16,892,585.2013984579826
6191,1.0734286308288574,16,892,585.2013984579826
6192,1.0734354257583618,16,892,585.2013984579826
6193,1.073434829711914,16,892,585.2013984579826
6194,1.073439121246338,16,892,585.2013984579826
6195,1.0734283924102783,16,892,585.2013984579826
6196,1.073411464691162,16,892,585.2013984579826
6197,1.0734021663665771,16,892,585.2013984579826
6198,1.0733821392059326,16,892,585.2013984579826
6199,1.073591709136963,16,892,585.2013984579826
6200,1.0733791589736938,16,892,585.2013984579826
6201,1.0734126567840576,16,892,585.2013984579826
6202,1.0734107494354248,16,892,585.2013984579826
6203,1.0734121799468994,16,892,585.2013984579826
6204,1.0734161138534546,16,892,585.2013984579826
6205,1.0734084844589233,16,892,585.2013984579826
6206,1.0734009742736816,16,892,585.2013984579826
6207,1.073385238647461,16,892,585.2013984579826
6208,1.0734742879867554,16,892,585.2013984579826
6209,1.0733789205551147,16,892,585.2013984579826
6210,1.0734082460403442,16,892,585.2013984579826
6211,1.0734210014343262,16,892,585.2013984579826
6212,1.0734254121780396,16,892,585.2013984579826
6213,1.073418378829956,16,892,585.2013984579826
6214,1.0734128952026367,16,892,585.2013984579826
6215,1.0734056234359741,16,892,585.2013984579826
6216,1.0733813047409058,16,892,585.2013984579826
6217,1.0734087228775024,16,892,585.2013984579826
6218,1.073394536972046,16,892,585.2013984579826
6219,1.0734056234359741,16,892,585.2013984579826
6220,1.073420763015747,16,892,585.2013984579826
6221,1.0734204053878784,16,892,585.2013984579826
6222,1.0734204053878784,16,892,585.2013984579826
6223,1.0734126567840576,16,892,585.2013984579826
6224,1.0733951330184937,16,892,585.2013984579826
6225,1.0733826160430908,16,892,585.2013984579826
6226,1.0734213590621948,16,892,585.2013984579826
6227,1.0733894109725952,16,892,585.2013984579826
6228,1.0733989477157593,16,892,585.2013984579826
6229,1.0734140872955322,16,892,585.2013984579826
6230,1.0734071731567383,16,892,585.2013984579826
6231,1.0734162330627441,16,892,585.2013984579826
6232,1.0733985900878906,16,892,585.2013984579826
6233,1.07339346408844,16,892,585.2013984579826
6234,1.073385238647461,16,892,585.2013984579826
6235,1.0734010934829712,16,892,585.2013984579826
6236,1.073376178741455,16,892,585.2013984579826
6237,1.0733966827392578,16,892,585.2013984579826
6238,1.073403000831604,16,892,585.2013984579826
6239,1.073410153388977,16,892,585.2013984579826
6240,1.073408842086792,16,892,585.2013984579826
6241,1.0734018087387085,16,892,585.2013984579826
6242,1.0733786821365356,16,892,585.2013984579826
6243,1.0733649730682373,16,892,585.2013984579826
6244,1.0733895301818848,16,892,585.2013984579826
6245,1.0733702182769775,16,892,585.2013984579826
6246,1.0733901262283325,16,892,585.2013984579826
6247,1.073403000831604,16,892,585.2013984579826
6248,1.0734065771102905,16,892,585.2013984579826
6249,1.0734028816223145,16,892,585.2013984579826
6250,1.0733970403671265,16,892,585.2013984579826
6251,1.0733885765075684,16,892,585.2013984579826
6252,1.0733685493469238,16,892,585.2013984579826
6253,1.0733927488327026,16,892,585.2013984579826
6254,1.0733779668807983,16,892,585.2013984579826
6255,1.0733827352523804,16,892,585.2013984579826
6256,1.0734010934829712,16,892,585.2013984579826
6257,1.0733989477157593,16,892,585.2013984579826
6258,1.0733997821807861,16,892,585.2013984579826
6259,1.073392629623413,16,892,585.2013984579826
6260,1.0733839273452759,16,892,585.2013984579826
6261,1.0733556747436523,16,892,585.2013984579826
6262,1.0733975172042847,16,892,585.2013984579826
6263,1.073365330696106,16,892,585.2013984579826
6264,1.0733791589736938,16,892,585.2013984579826
6265,1.0733885765075684,16,892,585.2013984579826
6266,1.073395848274231,16,892,585.2013984579826
6267,1.0733904838562012,16,892,585.2013984579826
6268,1.0733897686004639,16,892,585.2013984579826
6269,1.0733720064163208,16,892,585.2013984579826
6270,1.0733522176742554,16,892,585.2013984579826
6271,1.0733968019485474,16,892,585.2013984579826
6272,1.0733642578125,16,892,585.2013984579826
6273,1.0733788013458252,16,892,585.2013984579826
6274,1.0733864307403564,16,892,585.2013984579826
6275,1.0733839273452759,16,892,585.2013984579826
6276,1.0733890533447266,16,892,585.2013984579826
6277,1.07338285446167,16,892,585.2013984579826
6278,1.0733641386032104,16,892,585.2013984579826
6279,1.0733368396759033,16,892,585.2013984579826
6280,1.0733952522277832,16,892,585.2013984579826
6281,1.0733494758605957,16,892,585.2013984579826
6282,1.0733758211135864,16,892,585.2013984579826
6283,1.0733789205551147,16,892,585.2013984579826
6284,1.073384165763855,16,892,585.2013984579826
6285,1.0733798742294312,16,892,585.2013984579826
6286,1.0733754634857178,16,892,585.2013984579826
6287,1.0733635425567627,16,892,585.2013984579826
6288,1.0733494758605957,16,892,585.2013984579826
6289,1.0733979940414429,16,892,585.2013984579826
6290,1.0733449459075928,16,892,585.2013984579826
6291,1.0733745098114014,16,892,585.2013984579826
6292,1.0733733177185059,16,892,585.2013984579826
6293,1.0733752250671387,16,892,585.2013984579826
6294,1.0733751058578491,16,892,585.2013984579826
6295,1.0733665227890015,16,892,585.2013984579826
6296,1.0733551979064941,16,892,585.2013984579826
6297,1.0733349323272705,16,892,585.2013984579826
6298,1.0734026432037354,16,892,585.2013984579826
6299,1.073338270187378,16,892,585.2013984579826
6300,1.0733639001846313,16,892,585.2013984579826
6301,1.0733683109283447,16,892,585.2013984579826
6302,1.0733767747879028,16,892,585.2013984579826
6303,1.073907732963562,32,892,585.2013984579826
6304,1.073756217956543,32,892,585.2013984579826
6305,1.0735360383987427,32,892,585.2013984579826
6306,1.0733221769332886,32,892,585.2013984579826
6307,1.073134422302246,32,892,585.2013984579826
6308,1.0729762315750122,32,892,585.2013984579826
6309,1.0728405714035034,32,892,585.2013984579826
6310,1.0727282762527466,32,892,585.2013984579826
6311,1.072621464729309,32,892,585.2013984579826
6312,1.0728180408477783,32,892,585.2013984579826
6313,1.072875738143921,32,892,585.2013984579826
6314,1.0727578401565552,32,892,585.2013984579826
6315,1.0727678537368774,32,892,585.2013984579826
6316,1.0729632377624512,32,892,585.2013984579826
6317,1.072884440422058,32,892,585.2013984579826
6318,1.0726450681686401,32,892,585.2013984579826
6319,1.0729320049285889,32,892,585.2013984579826
6320,1.0729827880859375,32,892,585.2013984579826
6321,1.072766661643982,32,892,585.2013984579826
6322,1.0730160474777222,32,892,585.2013984579826
6323,1.0732307434082031,32,892,585.2013984579826
6324,1.0730528831481934,32,892,585.2013984579826
6325,1.0727380514144897,32,892,585.2013984579826
6326,1.0727834701538086,32,892,585.2013984579826
6327,1.0727499723434448,32,892,585.2013984579826
6328,1.0727146863937378,32,892,585.2013984579826
6329,1.0727641582489014,32,892,585.2013984579826
6330,1.0726147890090942,32,892,585.2013984579826
6331,1.0725289583206177,32,892,585.2013984579826
6332,1.0726845264434814,32,892,585.2013984579826
6333,1.07253897190094,32,892,585.2013984579826
6334,1.0727249383926392,32,892,585.2013984579826
6335,1.0728075504302979,32,892,585.2013984579826
6336,1.0727993249893188,32,892,585.2013984579826
6337,1.0727847814559937,32,892,585.2013984579826
6338,1.0727518796920776,32,892,585.2013984579826
6339,1.0727306604385376,32,892,585.2013984579826
6340,1.072714924812317,32,892,585.2013984579826
6341,1.072687029838562,32,892,585.2013984579826
6342,1.0726819038391113,32,892,585.2013984579826
6343,1.0726580619812012,32,892,585.2013984579826
6344,1.0726227760314941,32,892,585.2013984579826
6345,1.0725831985473633,32,892,585.2013984579826
6346,1.0725483894348145,32,892,585.2013984579826
6347,1.0725057125091553,32,892,585.2013984579826
6348,1.0725206136703491,32,892,585.2013984579826
6349,1.0724929571151733,32,892,585.2013984579826
6350,1.0725051164627075,32,892,585.2013984579826
6351,1.0724968910217285,32,892,585.2013984579826
6352,1.0724666118621826,32,892,585.2013984579826
6353,1.0724740028381348,32,892,585.2013984579826
6354,1.0724812746047974,32,892,585.2013984579826
6355,1.0724986791610718,32,892,585.2013984579826
6356,1.0724706649780273,32,892,585.2013984579826
6357,1.072514295578003,32,892,585.2013984579826
6358,1.0724883079528809,32,892,585.2013984579826
6359,1.0724525451660156,32,892,585.2013984579826
6360,1.072479009628296,32,892,585.2013984579826
6361,1.072466254234314,32,892,585.2013984579826
6362,1.0724276304244995,32,892,585.2013984579826
6363,1.0724214315414429,32,892,585.2013984579826
6364,1.0724761486053467,32,892,585.2013984579826
6365,1.072441816329956,32,892,585.2013984579826
6366,1.072466254234314,32,892,585.2013984579826
6367,1.0724973678588867,32,892,585.2013984579826
6368,1.0725018978118896,32,892,585.2013984579826
6369,1.072489857673645,32,892,585.2013984579826
6370,1.0724570751190186,32,892,585.2013984579826
6371,1.0724155902862549,32,892,585.2013984579826
6372,1.0723949670791626,32,892,585.2013984579826
6373,1.072409987449646,32,892,585.2013984579826
6374,1.0724247694015503,32,892,585.2013984579826
6375,1.0724161863327026,32,892,585.2013984579826
6376,1.072390079498291,32,892,585.2013984579826
6377,1.0724468231201172,32,892,585.2013984579826
6378,1.072426438331604,32,892,585.2013984579826
6379,1.0724080801010132,32,892,585.2013984579826
6380,1.0724210739135742,32,892,585.2013984579826
6381,1.0724138021469116,32,892,585.2013984579826
6382,1.072394847869873,32,892,585.2013984579826
6383,1.0723932981491089,32,892,585.2013984579826
6384,1.0724009275436401,32,892,585.2013984579826
6385,1.072401523590088,32,892,585.2013984579826
6386,1.0723896026611328,32,892,585.2013984579826
6387,1.072389841079712,32,892,585.2013984579826
6388,1.072381615638733,32,892,585.2013984579826
6389,1.072396159172058,32,892,585.2013984579826
6390,1.0724114179611206,32,892,585.2013984579826
6391,1.0724027156829834,32,892,585.2013984579826
6392,1.0723823308944702,32,892,585.2013984579826
6393,1.0724025964736938,32,892,585.2013984579826
6394,1.072363257408142,32,892,585.2013984579826
6395,1.072363018989563,32,892,585.2013984579826
6396,1.0723485946655273,32,892,585.2013984579826
6397,1.0723692178726196,32,892,585.2013984579826
6398,1.0723832845687866,32,892,585.2013984579826
6399,1.0724042654037476,32,892,585.2013984579826
6400,1.0723862648010254,32,892,585.2013984579826
6401,1.0723421573638916,32,892,585.2013984579826
6402,1.0724478960037231,32,892,585.2013984579826
6403,1.0724023580551147,32,892,585.2013984579826
6404,1.072398066520691,32,892,585.2013984579826
6405,1.0724339485168457,32,892,585.2013984579826
6406,1.072440505027771,32,892,585.2013984579826
6407,1.0724116563796997,32,892,585.2013984579826
6408,1.072393536567688,32,892,585.2013984579826
6409,1.0723555088043213,32,892,585.2013984579826
6410,1.0723986625671387,32,892,585.2013984579826
6411,1.0723589658737183,32,892,585.2013984579826
6412,1.0724098682403564,32,892,585.2013984579826
6413,1.0724574327468872,32,892,585.2013984579826
6414,1.0724529027938843,32,892,585.2013984579826
6415,1.0724201202392578,32,892,585.2013984579826
6416,1.0723998546600342,32,892,585.2013984579826
6417,1.0723613500595093,32,892,585.2013984579826
6418,1.072401523590088,32,892,585.2013984579826
6419,1.072373867034912,32,892,585.2013984579826
6420,1.0724198818206787,32,892,585.2013984579826
6421,1.0724869966506958,32,892,585.2013984579826
6422,1.0724471807479858,32,892,585.2013984579826
6423,1.0724009275436401,32,892,585.2013984579826
6424,1.0723618268966675,32,892,585.2013984579826
6425,1.072412371635437,32,892,585.2013984579826
6426,1.072400689125061,32,892,585.2013984579826
6427,1.0723687410354614,32,892,585.2013984579826
6428,1.0723903179168701,32,892,585.2013984579826
6429,1.0723960399627686,32,892,585.2013984579826
6430,1.0724130868911743,32,892,585.2013984579826
6431,1.072389841079712,32,892,585.2013984579826
6432,1.0723544359207153,32,892,585.2013984579826
6433,1.0723419189453125,32,892,585.2013984579826
6434,1.072332739830017,32,892,585.2013984579826
6435,1.07234525680542,32,892,585.2013984579826
6436,1.0723398923873901,32,892,585.2013984579826
6437,1.0723369121551514,32,892,585.2013984579826
6438,1.07236647605896,32,892,585.2013984579826
6439,1.072385549545288,32,892,585.2013984579826
6440,1.0723716020584106,32,892,585.2013984579826
6441,1.0723272562026978,32,892,585.2013984579826
6442,1.0724207162857056,32,892,585.2013984579826
6443,1.0723785161972046,32,892,585.2013984579826
6444,1.0723587274551392,32,892,585.2013984579826
6445,1.0723938941955566,32,892,585.2013984579826
6446,1.07239830493927,32,892,585.2013984579826
6447,1.072368860244751,32,892,585.2013984579826
6448,1.0723416805267334,32,892,585.2013984579826
6449,1.0723514556884766,32,892,585.2013984579826
6450,1.0723373889923096,32,892,585.2013984579826
6451,1.0723379850387573,32,892,585.2013984579826
6452,1.072343111038208,32,892,585.2013984579826
6453,1.0723764896392822,32,892,585.2013984579826
6454,1.0723364353179932,32,892,585.2013984579826
6455,1.0723321437835693,32,892,585.2013984579826
6456,1.0723291635513306,32,892,585.2013984579826
6457,1.0723289251327515,32,892,585.2013984579826
6458,1.072325587272644,32,892,585.2013984579826
6459,1.0723429918289185,32,892,585.2013984579826
6460,1.0723538398742676,32,892,585.2013984579826
6461,1.0723419189453125,32,892,585.2013984579826
6462,1.0723235607147217,32,892,585.2013984579826
6463,1.0723490715026855,32,892,585.2013984579826
6464,1.0723108053207397,32,892,585.2013984579826
6465,1.0723090171813965,32,892,585.2013984579826
6466,1.0723435878753662,32,892,585.2013984579826
6467,1.0723873376846313,32,892,585.2013984579826
6468,1.0723742246627808,32,892,585.2013984579826
6469,1.072346568107605,32,892,585.2013984579826
6470,1.072310447692871,32,892,585.2013984579826
6471,1.072373390197754,32,892,585.2013984579826
6472,1.0723508596420288,32,892,585.2013984579826
6473,1.0723527669906616,32,892,585.2013984579826
6474,1.072363257408142,32,892,585.2013984579826
6475,1.0723836421966553,32,892,585.2013984579826
6476,1.0723679065704346,32,892,585.2013984579826
6477,1.0723596811294556,32,892,585.2013984579826
6478,1.0723222494125366,32,892,585.2013984579826
6479,1.0723202228546143,32,892,585.2013984579826
6480,1.0722991228103638,32,892,585.2013984579826
6481,1.0723145008087158,32,892,585.2013984579826
6482,1.072309970855713,32,892,585.2013984579826
6483,1.0723016262054443,32,892,585.2013984579826
6484,1.072348952293396,32,892,585.2013984579826
6485,1.072373867034912,32,892,585.2013984579826
6486,1.072310447692871,32,892,585.2013984579826
6487,1.072332501411438,32,892,585.2013984579826
6488,1.0723116397857666,32,892,585.2013984579826
6489,1.0723247528076172,32,892,585.2013984579826
6490,1.0723227262496948,32,892,585.2013984579826
6491,1.0723249912261963,32,892,585.2013984579826
6492,1.072309970855713,32,892,585.2013984579826
6493,1.0723270177841187,32,892,585.2013984579826
6494,1.0723161697387695,32,892,585.2013984579826
6495,1.0723015069961548,32,892,585.2013984579826
6496,1.072343111038208,32,892,585.2013984579826
6497,1.0722899436950684,32,892,585.2013984579826
6498,1.0723028182983398,32,892,585.2013984579826
6499,1.0723063945770264,32,892,585.2013984579826
6500,1.0722906589508057,32,892,585.2013984579826
6501,1.072357177734375,32,892,585.2013984579826
6502,1.072295904159546,32,892,585.2013984579826
6503,1.0723012685775757,32,892,585.2013984579826
6504,1.072287678718567,32,892,585.2013984579826
6505,1.0723509788513184,32,892,585.2013984579826
6506,1.0722798109054565,32,892,585.2013984579826
6507,1.0722994804382324,32,892,585.2013984579826
6508,1.072283387184143,32,892,585.2013984579826
6509,1.0722907781600952,32,892,585.2013984579826
6510,1.0723185539245605,32,892,585.2013984579826
6511,1.072326421737671,32,892,585.2013984579826
6512,1.072318434715271,32,892,585.2013984579826
6513,1.0722968578338623,32,892,585.2013984579826
6514,1.0723341703414917,32,892,585.2013984579826
6515,1.0722918510437012,32,892,585.2013984579826
6516,1.07229745388031,32,892,585.2013984579826
6517,1.0722788572311401,32,892,585.2013984579826
6518,1.0723252296447754,32,892,585.2013984579826
6519,1.0723471641540527,32,892,585.2013984579826
6520,1.0723460912704468,32,892,585.2013984579826
6521,1.072320580482483,32,892,585.2013984579826
6522,1.072299599647522,32,892,585.2013984579826
6523,1.072319746017456,32,892,585.2013984579826
6524,1.0722805261611938,32,892,585.2013984579826
6525,1.072314977645874,32,892,585.2013984579826
6526,1.0723408460617065,32,892,585.2013984579826
6527,1.072317123413086,32,892,585.2013984579826
6528,1.0722984075546265,32,892,585.2013984579826
6529,1.0722973346710205,32,892,585.2013984579826
6530,1.0722795724868774,32,892,585.2013984579826
6531,1.0722813606262207,32,892,585.2013984579826
6532,1.072288155555725,32,892,585.2013984579826
6533,1.0722705125808716,32,892,585.2013984579826
6534,1.0723628997802734,32,892,585.2013984579826
6535,1.0722695589065552,32,892,585.2013984579826
6536,1.0722728967666626,32,892,585.2013984579826
6537,1.0722864866256714,32,892,585.2013984579826
6538,1.0723167657852173,32,892,585.2013984579826
6539,1.072339653968811,32,892,585.2013984579826
6540,1.0723130702972412,32,892,585.2013984579826
6541,1.072286605834961,32,892,585.2013984579826
6542,1.0722824335098267,32,892,585.2013984579826
6543,1.0723637342453003,32,892,585.2013984579826
6544,1.0723366737365723,32,892,585.2013984579826
6545,1.0723134279251099,32,892,585.2013984579826
6546,1.0723562240600586,32,892,585.2013984579826
6547,1.0723673105239868,32,892,585.2013984579826
6548,1.0723603963851929,32,892,585.2013984579826
6549,1.072335958480835,32,892,585.2013984579826
6550,1.072287917137146,32,892,585.2013984579826
6551,1.0722830295562744,32,892,585.2013984579826
6552,1.072275161743164,32,892,585.2013984579826
6553,1.0722869634628296,32,892,585.2013984579826
6554,1.0722702741622925,32,892,585.2013984579826
6555,1.0722637176513672,32,892,585.2013984579826
6556,1.0723369121551514,32,892,585.2013984579826
6557,1.072335958480835,32,892,585.2013984579826
6558,1.0722755193710327,32,892,585.2013984579826
6559,1.0722923278808594,32,892,585.2013984579826
6560,1.0722784996032715,32,892,585.2013984579826
6561,1.072299838066101,32,892,585.2013984579826
6562,1.0723116397857666,32,892,585.2013984579826
6563,1.0722935199737549,32,892,585.2013984579826
6564,1.0723302364349365,32,892,585.2013984579826
6565,1.072282314300537,32,892,585.2013984579826
6566,1.0723367929458618,32,892,585.2013984579826
6567,1.0723683834075928,32,892,585.2013984579826
6568,1.072384238243103,32,892,585.2013984579826
6569,1.0723673105239868,32,892,585.2013984579826
6570,1.0723297595977783,32,892,585.2013984579826
6571,1.0722945928573608,32,892,585.2013984579826
6572,1.0722764730453491,32,892,585.2013984579826
6573,1.07229483127594,32,892,585.2013984579826
6574,1.0722720623016357,32,892,585.2013984579826
6575,1.0722887516021729,32,892,585.2013984579826
6576,1.0722604990005493,32,892,585.2013984579826
6577,1.0723377466201782,32,892,585.2013984579826
6578,1.072278618812561,32,892,585.2013984579826
6579,1.0723544359207153,32,892,585.2013984579826
6580,1.0723809003829956,32,892,585.2013984579826
6581,1.0723178386688232,32,892,585.2013984579826
6582,1.072291374206543,32,892,585.2013984579826
6583,1.072288990020752,32,892,585.2013984579826
6584,1.0722938776016235,32,892,585.2013984579826
6585,1.0723090171813965,32,892,585.2013984579826
6586,1.072317123413086,32,892,585.2013984579826
6587,1.0723408460617065,32,892,585.2013984579826
6588,1.072317361831665,32,892,585.2013984579826
6589,1.0723453760147095,32,892,585.2013984579826
6590,1.0723185539245605,32,892,585.2013984579826
6591,1.0723377466201782,32,892,585.2013984579826
6592,1.0723434686660767,32,892,585.2013984579826
6593,1.0723459720611572,32,892,585.2013984579826
6594,1.0723332166671753,32,892,585.2013984579826
6595,1.072307825088501,32,892,585.2013984579826
6596,1.072290301322937,32,892,585.2013984579826
6597,1.0722575187683105,32,892,585.2013984579826
6598,1.072277545928955,32,892,585.2013984579826
6599,1.072285771369934,32,892,585.2013984579826
6600,1.0722969770431519,32,892,585.2013984579826
6601,1.072285532951355,32,892,585.2013984579826
6602,1.0722969770431519,32,892,585.2013984579826
6603,1.0722471475601196,32,892,585.2013984579826
6604,1.0722484588623047,32,892,585.2013984579826
6605,1.0722790956497192,32,892,585.2013984579826
6606,1.0722709894180298,32,892,585.2013984579826
6607,1.0722836256027222,32,892,585.2013984579826
6608,1.0722692012786865,32,892,585.2013984579826
6609,1.0722451210021973,32,892,585.2013984579826
6610,1.072299838066101,32,892,585.2013984579826
6611,1.0722713470458984,32,892,585.2013984579826
6612,1.0722757577896118,32,892,585.2013984579826
6613,1.0723074674606323,32,892,585.2013984579826
6614,1.0723230838775635,32,892,585.2013984579826
6615,1.07232666015625,32,892,585.2013984579826
6616,1.0723075866699219,32,892,585.2013984579826
6617,1.0722969770431519,32,892,585.2013984579826
6618,1.0722788572311401,32,892,585.2013984579826
6619,1.072259545326233,32,892,585.2013984579826
6620,1.0722558498382568,32,892,585.2013984579826
6621,1.0723235607147217,32,892,585.2013984579826
6622,1.0722994804382324,32,892,585.2013984579826
6623,1.072290301322937,32,892,585.2013984579826
6624,1.0723227262496948,32,892,585.2013984579826
6625,1.0722841024398804,32,892,585.2013984579826
6626,1.0722362995147705,32,892,585.2013984579826
6627,1.0722955465316772,32,892,585.2013984579826
6628,1.072243094444275,32,892,585.2013984579826
6629,1.0723401308059692,32,892,585.2013984579826
6630,1.072393774986267,32,892,585.2013984579826
6631,1.072335124015808,32,892,585.2013984579826
6632,1.072298526763916,32,892,585.2013984579826
6633,1.0722928047180176,32,892,585.2013984579826
6634,1.0723040103912354,32,892,585.2013984579826
6635,1.0723071098327637,32,892,585.2013984579826
6636,1.0722894668579102,32,892,585.2013984579826
6637,1.0722815990447998,32,892,585.2013984579826
6638,1.0722919702529907,32,892,585.2013984579826
6639,1.0722936391830444,32,892,585.2013984579826
6640,1.0722893476486206,32,892,585.2013984579826
6641,1.0723029375076294,32,892,585.2013984579826
6642,1.0722827911376953,32,892,585.2013984579826
6643,1.0722790956497192,32,892,585.2013984579826
6644,1.0723048448562622,32,892,585.2013984579826
6645,1.0722696781158447,32,892,585.2013984579826
6646,1.0722588300704956,32,892,585.2013984579826
6647,1.0722736120224,32,892,585.2013984579826
6648,1.0722507238388062,32,892,585.2013984579826
6649,1.07225501537323,32,892,585.2013984579826
6650,1.0722426176071167,32,892,585.2013984579826
6651,1.0722359418869019,32,892,585.2013984579826
6652,1.072222113609314,32,892,585.2013984579826
6653,1.0722626447677612,32,892,585.2013984579826
6654,1.0722428560256958,32,892,585.2013984579826
6655,1.0722466707229614,32,892,585.2013984579826
6656,1.0722289085388184,32,892,585.2013984579826
6657,1.072256088256836,32,892,585.2013984579826
6658,1.0722419023513794,32,892,585.2013984579826
6659,1.0722330808639526,32,892,585.2013984579826
6660,1.072232961654663,32,892,585.2013984579826
6661,1.0722181797027588,32,892,585.2013984579826
6662,1.072245478630066,32,892,585.2013984579826
6663,1.0722323656082153,32,892,585.2013984579826
6664,1.0722427368164062,32,892,585.2013984579826
6665,1.0722352266311646,32,892,585.2013984579826
6666,1.0722259283065796,32,892,585.2013984579826
6667,1.0722589492797852,32,892,585.2013984579826
6668,1.0722113847732544,32,892,585.2013984579826
6669,1.0722733736038208,32,892,585.2013984579826
6670,1.072320818901062,32,892,585.2013984579826
6671,1.0723148584365845,32,892,585.2013984579826
6672,1.0722712278366089,32,892,585.2013984579826
6673,1.072265863418579,32,892,585.2013984579826
6674,1.0722692012786865,32,892,585.2013984579826
6675,1.0722520351409912,32,892,585.2013984579826
6676,1.0722349882125854,32,892,585.2013984579826
6677,1.0723038911819458,32,892,585.2013984579826
6678,1.0723135471343994,32,892,585.2013984579826
6679,1.0722631216049194,32,892,585.2013984579826
6680,1.0722630023956299,32,892,585.2013984579826
6681,1.072290301322937,32,892,585.2013984579826
6682,1.072299838066101,32,892,585.2013984579826
6683,1.072293758392334,32,892,585.2013984579826
6684,1.0722815990447998,32,892,585.2013984579826
6685,1.0722594261169434,32,892,585.2013984579826
6686,1.072251796722412,32,892,585.2013984579826
6687,1.0722402334213257,32,892,585.2013984579826
6688,1.072219967842102,32,892,585.2013984579826
6689,1.0722031593322754,32,892,585.2013984579826
6690,1.072249174118042,32,892,585.2013984579826
6691,1.0722013711929321,32,892,585.2013984579826
6692,1.0721999406814575,32,892,585.2013984579826
6693,1.0722641944885254,32,892,585.2013984579826
6694,1.0722249746322632,32,892,585.2013984579826
6695,1.0722352266311646,32,892,585.2013984579826
6696,1.072221040725708,32,892,585.2013984579826
6697,1.0722395181655884,32,892,585.2013984579826
6698,1.07223379611969,32,892,585.2013984579826
6699,1.0722019672393799,32,892,585.2013984579826
6700,1.0722094774246216,32,892,585.2013984579826
6701,1.0721975564956665,32,892,585.2013984579826
6702,1.0722090005874634,32,892,585.2013984579826
6703,1.072209358215332,32,892,585.2013984579826
6704,1.0722087621688843,32,892,585.2013984579826
6705,1.0721954107284546,32,892,585.2013984579826
6706,1.0722014904022217,32,892,585.2013984579826
6707,1.0722031593322754,32,892,585.2013984579826
6708,1.0722019672393799,32,892,585.2013984579826
6709,1.072216510772705,32,892,585.2013984579826
6710,1.0721911191940308,32,892,585.2013984579826
6711,1.072196125984192,32,892,585.2013984579826
6712,1.0721890926361084,32,892,585.2013984579826
6713,1.0721850395202637,32,892,585.2013984579826
6714,1.0721774101257324,32,892,585.2013984579826
6715,1.0721824169158936,32,892,585.2013984579826
6716,1.072230577468872,32,892,585.2013984579826
6717,1.072176218032837,32,892,585.2013984579826
6718,1.0721642971038818,32,892,585.2013984579826
6719,1.0721766948699951,32,892,585.2013984579826
6720,1.0722181797027588,32,892,585.2013984579826
6721,1.0721828937530518,32,892,585.2013984579826
6722,1.0721955299377441,32,892,585.2013984579826
6723,1.0721982717514038,32,892,585.2013984579826
6724,1.0721746683120728,32,892,585.2013984579826
6725,1.0721896886825562,32,892,585.2013984579826
6726,1.0722103118896484,32,892,585.2013984579826
6727,1.072192668914795,32,892,585.2013984579826
6728,1.0721781253814697,32,892,585.2013984579826
6729,1.072180986404419,32,892,585.2013984579826
6730,1.0721663236618042,32,892,585.2013984579826
6731,1.0721790790557861,32,892,585.2013984579826
6732,1.0721765756607056,32,892,585.2013984579826
6733,1.072172999382019,32,892,585.2013984579826
6734,1.0721944570541382,32,892,585.2013984579826
6735,1.0721690654754639,32,892,585.2013984579826
6736,1.0721852779388428,32,892,585.2013984579826
6737,1.0721852779388428,32,892,585.2013984579826
6738,1.0721675157546997,32,892,585.2013984579826
6739,1.0722079277038574,32,892,585.2013984579826
6740,1.0721635818481445,32,892,585.2013984579826
6741,1.07217538356781,32,892,585.2013984579826
6742,1.0721666812896729,32,892,585.2013984579826
6743,1.0721958875656128,32,892,585.2013984579826
6744,1.0721638202667236,32,892,585.2013984579826
6745,1.0721839666366577,32,892,585.2013984579826
6746,1.072171926498413,32,892,585.2013984579826
6747,1.0721685886383057,32,892,585.2013984579826
6748,1.0722445249557495,32,892,585.2013984579826
6749,1.0721964836120605,32,892,585.2013984579826
6750,1.0721938610076904,32,892,585.2013984579826
6751,1.0722230672836304,32,892,585.2013984579826
6752,1.0722405910491943,32,892,585.2013984579826
6753,1.0722367763519287,32,892,585.2013984579826
6754,1.0722218751907349,32,892,585.2013984579826
6755,1.0722026824951172,32,892,585.2013984579826
6756,1.0721886157989502,32,892,585.2013984579826
6757,1.0721766948699951,32,892,585.2013984579826
6758,1.0721845626831055,32,892,585.2013984579826
6759,1.0721898078918457,32,892,585.2013984579826
6760,1.0721757411956787,32,892,585.2013984579826
6761,1.0721787214279175,32,892,585.2013984579826
6762,1.0721733570098877,32,892,585.2013984579826
6763,1.0721832513809204,32,892,585.2013984579826
6764,1.072168231010437,32,892,585.2013984579826
6765,1.072161078453064,32,892,585.2013984579826
6766,1.07218599319458,32,892,585.2013984579826
6767,1.0721570253372192,32,892,585.2013984579826
6768,1.072158694267273,32,892,585.2013984579826
6769,1.0721473693847656,32,892,585.2013984579826
6770,1.0722019672393799,32,892,585.2013984579826
6771,1.0721584558486938,32,892,585.2013984579826
6772,1.0721659660339355,32,892,585.2013984579826
6773,1.0721529722213745,32,892,585.2013984579826
6774,1.0722147226333618,32,892,585.2013984579826
6775,1.0721476078033447,32,892,585.2013984579826
6776,1.0721429586410522,32,892,585.2013984579826
6777,1.0721441507339478,32,892,585.2013984579826
6778,1.0721766948699951,32,892,585.2013984579826
6779,1.0721521377563477,32,892,585.2013984579826
6780,1.0721683502197266,32,892,585.2013984579826
6781,1.0721626281738281,32,892,585.2013984579826
6782,1.0721592903137207,32,892,585.2013984579826
6783,1.0721526145935059,32,892,585.2013984579826
6784,1.072221040725708,32,892,585.2013984579826
6785,1.0721832513809204,32,892,585.2013984579826
6786,1.0721689462661743,32,892,585.2013984579826
6787,1.0722044706344604,32,892,585.2013984579826
6788,1.0722179412841797,32,892,585.2013984579826
6789,1.0722200870513916,32,892,585.2013984579826
6790,1.0721898078918457,32,892,585.2013984579826
6791,1.0721795558929443,32,892,585.2013984579826
6792,1.0721454620361328,32,892,585.2013984579826
6793,1.072208285331726,32,892,585.2013984579826
6794,1.0722023248672485,32,892,585.2013984579826
6795,1.072161316871643,32,892,585.2013984579826
6796,1.072174310684204,32,892,585.2013984579826
6797,1.0721898078918457,32,892,585.2013984579826
6798,1.0721772909164429,32,892,585.2013984579826
6799,1.0721774101257324,32,892,585.2013984579826
6800,1.072161316871643,32,892,585.2013984579826
6801,1.0721429586410522,32,892,585.2013984579826
6802,1.0722028017044067,32,892,585.2013984579826
6803,1.0721476078033447,32,892,585.2013984579826
6804,1.0721447467803955,32,892,585.2013984579826
6805,1.0721546411514282,32,892,585.2013984579826
6806,1.0722033977508545,32,892,585.2013984579826
6807,1.0722240209579468,32,892,585.2013984579826
6808,1.0721532106399536,32,892,585.2013984579826
6809,1.0721606016159058,32,892,585.2013984579826
6810,1.0721615552902222,32,892,585.2013984579826
6811,1.072173833847046,32,892,585.2013984579826
6812,1.0721675157546997,32,892,585.2013984579826
6813,1.0721592903137207,32,892,585.2013984579826
6814,1.0722049474716187,32,892,585.2013984579826
6815,1.0721642971038818,32,892,585.2013984579826
6816,1.0721588134765625,32,892,585.2013984579826
6817,1.0721527338027954,32,892,585.2013984579826
6818,1.0721700191497803,32,892,585.2013984579826
6819,1.0722036361694336,32,892,585.2013984579826
6820,1.0722061395645142,32,892,585.2013984579826
6821,1.0721831321716309,32,892,585.2013984579826
6822,1.0721732378005981,32,892,585.2013984579826
6823,1.0721538066864014,32,892,585.2013984579826
6824,1.0721430778503418,32,892,585.2013984579826
6825,1.072145700454712,32,892,585.2013984579826
6826,1.072149395942688,32,892,585.2013984579826
6827,1.07213294506073,32,892,585.2013984579826
6828,1.0722078084945679,32,892,585.2013984579826
6829,1.0721313953399658,32,892,585.2013984579826
6830,1.0721478462219238,32,892,585.2013984579826
6831,1.0721286535263062,32,892,585.2013984579826
6832,1.0722252130508423,32,892,585.2013984579826
6833,1.072139859199524,32,892,585.2013984579826
6834,1.0722227096557617,32,892,585.2013984579826
6835,1.0722851753234863,32,892,585.2013984579826
6836,1.0722397565841675,32,892,585.2013984579826
6837,1.072219729423523,32,892,585.2013984579826
6838,1.0722060203552246,32,892,585.2013984579826
6839,1.0722044706344604,32,892,585.2013984579826
6840,1.0721993446350098,32,892,585.2013984579826
6841,1.0721874237060547,32,892,585.2013984579826
6842,1.0722368955612183,32,892,585.2013984579826
6843,1.0722395181655884,32,892,585.2013984579826
6844,1.072195291519165,32,892,585.2013984579826
6845,1.072210669517517,32,892,585.2013984579826
6846,1.0722284317016602,32,892,585.2013984579826
6847,1.0722500085830688,32,892,585.2013984579826
6848,1.072234869003296,32,892,585.2013984579826
6849,1.0722367763519287,32,892,585.2013984579826
6850,1.0722206830978394,32,892,585.2013984579826
6851,1.0721908807754517,32,892,585.2013984579826
6852,1.0721708536148071,32,892,585.2013984579826
6853,1.0721441507339478,32,892,585.2013984579826
6854,1.0721588134765625,32,892,585.2013984579826
6855,1.072147250175476,32,892,585.2013984579826
6856,1.0721638202667236,32,892,585.2013984579826
6857,1.0721462965011597,32,892,585.2013984579826
6858,1.0722078084945679,32,892,585.2013984579826
6859,1.0721421241760254,32,892,585.2013984579826
6860,1.0721397399902344,32,892,585.2013984579826
6861,1.0721632242202759,32,892,585.2013984579826
6862,1.0721778869628906,32,892,585.2013984579826
6863,1.0721949338912964,32,892,585.2013984579826
6864,1.0721702575683594,32,892,585.2013984579826
6865,1.0721429586410522,32,892,585.2013984579826
6866,1.0721983909606934,32,892,585.2013984579826
6867,1.07216477394104,32,892,585.2013984579826
6868,1.0721986293792725,32,892,585.2013984579826
6869,1.072239637374878,32,892,585.2013984579826
6870,1.0722520351409912,32,892,585.2013984579826
6871,1.072228193283081,32,892,585.2013984579826
6872,1.072198748588562,32,892,585.2013984579826
6873,1.0721890926361084,32,892,585.2013984579826
6874,1.0721561908721924,32,892,585.2013984579826
6875,1.0721502304077148,32,892,585.2013984579826
6876,1.072206974029541,32,892,585.2013984579826
6877,1.0721721649169922,32,892,585.2013984579826
6878,1.0722496509552002,32,892,585.2013984579826
6879,1.072286605834961,32,892,585.2013984579826
6880,1.0721917152404785,32,892,585.2013984579826
6881,1.0721664428710938,32,892,585.2013984579826
6882,1.0721601247787476,32,892,585.2013984579826
6883,1.0721771717071533,32,892,585.2013984579826
6884,1.0722119808197021,32,892,585.2013984579826
6885,1.072226881980896,32,892,585.2013984579826
6886,1.0722215175628662,32,892,585.2013984579826
6887,1.0722012519836426,32,892,585.2013984579826
6888,1.0721778869628906,32,892,585.2013984579826
6889,1.0721745491027832,32,892,585.2013984579826
6890,1.072174310684204,32,892,585.2013984579826
6891,1.0721861124038696,32,892,585.2013984579826
6892,1.0721657276153564,32,892,585.2013984579826
6893,1.0721795558929443,32,892,585.2013984579826
6894,1.0721687078475952,32,892,585.2013984579826
6895,1.072178602218628,32,892,585.2013984579826
6896,1.0721626281738281,32,892,585.2013984579826
6897,1.0721499919891357,32,892,585.2013984579826
6898,1.072179913520813,32,892,585.2013984579826
6899,1.072140097618103,32,892,585.2013984579826
6900,1.072148084640503,32,892,585.2013984579826
6901,1.0721355676651,32,892,585.2013984579826
6902,1.0721691846847534,32,892,585.2013984579826
6903,1.072152853012085,32,892,585.2013984579826
6904,1.0721607208251953,32,892,585.2013984579826
6905,1.0721372365951538,32,892,585.2013984579826
6906,1.0721745491027832,32,892,585.2013984579826
6907,1.0721280574798584,32,892,585.2013984579826
6908,1.0721435546875,32,892,585.2013984579826
6909,1.0721403360366821,32,892,585.2013984579826
6910,1.0721393823623657,32,892,585.2013984579826
6911,1.0721547603607178,32,892,585.2013984579826
6912,1.072166085243225,32,892,585.2013984579826
6913,1.072165608406067,32,892,585.2013984579826
6914,1.0721584558486938,32,892,585.2013984579826
6915,1.0721358060836792,32,892,585.2013984579826
6916,1.0721765756607056,32,892,585.2013984579826
6917,1.072127103805542,32,892,585.2013984579826
6918,1.0721832513809204,32,892,585.2013984579826
6919,1.0722277164459229,32,892,585.2013984579826
6920,1.0722362995147705,32,892,585.2013984579826
6921,1.072205901145935,32,892,585.2013984579826
6922,1.0721794366836548,32,892,585.2013984579826
6923,1.0721741914749146,32,892,585.2013984579826
6924,1.0721558332443237,32,892,585.2013984579826
6925,1.072178602218628,32,892,585.2013984579826
6926,1.0721765756607056,32,892,585.2013984579826
6927,1.0721687078475952,32,892,585.2013984579826
6928,1.072174310684204,32,892,585.2013984579826
6929,1.0721911191940308,32,892,585.2013984579826
6930,1.0722006559371948,32,892,585.2013984579826
6931,1.0721712112426758,32,892,585.2013984579826
6932,1.0721582174301147,32,892,585.2013984579826
6933,1.0721417665481567,32,892,585.2013984579826
6934,1.0721392631530762,32,892,585.2013984579826
6935,1.072151780128479,32,892,585.2013984579826
6936,1.0721561908721924,32,892,585.2013984579826
6937,1.0721452236175537,32,892,585.2013984579826
6938,1.0721590518951416,32,892,585.2013984579826
6939,1.072141408920288,32,892,585.2013984579826
6940,1.0721356868743896,32,892,585.2013984579826
6941,1.0721274614334106,32,892,585.2013984579826
6942,1.0721747875213623,32,892,585.2013984579826
6943,1.072122573852539,32,892,585.2013984579826
6944,1.0721365213394165,32,892,585.2013984579826
6945,1.0721280574798584,32,892,585.2013984579826
6946,1.072143316268921,32,892,585.2013984579826
6947,1.0721495151519775,32,892,585.2013984579826
6948,1.0721455812454224,32,892,585.2013984579826
6949,1.0721468925476074,32,892,585.2013984579826
6950,1.0721327066421509,32,892,585.2013984579826
6951,1.0721299648284912,32,892,585.2013984579826
6952,1.0721395015716553,32,892,585.2013984579826
6953,1.0721609592437744,32,892,585.2013984579826
6954,1.072153925895691,32,892,585.2013984579826
6955,1.0721285343170166,32,892,585.2013984579826
6956,1.0721375942230225,32,892,585.2013984579826
6957,1.0721445083618164,32,892,585.2013984579826
6958,1.0721347332000732,32,892,585.2013984579826
6959,1.0721389055252075,32,892,585.2013984579826
6960,1.0721211433410645,32,892,585.2013984579826
6961,1.0721949338912964,32,892,585.2013984579826
6962,1.072131633758545,32,892,585.2013984579826
6963,1.072191596031189,32,892,585.2013984579826
6964,1.0722355842590332,32,892,585.2013984579826
6965,1.0722198486328125,32,892,585.2013984579826
6966,1.0721935033798218,32,892,585.2013984579826
6967,1.0721807479858398,32,892,585.2013984579826
6968,1.0721817016601562,32,892,585.2013984579826
6969,1.0721619129180908,32,892,585.2013984579826
6970,1.0721687078475952,32,892,585.2013984579826
6971,1.0722397565841675,32,892,585.2013984579826
6972,1.072247862815857,32,892,585.2013984579826
6973,1.0722004175186157,32,892,585.2013984579826
6974,1.0721863508224487,32,892,585.2013984579826
6975,1.072208046913147,32,892,585.2013984579826
6976,1.0722192525863647,32,892,585.2013984579826
6977,1.0722168684005737,32,892,585.2013984579826
6978,1.0722081661224365,32,892,585.2013984579826
6979,1.0721933841705322,32,892,585.2013984579826
6980,1.07218337059021,32,892,585.2013984579826
6981,1.0721720457077026,32,892,585.2013984579826
6982,1.0721466541290283,32,892,585.2013984579826
6983,1.0721404552459717,32,892,585.2013984579826
6984,1.0721803903579712,32,892,585.2013984579826
6985,1.072145938873291,32,892,585.2013984579826
6986,1.0721367597579956,32,892,585.2013984579826
6987,1.0722994804382324,32,892,585.2013984579826
6988,1.0722169876098633,32,892,585.2013984579826
6989,1.0721261501312256,32,892,585.2013984579826
6990,1.0722180604934692,32,892,585.2013984579826
6991,1.0721484422683716,32,892,585.2013984579826
6992,1.0721890926361084,32,892,585.2013984579826
6993,1.0721921920776367,32,892,585.2013984579826
6994,1.0721845626831055,32,892,585.2013984579826
6995,1.0722076892852783,32,892,585.2013984579826
6996,1.0721793174743652,32,892,585.2013984579826
6997,1.07217538356781,32,892,585.2013984579826
6998,1.0721931457519531,32,892,585.2013984579826
6999,1.0721797943115234,32,892,585.2013984579826
7000,1.0721728801727295,32,892,585.2013984579826
7001,1.0721698999404907,32,892,585.2013984579826
7002,1.0721712112426758,32,892,585.2013984579826
7003,1.0721633434295654,32,892,585.2013984579826
7004,1.0721263885498047,32,892,585.2013984579826
7005,1.0721700191497803,32,892,585.2013984579826
7006,1.0721395015716553,32,892,585.2013984579826
7007,1.072164535522461,32,892,585.2013984579826
7008,1.0721604824066162,32,892,585.2013984579826
7009,1.072139859199524,32,892,585.2013984579826
7010,1.0722039937973022,32,892,585.2013984579826
7011,1.072145938873291,32,892,585.2013984579826
7012,1.072200059890747,32,892,585.2013984579826
7013,1.0722429752349854,32,892,585.2013984579826
7014,1.0722050666809082,32,892,585.2013984579826
7015,1.0721484422683716,32,892,585.2013984579826
7016,1.0721442699432373,32,892,585.2013984579826
7017,1.0721542835235596,32,892,585.2013984579826
7018,1.0721763372421265,32,892,585.2013984579826
7019,1.0722103118896484,32,892,585.2013984579826
7020,1.0721925497055054,32,892,585.2013984579826
7021,1.0722230672836304,32,892,585.2013984579826
7022,1.0722452402114868,32,892,585.2013984579826
7023,1.0722286701202393,32,892,585.2013984579826
7024,1.0722060203552246,32,892,585.2013984579826
7025,1.0721770524978638,32,892,585.2013984579826
7026,1.072144865989685,32,892,585.2013984579826
7027,1.0721502304077148,32,892,585.2013984579826
7028,1.0721372365951538,32,892,585.2013984579826
7029,1.0721863508224487,32,892,585.2013984579826
7030,1.0721919536590576,32,892,585.2013984579826
7031,1.0721588134765625,32,892,585.2013984579826
7032,1.07217538356781,32,892,585.2013984579826
7033,1.0721653699874878,32,892,585.2013984579826
7034,1.0721638202667236,32,892,585.2013984579826
7035,1.0721818208694458,32,892,585.2013984579826
7036,1.072172999382019,32,892,585.2013984579826
7037,1.0721598863601685,32,892,585.2013984579826
7038,1.072144627571106,32,892,585.2013984579826
7039,1.0721439123153687,32,892,585.2013984579826
7040,1.0721365213394165,32,892,585.2013984579826
7041,1.072190761566162,32,892,585.2013984579826
7042,1.0721566677093506,32,892,585.2013984579826
7043,1.0721766948699951,32,892,585.2013984579826
7044,1.0722118616104126,32,892,585.2013984579826
7045,1.0722159147262573,32,892,585.2013984579826
7046,1.0722036361694336,32,892,585.2013984579826
7047,1.0721759796142578,32,892,585.2013984579826
7048,1.072142243385315,32,892,585.2013984579826
7049,1.0721265077590942,32,892,585.2013984579826
7050,1.0721535682678223,32,892,585.2013984579826
7051,1.0721538066864014,32,892,585.2013984579826
7052,1.0721756219863892,32,892,585.2013984579826
7053,1.0721596479415894,32,892,585.2013984579826
7054,1.0721887350082397,32,892,585.2013984579826
7055,1.07216215133667,32,892,585.2013984579826
7056,1.0721485614776611,32,892,585.2013984579826
7057,1.0721807479858398,32,892,585.2013984579826
7058,1.0721840858459473,32,892,585.2013984579826
7059,1.0721701383590698,32,892,585.2013984579826
7060,1.072150707244873,32,892,585.2013984579826
7061,1.0721445083618164,32,892,585.2013984579826
7062,1.0721384286880493,32,892,585.2013984579826
7063,1.0721923112869263,32,892,585.2013984579826
7064,1.0721791982650757,32,892,585.2013984579826
7065,1.0721691846847534,32,892,585.2013984579826
7066,1.072182536125183,32,892,585.2013984579826
7067,1.0721843242645264,32,892,585.2013984579826
7068,1.0721616744995117,32,892,585.2013984579826
7069,1.0721596479415894,32,892,585.2013984579826
7070,1.072145938873291,32,892,585.2013984579826
7071,1.072127342224121,32,892,585.2013984579826
7072,1.0721216201782227,32,892,585.2013984579826
7073,1.0721287727355957,32,892,585.2013984579826
7074,1.0721732378005981,32,892,585.2013984579826
7075,1.0721803903579712,32,892,585.2013984579826
7076,1.0721338987350464,32,892,585.2013984579826
7077,1.0722277164459229,32,892,585.2013984579826
7078,1.0722098350524902,32,892,585.2013984579826
7079,1.0721379518508911,32,892,585.2013984579826
7080,1.0721546411514282,32,892,585.2013984579826
7081,1.0721442699432373,32,892,585.2013984579826
7082,1.0721409320831299,32,892,585.2013984579826
7083,1.0721418857574463,32,892,585.2013984579826
7084,1.072126865386963,32,892,585.2013984579826
7085,1.0721492767333984,32,892,585.2013984579826
7086,1.072157382965088,32,892,585.2013984579826
7087,1.0721482038497925,32,892,585.2013984579826
7088,1.0721478462219238,32,892,585.2013984579826
7089,1.0721460580825806,32,892,585.2013984579826
7090,1.072130560874939,32,892,585.2013984579826
7091,1.07212495803833,32,892,585.2013984579826
7092,1.072144865989685,32,892,585.2013984579826
7093,1.072140097618103,32,892,585.2013984579826
7094,1.0721408128738403,32,892,585.2013984579826
7095,1.0721170902252197,32,892,585.2013984579826
7096,1.0721874237060547,32,892,585.2013984579826
7097,1.0721662044525146,32,892,585.2013984579826
7098,1.0721330642700195,32,892,585.2013984579826
7099,1.0721746683120728,32,892,585.2013984579826
7100,1.0721650123596191,32,892,585.2013984579826
7101,1.072143793106079,32,892,585.2013984579826
7102,1.0721358060836792,32,892,585.2013984579826
7103,1.0721265077590942,32,892,585.2013984579826
7104,1.0721749067306519,32,892,585.2013984579826
7105,1.0721632242202759,32,892,585.2013984579826
7106,1.072158694267273,32,892,585.2013984579826
7107,1.072169303894043,32,892,585.2013984579826
7108,1.0721759796142578,32,892,585.2013984579826
7109,1.072165846824646,32,892,585.2013984579826
7110,1.0721652507781982,32,892,585.2013984579826
7111,1.0721478462219238,32,892,585.2013984579826
7112,1.0721346139907837,32,892,585.2013984579826
7113,1.0721386671066284,32,892,585.2013984579826
7114,1.0721099376678467,32,892,585.2013984579826
7115,1.072182059288025,32,892,585.2013984579826
7116,1.0721156597137451,32,892,585.2013984579826
7117,1.072345495223999,32,892,585.2013984579826
7118,1.0723159313201904,32,892,585.2013984579826
7119,1.0721330642700195,32,892,585.2013984579826
7120,1.0722070932388306,32,892,585.2013984579826
7121,1.0722036361694336,32,892,585.2013984579826
7122,1.0721983909606934,32,892,585.2013984579826
7123,1.0722558498382568,32,892,585.2013984579826
7124,1.0722788572311401,32,892,585.2013984579826
7125,1.0722686052322388,32,892,585.2013984579826
7126,1.0722464323043823,32,892,585.2013984579826
7127,1.0722129344940186,32,892,585.2013984579826
7128,1.0721749067306519,32,892,585.2013984579826
7129,1.0721406936645508,32,892,585.2013984579826
7130,1.0721344947814941,32,892,585.2013984579826
7131,1.0721659660339355,32,892,585.2013984579826
7132,1.072219729423523,32,892,585.2013984579826
7133,1.0721796751022339,32,892,585.2013984579826
7134,1.072134256362915,32,892,585.2013984579826
7135,1.0721991062164307,32,892,585.2013984579826
7136,1.0721584558486938,32,892,585.2013984579826
7137,1.0723090171813965,32,892,585.2013984579826
7138,1.0722417831420898,32,892,585.2013984579826
7139,1.0721359252929688,32,892,585.2013984579826
7140,1.0721986293792725,32,892,585.2013984579826
7141,1.0721756219863892,32,892,585.2013984579826
7142,1.0721936225891113,32,892,585.2013984579826
7143,1.0722217559814453,32,892,585.2013984579826
7144,1.0722110271453857,32,892,585.2013984579826
7145,1.0722070932388306,32,892,585.2013984579826
7146,1.0721687078475952,32,892,585.2013984579826
7147,1.072149634361267,32,892,585.2013984579826
7148,1.0721633434295654,32,892,585.2013984579826
7149,1.072167992591858,32,892,585.2013984579826
7150,1.0721920728683472,32,892,585.2013984579826
7151,1.0721540451049805,32,892,585.2013984579826
7152,1.0721559524536133,32,892,585.2013984579826
7153,1.072169542312622,32,892,585.2013984579826
7154,1.0721734762191772,32,892,585.2013984579826
7155,1.072162389755249,32,892,585.2013984579826
7156,1.0721440315246582,32,892,585.2013984579826
7157,1.0721395015716553,32,892,585.2013984579826
7158,1.0721315145492554,32,892,585.2013984579826
7159,1.0721352100372314,32,892,585.2013984579826
7160,1.0721372365951538,32,892,585.2013984579826
7161,1.0721244812011719,32,892,585.2013984579826
7162,1.072143793106079,32,892,585.2013984579826
7163,1.072157382965088,32,892,585.2013984579826
7164,1.0721426010131836,32,892,585.2013984579826
7165,1.0721248388290405,32,892,585.2013984579826
7166,1.0721343755722046,32,892,585.2013984579826
7167,1.072121262550354,32,892,585.2013984579826
7168,1.0721153020858765,32,892,585.2013984579826
7169,1.0721246004104614,32,892,585.2013984579826
7170,1.0721174478530884,32,892,585.2013984579826
7171,1.072131872177124,32,892,585.2013984579826
7172,1.0721542835235596,32,892,585.2013984579826
7173,1.0721397399902344,32,892,585.2013984579826
7174,1.0721184015274048,32,892,585.2013984579826
7175,1.0721579790115356,32,892,585.2013984579826
7176,1.07210373878479,32,892,585.2013984579826
7177,1.0721136331558228,32,892,585.2013984579826
7178,1.0721087455749512,32,892,585.2013984579826
7179,1.0721572637557983,32,892,585.2013984579826
7180,1.072117567062378,32,892,585.2013984579826
7181,1.0721256732940674,32,892,585.2013984579826
7182,1.0721368789672852,32,892,585.2013984579826
7183,1.0721213817596436,32,892,585.2013984579826
7184,1.0721265077590942,32,892,585.2013984579826
7185,1.0721243619918823,32,892,585.2013984579826
7186,1.0721293687820435,32,892,585.2013984579826
7187,1.0721341371536255,32,892,585.2013984579826
7188,1.0721086263656616,32,892,585.2013984579826
7189,1.072217345237732,32,892,585.2013984579826
7190,1.0721418857574463,32,892,585.2013984579826
7191,1.072152853012085,32,892,585.2013984579826
7192,1.0722252130508423,32,892,585.2013984579826
7193,1.072231411933899,32,892,585.2013984579826
7194,1.0722150802612305,32,892,585.2013984579826
7195,1.072184443473816,32,892,585.2013984579826
7196,1.0721827745437622,32,892,585.2013984579826
7197,1.0721596479415894,32,892,585.2013984579826
7198,1.0721455812454224,32,892,585.2013984579826
7199,1.0721712112426758,32,892,585.2013984579826
7200,1.072184681892395,32,892,585.2013984579826
7201,1.072145938873291,32,892,585.2013984579826
7202,1.0721468925476074,32,892,585.2013984579826
7203,1.072165846824646,32,892,585.2013984579826
7204,1.0721864700317383,32,892,585.2013984579826
7205,1.0721931457519531,32,892,585.2013984579826
7206,1.0721862316131592,32,892,585.2013984579826
7207,1.0721709728240967,32,892,585.2013984579826
7208,1.0721544027328491,32,892,585.2013984579826
7209,1.072147011756897,32,892,585.2013984579826
7210,1.0721282958984375,32,892,585.2013984579826
7211,1.0721538066864014,32,892,585.2013984579826
7212,1.0721564292907715,32,892,585.2013984579826
7213,1.0721206665039062,32,892,585.2013984579826
7214,1.0721303224563599,32,892,585.2013984579826
7215,1.0721486806869507,32,892,585.2013984579826
7216,1.0721352100372314,32,892,585.2013984579826
7217,1.0721347332000732,32,892,585.2013984579826
7218,1.0721250772476196,32,892,585.2013984579826
7219,1.0721482038497925,32,892,585.2013984579826
7220,1.0721250772476196,32,892,585.2013984579826
7221,1.0721389055252075,32,892,585.2013984579826
7222,1.0721782445907593,32,892,585.2013984579826
7223,1.0721678733825684,32,892,585.2013984579826
7224,1.072152853012085,32,892,585.2013984579826
7225,1.0721418857574463,32,892,585.2013984579826
7226,1.0721409320831299,32,892,585.2013984579826
7227,1.0721269845962524,32,892,585.2013984579826
7228,1.0721477270126343,32,892,585.2013984579826
7229,1.072130799293518,32,892,585.2013984579826
7230,1.0721559524536133,32,892,585.2013984579826
7231,1.0721874237060547,32,892,585.2013984579826
7232,1.0721845626831055,32,892,585.2013984579826
7233,1.0721644163131714,32,892,585.2013984579826
7234,1.0721538066864014,32,892,585.2013984579826
7235,1.0721395015716553,32,892,585.2013984579826
7236,1.0721365213394165,32,892,585.2013984579826
7237,1.072136402130127,32,892,585.2013984579826
7238,1.0721431970596313,32,892,585.2013984579826
7239,1.072147011756897,32,892,585.2013984579826
7240,1.0721611976623535,32,892,585.2013984579826
7241,1.0721321105957031,32,892,585.2013984579826
7242,1.0721712112426758,32,892,585.2013984579826
7243,1.072142243385315,32,892,585.2013984579826
7244,1.0721302032470703,32,892,585.2013984579826
7245,1.0721677541732788,32,892,585.2013984579826
7246,1.0721702575683594,32,892,585.2013984579826
7247,1.0721473693847656,32,892,585.2013984579826
7248,1.0721389055252075,32,892,585.2013984579826
7249,1.0721189975738525,32,892,585.2013984579826
7250,1.072124719619751,32,892,585.2013984579826
7251,1.0721330642700195,32,892,585.2013984579826
7252,1.0721347332000732,32,892,585.2013984579826
7253,1.0721344947814941,32,892,585.2013984579826
7254,1.0721286535263062,32,892,585.2013984579826
7255,1.072136402130127,32,892,585.2013984579826
7256,1.0721348524093628,32,892,585.2013984579826
7257,1.0721222162246704,32,892,585.2013984579826
7258,1.0721179246902466,32,892,585.2013984579826
7259,1.0721275806427002,32,892,585.2013984579826
7260,1.0721057653427124,32,892,585.2013984579826
7261,1.072157621383667,32,892,585.2013984579826
7262,1.0721092224121094,32,892,585.2013984579826
7263,1.0721081495285034,32,892,585.2013984579826
7264,1.0721094608306885,32,892,585.2013984579826
7265,1.0721800327301025,32,892,585.2013984579826
7266,1.072182059288025,32,892,585.2013984579826
7267,1.072126030921936,32,892,585.2013984579826
7268,1.0721198320388794,32,892,585.2013984579826
7269,1.0721133947372437,32,892,585.2013984579826
7270,1.0721261501312256,32,892,585.2013984579826
7271,1.0721276998519897,32,892,585.2013984579826
7272,1.0721282958984375,32,892,585.2013984579826
7273,1.0721125602722168,32,892,585.2013984579826
7274,1.0721352100372314,32,892,585.2013984579826
7275,1.0721282958984375,32,892,585.2013984579826
7276,1.0721392631530762,32,892,585.2013984579826
7277,1.0721343755722046,32,892,585.2013984579826
7278,1.0721052885055542,32,892,585.2013984579826
7279,1.0721114873886108,32,892,585.2013984579826
7280,1.0721120834350586,32,892,585.2013984579826
7281,1.0721290111541748,32,892,585.2013984579826
7282,1.072121262550354,32,892,585.2013984579826
7283,1.072135090827942,32,892,585.2013984579826
7284,1.0721040964126587,32,892,585.2013984579826
7285,1.0721094608306885,32,892,585.2013984579826
7286,1.0721056461334229,32,892,585.2013984579826
7287,1.072128176689148,32,892,585.2013984579826
7288,1.0721107721328735,32,892,585.2013984579826
7289,1.0721237659454346,32,892,585.2013984579826
7290,1.072127342224121,32,892,585.2013984579826
7291,1.0721138715744019,32,892,585.2013984579826
7292,1.0721145868301392,32,892,585.2013984579826
7293,1.072111964225769,32,892,585.2013984579826
7294,1.0721293687820435,32,892,585.2013984579826
7295,1.072121500968933,32,892,585.2013984579826
7296,1.0721060037612915,32,892,585.2013984579826
7297,1.072131872177124,32,892,585.2013984579826
7298,1.0721049308776855,32,892,585.2013984579826
7299,1.0721116065979004,32,892,585.2013984579826
7300,1.0720969438552856,32,892,585.2013984579826
7301,1.072096586227417,32,892,585.2013984579826
7302,1.0721253156661987,32,892,585.2013984579826
7303,1.072134256362915,32,892,585.2013984579826
7304,1.0721231698989868,32,892,585.2013984579826
7305,1.0721054077148438,32,892,585.2013984579826
7306,1.072149634361267,32,892,585.2013984579826
7307,1.0721012353897095,32,892,585.2013984579826
7308,1.0721120834350586,32,892,585.2013984579826
7309,1.072097659111023,32,892,585.2013984579826
7310,1.072129726409912,32,892,585.2013984579826
7311,1.0721240043640137,32,892,585.2013984579826
7312,1.072131872177124,32,892,585.2013984579826
7313,1.0721373558044434,32,892,585.2013984579826
7314,1.0721139907836914,32,892,585.2013984579826
7315,1.072091817855835,32,892,585.2013984579826
7316,1.0722360610961914,32,892,585.2013984579826
7317,1.0721527338027954,32,892,585.2013984579826
7318,1.072160243988037,32,892,585.2013984579826
7319,1.0722140073776245,32,892,585.2013984579826
7320,1.0722078084945679,32,892,585.2013984579826
7321,1.0721838474273682,32,892,585.2013984579826
7322,1.072177767753601,32,892,585.2013984579826
7323,1.0721557140350342,32,892,585.2013984579826
7324,1.0721650123596191,32,892,585.2013984579826
7325,1.0721546411514282,32,892,585.2013984579826
7326,1.0721546411514282,32,892,585.2013984579826
7327,1.0721533298492432,32,892,585.2013984579826
7328,1.0721434354782104,32,892,585.2013984579826
7329,1.0721579790115356,32,892,585.2013984579826
7330,1.0721663236618042,32,892,585.2013984579826
7331,1.0721514225006104,32,892,585.2013984579826
7332,1.0721311569213867,32,892,585.2013984579826
7333,1.072115421295166,32,892,585.2013984579826
7334,1.0721654891967773,32,892,585.2013984579826
7335,1.072121024131775,32,892,585.2013984579826
7336,1.0721577405929565,32,892,585.2013984579826
7337,1.07219660282135,32,892,585.2013984579826
7338,1.0721997022628784,32,892,585.2013984579826
7339,1.0721763372421265,32,892,585.2013984579826
7340,1.0721384286880493,32,892,585.2013984579826
7341,1.0721322298049927,32,892,585.2013984579826
7342,1.0721158981323242,32,892,585.2013984579826
7343,1.072128176689148,32,892,585.2013984579826
7344,1.0721288919448853,32,892,585.2013984579826
7345,1.072137713432312,32,892,585.2013984579826
7346,1.0721338987350464,32,892,585.2013984579826
7347,1.0721107721328735,32,892,585.2013984579826
7348,1.0721410512924194,32,892,585.2013984579826
7349,1.07212233543396,32,892,585.2013984579826
7350,1.0721299648284912,32,892,585.2013984579826
7351,1.0721144676208496,32,892,585.2013984579826
7352,1.0721101760864258,32,892,585.2013984579826
7353,1.0721179246902466,32,892,585.2013984579826
7354,1.0721489191055298,32,892,585.2013984579826
7355,1.0721476078033447,32,892,585.2013984579826
7356,1.0720990896224976,32,892,585.2013984579826
7357,1.072169303894043,32,892,585.2013984579826
7358,1.0721051692962646,32,892,585.2013984579826
7359,1.072112798690796,32,892,585.2013984579826
7360,1.0721116065979004,32,892,585.2013984579826
7361,1.0721105337142944,32,892,585.2013984579826
7362,1.072167992591858,32,892,585.2013984579826
7363,1.0721189975738525,32,892,585.2013984579826
7364,1.0721091032028198,32,892,585.2013984579826
7365,1.0721125602722168,32,892,585.2013984579826
7366,1.0721062421798706,32,892,585.2013984579826
7367,1.0721235275268555,32,892,585.2013984579826
7368,1.0721429586410522,32,892,585.2013984579826
7369,1.0721442699432373,32,892,585.2013984579826
7370,1.0721352100372314,32,892,585.2013984579826
7371,1.0721027851104736,32,892,585.2013984579826
7372,1.0721395015716553,32,892,585.2013984579826
7373,1.07210373878479,32,892,585.2013984579826
7374,1.072100281715393,32,892,585.2013984579826
7375,1.0721020698547363,32,892,585.2013984579826
7376,1.0721330642700195,32,892,585.2013984579826
7377,1.0721397399902344,32,892,585.2013984579826
7378,1.072152853012085,32,892,585.2013984579826
7379,1.0721248388290405,32,892,585.2013984579826
7380,1.0721172094345093,32,892,585.2013984579826
7381,1.0720943212509155,32,892,585.2013984579826
7382,1.0721222162246704,32,892,585.2013984579826
7383,1.0721111297607422,32,892,585.2013984579826
7384,1.072103500366211,32,892,585.2013984579826
7385,1.0721036195755005,32,892,585.2013984579826
7386,1.0721139907836914,32,892,585.2013984579826
7387,1.0721330642700195,32,892,585.2013984579826
7388,1.072116732597351,32,892,585.2013984579826
7389,1.0721060037612915,32,892,585.2013984579826
7390,1.0720940828323364,32,892,585.2013984579826
7391,1.072110652923584,32,892,585.2013984579826
7392,1.0721321105957031,32,892,585.2013984579826
7393,1.0721185207366943,32,892,585.2013984579826
7394,1.0720816850662231,32,892,585.2013984579826
7395,1.0721527338027954,32,892,585.2013984579826
7396,1.0720871686935425,32,892,585.2013984579826
7397,1.0720971822738647,32,892,585.2013984579826
7398,1.0720964670181274,32,892,585.2013984579826
7399,1.072126865386963,32,892,585.2013984579826
7400,1.0721148252487183,32,892,585.2013984579826
7401,1.0721262693405151,32,892,585.2013984579826
7402,1.0721248388290405,32,892,585.2013984579826
7403,1.0720840692520142,32,892,585.2013984579826
7404,1.0721278190612793,32,892,585.2013984579826
7405,1.072112798690796,32,892,585.2013984579826
7406,1.0721222162246704,32,892,585.2013984579826
7407,1.072116732597351,32,892,585.2013984579826
7408,1.0720852613449097,32,892,585.2013984579826
7409,1.0721620321273804,32,892,585.2013984579826
7410,1.0720956325531006,32,892,585.2013984579826
7411,1.0721534490585327,32,892,585.2013984579826
7412,1.0722384452819824,32,892,585.2013984579826
7413,1.0722095966339111,32,892,585.2013984579826
7414,1.0721890926361084,32,892,585.2013984579826
7415,1.0721722841262817,32,892,585.2013984579826
7416,1.0721549987792969,32,892,585.2013984579826
7417,1.0721557140350342,32,892,585.2013984579826
7418,1.072140097618103,32,892,585.2013984579826
7419,1.072189450263977,32,892,585.2013984579826
7420,1.0722049474716187,32,892,585.2013984579826
7421,1.072159767150879,32,892,585.2013984579826
7422,1.072134017944336,32,892,585.2013984579826
7423,1.0721659660339355,32,892,585.2013984579826
7424,1.0721796751022339,32,892,585.2013984579826
7425,1.0721787214279175,32,892,585.2013984579826
7426,1.0721603631973267,32,892,585.2013984579826
7427,1.0721491575241089,32,892,585.2013984579826
7428,1.0721426010131836,32,892,585.2013984579826
7429,1.0721347332000732,32,892,585.2013984579826
7430,1.0721218585968018,32,892,585.2013984579826
7431,1.072116494178772,32,892,585.2013984579826
7432,1.072106122970581,32,892,585.2013984579826
7433,1.0721056461334229,32,892,585.2013984579826
7434,1.0721235275268555,32,892,585.2013984579826
7435,1.0721193552017212,32,892,585.2013984579826
7436,1.0721299648284912,32,892,585.2013984579826
7437,1.0721040964126587,32,892,585.2013984579826
7438,1.0721027851104736,32,892,585.2013984579826
7439,1.072137713432312,32,892,585.2013984579826
7440,1.0721235275268555,32,892,585.2013984579826
7441,1.072155237197876,32,892,585.2013984579826
7442,1.0721358060836792,32,892,585.2013984579826
7443,1.0721267461776733,32,892,585.2013984579826
7444,1.0721185207366943,32,892,585.2013984579826
7445,1.072105884552002,32,892,585.2013984579826
7446,1.0721079111099243,32,892,585.2013984579826
7447,1.0720974206924438,32,892,585.2013984579826
7448,1.0721014738082886,32,892,585.2013984579826
7449,1.0721194744110107,32,892,585.2013984579826
7450,1.0721327066421509,32,892,585.2013984579826
7451,1.0721487998962402,32,892,585.2013984579826
7452,1.0720961093902588,32,892,585.2013984579826
7453,1.0721429586410522,32,892,585.2013984579826
7454,1.0721079111099243,32,892,585.2013984579826
7455,1.0721285343170166,32,892,585.2013984579826
7456,1.0721248388290405,32,892,585.2013984579826
7457,1.0721149444580078,32,892,585.2013984579826
7458,1.0721395015716553,32,892,585.2013984579826
7459,1.0721021890640259,32,892,585.2013984579826
7460,1.0721148252487183,32,892,585.2013984579826
7461,1.0721015930175781,32,892,585.2013984579826
7462,1.0721112489700317,32,892,585.2013984579826
7463,1.0721076726913452,32,892,585.2013984579826
7464,1.072119951248169,32,892,585.2013984579826
7465,1.07212233543396,32,892,585.2013984579826
7466,1.0721213817596436,32,892,585.2013984579826
7467,1.0720878839492798,32,892,585.2013984579826
7468,1.072102427482605,32,892,585.2013984579826
7469,1.0721235275268555,32,892,585.2013984579826
7470,1.0720998048782349,32,892,585.2013984579826
7471,1.07208251953125,32,892,585.2013984579826
7472,1.0721558332443237,32,892,585.2013984579826
7473,1.0720771551132202,32,892,585.2013984579826
7474,1.072087049484253,32,892,585.2013984579826
7475,1.072087049484253,32,892,585.2013984579826
7476,1.0721098184585571,32,892,585.2013984579826
7477,1.0721131563186646,32,892,585.2013984579826
7478,1.0721310377120972,32,892,585.2013984579826
7479,1.0721290111541748,32,892,585.2013984579826
7480,1.0721043348312378,32,892,585.2013984579826
7481,1.0721111297607422,32,892,585.2013984579826
7482,1.0720856189727783,32,892,585.2013984579826
7483,1.0720971822738647,32,892,585.2013984579826
7484,1.0720975399017334,32,892,585.2013984579826
7485,1.0720860958099365,32,892,585.2013984579826
7486,1.072166919708252,32,892,585.2013984579826
7487,1.0720785856246948,32,892,585.2013984579826
7488,1.0720953941345215,32,892,585.2013984579826
7489,1.0720851421356201,32,892,585.2013984579826
7490,1.0720999240875244,32,892,585.2013984579826
7491,1.072123408317566,32,892,585.2013984579826
7492,1.0721440315246582,32,892,585.2013984579826
7493,1.072119116783142,32,892,585.2013984579826
7494,1.0720868110656738,32,892,585.2013984579826
7495,1.0721243619918823,32,892,585.2013984579826
7496,1.072101354598999,32,892,585.2013984579826
7497,1.0721088647842407,32,892,585.2013984579826
7498,1.0721064805984497,32,892,585.2013984579826
7499,1.0721027851104736,32,892,585.2013984579826
7500,1.072113037109375,32,892,585.2013984579826
7501,1.0721243619918823,32,892,585.2013984579826
7502,1.072122573852539,32,892,585.2013984579826
7503,1.0721063613891602,32,892,585.2013984579826
7504,1.072088360786438,32,892,585.2013984579826
7505,1.0721313953399658,32,892,585.2013984579826
7506,1.0720911026000977,32,892,585.2013984579826
7507,1.0721189975738525,32,892,585.2013984579826
7508,1.0720850229263306,32,892,585.2013984579826
7509,1.0721533298492432,32,892,585.2013984579826
7510,1.0720829963684082,32,892,585.2013984579826
7511,1.0721008777618408,32,892,585.2013984579826
7512,1.0720828771591187,32,892,585.2013984579826
7513,1.0720776319503784,32,892,585.2013984579826
7514,1.072107195854187,32,892,585.2013984579826
7515,1.072115182876587,32,892,585.2013984579826
7516,1.072121024131775,32,892,585.2013984579826
7517,1.0721198320388794,32,892,585.2013984579826
7518,1.072096586227417,32,892,585.2013984579826
7519,1.0721330642700195,32,892,585.2013984579826
7520,1.0720908641815186,32,892,585.2013984579826
7521,1.0720874071121216,32,892,585.2013984579826
7522,1.0720856189727783,32,892,585.2013984579826
7523,1.07211434841156,32,892,585.2013984579826
7524,1.0721418857574463,32,892,585.2013984579826
7525,1.0721492767333984,32,892,585.2013984579826
7526,1.0721280574798584,32,892,585.2013984579826
7527,1.0720964670181274,32,892,585.2013984579826
7528,1.0720995664596558,32,892,585.2013984579826
7529,1.072094440460205,32,892,585.2013984579826
7530,1.0721198320388794,32,892,585.2013984579826
7531,1.0721015930175781,32,892,585.2013984579826
7532,1.0721346139907837,32,892,585.2013984579826
7533,1.072094440460205,32,892,585.2013984579826
7534,1.0721092224121094,32,892,585.2013984579826
7535,1.0720969438552856,32,892,585.2013984579826
7536,1.0720851421356201,32,892,585.2013984579826
7537,1.072105884552002,32,892,585.2013984579826
7538,1.0721008777618408,32,892,585.2013984579826
7539,1.072121500968933,32,892,585.2013984579826
7540,1.0721213817596436,32,892,585.2013984579826
7541,1.0720878839492798,32,892,585.2013984579826
7542,1.072172999382019,32,892,585.2013984579826
7543,1.072076678276062,32,892,585.2013984579826
7544,1.0721763372421265,32,892,585.2013984579826
7545,1.0722242593765259,32,892,585.2013984579826
7546,1.0722092390060425,32,892,585.2013984579826
7547,1.0722002983093262,32,892,585.2013984579826
7548,1.072206974029541,32,892,585.2013984579826
7549,1.0722026824951172,32,892,585.2013984579826
7550,1.0721704959869385,32,892,585.2013984579826
7551,1.0721429586410522,32,892,585.2013984579826
7552,1.0721172094345093,32,892,585.2013984579826
7553,1.072183609008789,32,892,585.2013984579826
7554,1.072186827659607,32,892,585.2013984579826
7555,1.072117567062378,32,892,585.2013984579826
7556,1.0721442699432373,32,892,585.2013984579826
7557,1.0721436738967896,32,892,585.2013984579826
7558,1.0721346139907837,32,892,585.2013984579826
7559,1.072094202041626,32,892,585.2013984579826
7560,1.0721455812454224,32,892,585.2013984579826
7561,1.0721181631088257,32,892,585.2013984579826
7562,1.072108268737793,32,892,585.2013984579826
7563,1.0721464157104492,32,892,585.2013984579826
7564,1.0721429586410522,32,892,585.2013984579826
7565,1.0721276998519897,32,892,585.2013984579826
7566,1.0721335411071777,32,892,585.2013984579826
7567,1.0721303224563599,32,892,585.2013984579826
7568,1.072135090827942,32,892,585.2013984579826
7569,1.0721194744110107,32,892,585.2013984579826
7570,1.072103500366211,32,892,585.2013984579826
7571,1.0721492767333984,32,892,585.2013984579826
7572,1.0721395015716553,32,892,585.2013984579826
7573,1.0721180438995361,32,892,585.2013984579826
7574,1.0721368789672852,32,892,585.2013984579826
7575,1.0721187591552734,32,892,585.2013984579826
7576,1.0721060037612915,32,892,585.2013984579826
7577,1.0721027851104736,32,892,585.2013984579826
7578,1.0720969438552856,32,892,585.2013984579826
7579,1.0721279382705688,32,892,585.2013984579826
7580,1.0721052885055542,32,892,585.2013984579826
7581,1.072105884552002,32,892,585.2013984579826
7582,1.072116732597351,32,892,585.2013984579826
7583,1.0721395015716553,32,892,585.2013984579826
7584,1.0720975399017334,32,892,585.2013984579826
7585,1.072116494178772,32,892,585.2013984579826
7586,1.0720925331115723,32,892,585.2013984579826
7587,1.0720884799957275,32,892,585.2013984579826
7588,1.0721043348312378,32,892,585.2013984579826
7589,1.0720856189727783,32,892,585.2013984579826
7590,1.0721081495285034,32,892,585.2013984579826
7591,1.0721094608306885,32,892,585.2013984579826
7592,1.072092056274414,32,892,585.2013984579826
7593,1.072110891342163,32,892,585.2013984579826
7594,1.0720930099487305,32,892,585.2013984579826
7595,1.0720964670181274,32,892,585.2013984579826
7596,1.0720889568328857,32,892,585.2013984579826
7597,1.0720888376235962,32,892,585.2013984579826
7598,1.0721077919006348,32,892,585.2013984579826
7599,1.0721131563186646,32,892,585.2013984579826
7600,1.072111964225769,32,892,585.2013984579826
7601,1.072088599205017,32,892,585.2013984579826
7602,1.0720713138580322,32,892,585.2013984579826
7603,1.072098970413208,32,892,585.2013984579826
7604,1.0721083879470825,32,892,585.2013984579826
7605,1.0720974206924438,32,892,585.2013984579826
7606,1.072086215019226,32,892,585.2013984579826
7607,1.0721455812454224,32,892,585.2013984579826
7608,1.0720791816711426,32,892,585.2013984579826
7609,1.0720820426940918,32,892,585.2013984579826
7610,1.072073221206665,32,892,585.2013984579826
7611,1.072099208831787,32,892,585.2013984579826
7612,1.072098970413208,32,892,585.2013984579826
7613,1.0721365213394165,32,892,585.2013984579826
7614,1.0721217393875122,32,892,585.2013984579826
7615,1.0720864534378052,32,892,585.2013984579826
7616,1.072085976600647,32,892,585.2013984579826
7617,1.0721023082733154,32,892,585.2013984579826
7618,1.0721073150634766,32,892,585.2013984579826
7619,1.072098970413208,32,892,585.2013984579826
7620,1.0720860958099365,32,892,585.2013984579826
7621,1.07213294506073,32,892,585.2013984579826
7622,1.072070837020874,32,892,585.2013984579826
7623,1.0720969438552856,32,892,585.2013984579826
7624,1.0720983743667603,32,892,585.2013984579826
7625,1.0720638036727905,32,892,585.2013984579826
7626,1.0722159147262573,32,892,585.2013984579826
7627,1.0720821619033813,32,892,585.2013984579826
7628,1.072202205657959,32,892,585.2013984579826
7629,1.072261929512024,32,892,585.2013984579826
7630,1.07220458984375,32,892,585.2013984579826
7631,1.0721924304962158,32,892,585.2013984579826
7632,1.0721917152404785,32,892,585.2013984579826
7633,1.0722073316574097,32,892,585.2013984579826
7634,1.0721899271011353,32,892,585.2013984579826
7635,1.0721631050109863,32,892,585.2013984579826
7636,1.0721409320831299,32,892,585.2013984579826
7637,1.072153091430664,32,892,585.2013984579826
7638,1.0721476078033447,32,892,585.2013984579826
7639,1.072143316268921,32,892,585.2013984579826
7640,1.0721434354782104,32,892,585.2013984579826
7641,1.0721474885940552,32,892,585.2013984579826
7642,1.072130560874939,32,892,585.2013984579826
7643,1.0721186399459839,32,892,585.2013984579826
7644,1.072088360786438,32,892,585.2013984579826
7645,1.0721226930618286,32,892,585.2013984579826
7646,1.0721049308776855,32,892,585.2013984579826
7647,1.0721280574798584,32,892,585.2013984579826
7648,1.0721226930618286,32,892,585.2013984579826
7649,1.0720984935760498,32,892,585.2013984579826
7650,1.0721057653427124,32,892,585.2013984579826
7651,1.0720970630645752,32,892,585.2013984579826
7652,1.0721114873886108,32,892,585.2013984579826
7653,1.0721030235290527,32,892,585.2013984579826
7654,1.0721021890640259,32,892,585.2013984579826
7655,1.072130799293518,32,892,585.2013984579826
7656,1.0720908641815186,32,892,585.2013984579826
7657,1.0720895528793335,32,892,585.2013984579826
7658,1.0720950365066528,32,892,585.2013984579826
7659,1.0720804929733276,32,892,585.2013984579826
7660,1.0721067190170288,32,892,585.2013984579826
7661,1.072105050086975,32,892,585.2013984579826
7662,1.0721021890640259,32,892,585.2013984579826
7663,1.0721113681793213,32,892,585.2013984579826
7664,1.0720775127410889,32,892,585.2013984579826
7665,1.0721193552017212,32,892,585.2013984579826
7666,1.0720775127410889,32,892,585.2013984579826
7667,1.0720750093460083,32,892,585.2013984579826
7668,1.0720763206481934,32,892,585.2013984579826
7669,1.0720800161361694,32,892,585.2013984579826
7670,1.072133183479309,32,892,585.2013984579826
7671,1.0720869302749634,32,892,585.2013984579826
7672,1.0720999240875244,32,892,585.2013984579826
7673,1.0720912218093872,32,892,585.2013984579826
7674,1.0720865726470947,32,892,585.2013984579826
7675,1.0721336603164673,32,892,585.2013984579826
7676,1.0720824003219604,32,892,585.2013984579826
7677,1.0720924139022827,32,892,585.2013984579826
7678,1.0720852613449097,32,892,585.2013984579826
7679,1.0720733404159546,32,892,585.2013984579826
7680,1.072143316268921,32,892,585.2013984579826
7681,1.0720798969268799,32,892,585.2013984579826
7682,1.0720926523208618,32,892,585.2013984579826
7683,1.0720875263214111,32,892,585.2013984579826
7684,1.0720746517181396,32,892,585.2013984579826
7685,1.072148084640503,32,892,585.2013984579826
7686,1.072080135345459,32,892,585.2013984579826
7687,1.0720881223678589,32,892,585.2013984579826
7688,1.0720816850662231,32,892,585.2013984579826
7689,1.0720646381378174,32,892,585.2013984579826
7690,1.0721123218536377,32,892,585.2013984579826
7691,1.0721449851989746,32,892,585.2013984579826
7692,1.0721162557601929,32,892,585.2013984579826
7693,1.0720851421356201,32,892,585.2013984579826
7694,1.0720828771591187,32,892,585.2013984579826
7695,1.072095274925232,32,892,585.2013984579826
7696,1.0720969438552856,32,892,585.2013984579826
7697,1.072092890739441,32,892,585.2013984579826
7698,1.0720961093902588,32,892,585.2013984579826
7699,1.0720837116241455,32,892,585.2013984579826
7700,1.0721608400344849,32,892,585.2013984579826
7701,1.0720758438110352,32,892,585.2013984579826
7702,1.0720959901809692,32,892,585.2013984579826
7703,1.0720802545547485,32,892,585.2013984579826
7704,1.0721386671066284,32,892,585.2013984579826
7705,1.0720854997634888,32,892,585.2013984579826
7706,1.072106122970581,32,892,585.2013984579826
7707,1.0720691680908203,32,892,585.2013984579826
7708,1.072115182876587,32,892,585.2013984579826
7709,1.072088599205017,32,892,585.2013984579826
7710,1.0721018314361572,32,892,585.2013984579826
7711,1.0720863342285156,32,892,585.2013984579826
7712,1.0720866918563843,32,892,585.2013984579826
7713,1.0720895528793335,32,892,585.2013984579826
7714,1.0721429586410522,32,892,585.2013984579826
7715,1.072081208229065,32,892,585.2013984579826
7716,1.07212233543396,32,892,585.2013984579826
7717,1.072164535522461,32,892,585.2013984579826
7718,1.0721975564956665,32,892,585.2013984579826
7719,1.0721732378005981,32,892,585.2013984579826
7720,1.072158694267273,32,892,585.2013984579826
7721,1.0721241235733032,32,892,585.2013984579826
7722,1.0721198320388794,32,892,585.2013984579826
7723,1.0721036195755005,32,892,585.2013984579826
7724,1.0721770524978638,32,892,585.2013984579826
7725,1.0721853971481323,32,892,585.2013984579826
7726,1.0721335411071777,32,892,585.2013984579826
7727,1.072124719619751,32,892,585.2013984579826
7728,1.0721440315246582,32,892,585.2013984579826
7729,1.0721646547317505,32,892,585.2013984579826
7730,1.072167992591858,32,892,585.2013984579826
7731,1.0721529722213745,32,892,585.2013984579826
7732,1.0721416473388672,32,892,585.2013984579826
7733,1.0721392631530762,32,892,585.2013984579826
7734,1.072119951248169,32,892,585.2013984579826
7735,1.072097659111023,32,892,585.2013984579826
7736,1.0720937252044678,32,892,585.2013984579826
7737,1.0721358060836792,32,892,585.2013984579826
7738,1.0721211433410645,32,892,585.2013984579826
7739,1.0721068382263184,32,892,585.2013984579826
7740,1.0721315145492554,32,892,585.2013984579826
7741,1.0721150636672974,32,892,585.2013984579826
7742,1.072097897529602,32,892,585.2013984579826
7743,1.072090744972229,32,892,585.2013984579826
7744,1.0721163749694824,32,892,585.2013984579826
7745,1.0720897912979126,32,892,585.2013984579826
7746,1.0721075534820557,32,892,585.2013984579826
7747,1.0721014738082886,32,892,585.2013984579826
7748,1.0721079111099243,32,892,585.2013984579826
7749,1.0721004009246826,32,892,585.2013984579826
7750,1.0721174478530884,32,892,585.2013984579826
7751,1.0721054077148438,32,892,585.2013984579826
7752,1.0720831155776978,32,892,585.2013984579826
7753,1.0720853805541992,32,892,585.2013984579826
7754,1.0720882415771484,32,892,585.2013984579826
7755,1.0721180438995361,32,892,585.2013984579826
7756,1.0721317529678345,32,892,585.2013984579826
7757,1.0720884799957275,32,892,585.2013984579826
7758,1.0720922946929932,32,892,585.2013984579826
7759,1.0720819234848022,32,892,585.2013984579826
7760,1.0720932483673096,32,892,585.2013984579826
7761,1.0720895528793335,32,892,585.2013984579826
7762,1.0720857381820679,32,892,585.2013984579826
7763,1.0721023082733154,32,892,585.2013984579826
7764,1.0720940828323364,32,892,585.2013984579826
7765,1.0720895528793335,32,892,585.2013984579826
7766,1.0720865726470947,32,892,585.2013984579826
7767,1.072075366973877,32,892,585.2013984579826
7768,1.0721204280853271,32,892,585.2013984579826
7769,1.072091817855835,32,892,585.2013984579826
7770,1.0721040964126587,32,892,585.2013984579826
7771,1.0720969438552856,32,892,585.2013984579826
7772,1.0720669031143188,32,892,585.2013984579826
7773,1.072105050086975,32,892,585.2013984579826
7774,1.0721205472946167,32,892,585.2013984579826
7775,1.0721046924591064,32,892,585.2013984579826
7776,1.0721039772033691,32,892,585.2013984579826
7777,1.0720775127410889,32,892,585.2013984579826
7778,1.072188138961792,32,892,585.2013984579826
7779,1.0721180438995361,32,892,585.2013984579826
7780,1.0721087455749512,32,892,585.2013984579826
7781,1.0721491575241089,32,892,585.2013984579826
7782,1.0721681118011475,32,892,585.2013984579826
7783,1.0721685886383057,32,892,585.2013984579826
7784,1.0721535682678223,32,892,585.2013984579826
7785,1.0721508264541626,32,892,585.2013984579826
7786,1.072126865386963,32,892,585.2013984579826
7787,1.0721057653427124,32,892,585.2013984579826
7788,1.0720999240875244,32,892,585.2013984579826
7789,1.0721440315246582,32,892,585.2013984579826
7790,1.0721290111541748,32,892,585.2013984579826
7791,1.0721248388290405,32,892,585.2013984579826
7792,1.0721476078033447,32,892,585.2013984579826
7793,1.0721036195755005,32,892,585.2013984579826
7794,1.0720903873443604,32,892,585.2013984579826
7795,1.0720969438552856,32,892,585.2013984579826
7796,1.0721322298049927,32,892,585.2013984579826
7797,1.0721220970153809,32,892,585.2013984579826
7798,1.072110652923584,32,892,585.2013984579826
7799,1.0721049308776855,32,892,585.2013984579826
7800,1.0720947980880737,32,892,585.2013984579826
7801,1.0721114873886108,32,892,585.2013984579826
7802,1.0720888376235962,32,892,585.2013984579826
7803,1.0721086263656616,32,892,585.2013984579826
7804,1.072102665901184,32,892,585.2013984579826
7805,1.0720945596694946,32,892,585.2013984579826
7806,1.072082281112671,32,892,585.2013984579826
7807,1.0720988512039185,32,892,585.2013984579826
7808,1.0720962285995483,32,892,585.2013984579826
7809,1.072087049484253,32,892,585.2013984579826
7810,1.07208251953125,32,892,585.2013984579826
7811,1.0720839500427246,32,892,585.2013984579826
7812,1.072137713432312,32,892,585.2013984579826
7813,1.0720932483673096,32,892,585.2013984579826
7814,1.0720924139022827,32,892,585.2013984579826
7815,1.0720906257629395,32,892,585.2013984579826
7816,1.072142243385315,32,892,585.2013984579826
7817,1.0720669031143188,32,892,585.2013984579826
7818,1.0720795392990112,32,892,585.2013984579826
7819,1.0720826387405396,32,892,585.2013984579826
7820,1.0720748901367188,32,892,585.2013984579826
7821,1.072084665298462,32,892,585.2013984579826
7822,1.0720903873443604,32,892,585.2013984579826
7823,1.0721173286437988,32,892,585.2013984579826
7824,1.072098970413208,32,892,585.2013984579826
7825,1.0720782279968262,32,892,585.2013984579826
7826,1.0721054077148438,32,892,585.2013984579826
7827,1.0720971822738647,32,892,585.2013984579826
7828,1.0720994472503662,32,892,585.2013984579826
7829,1.0721080303192139,32,892,585.2013984579826
7830,1.0720834732055664,32,892,585.2013984579826
7831,1.072121262550354,32,892,585.2013984579826
7832,1.072081208229065,32,892,585.2013984579826
7833,1.0720864534378052,32,892,585.2013984579826
7834,1.072080373764038,32,892,585.2013984579826
7835,1.0720802545547485,32,892,585.2013984579826
7836,1.0721055269241333,32,892,585.2013984579826
7837,1.0720824003219604,32,892,585.2013984579826
7838,1.0720900297164917,32,892,585.2013984579826
7839,1.072085976600647,32,892,585.2013984579826
7840,1.072061538696289,32,892,585.2013984579826
7841,1.0720940828323364,32,892,585.2013984579826
7842,1.0721064805984497,32,892,585.2013984579826
7843,1.0721114873886108,32,892,585.2013984579826
7844,1.072086215019226,32,892,585.2013984579826
7845,1.0720728635787964,32,892,585.2013984579826
7846,1.072088599205017,32,892,585.2013984579826
7847,1.072109580039978,32,892,585.2013984579826
7848,1.072098731994629,32,892,585.2013984579826
7849,1.072095513343811,32,892,585.2013984579826
7850,1.0720916986465454,32,892,585.2013984579826
7851,1.0720751285552979,32,892,585.2013984579826
7852,1.0720912218093872,32,892,585.2013984579826
7853,1.0720924139022827,32,892,585.2013984579826
7854,1.0720609426498413,32,892,585.2013984579826
7855,1.0721147060394287,32,892,585.2013984579826
7856,1.0720688104629517,32,892,585.2013984579826
7857,1.0720868110656738,32,892,585.2013984579826
7858,1.0720747709274292,32,892,585.2013984579826
7859,1.0720990896224976,32,892,585.2013984579826
7860,1.0720802545547485,32,892,585.2013984579826
7861,1.0720983743667603,32,892,585.2013984579826
7862,1.0720967054367065,32,892,585.2013984579826
7863,1.072078824043274,32,892,585.2013984579826
7864,1.0721027851104736,32,892,585.2013984579826
7865,1.0720784664154053,32,892,585.2013984579826
7866,1.0720878839492798,32,892,585.2013984579826
7867,1.0720818042755127,32,892,585.2013984579826
7868,1.0720680952072144,32,892,585.2013984579826
7869,1.0721105337142944,32,892,585.2013984579826
7870,1.072080135345459,32,892,585.2013984579826
7871,1.0720977783203125,32,892,585.2013984579826
7872,1.0720828771591187,32,892,585.2013984579826
7873,1.0720558166503906,32,892,585.2013984579826
7874,1.0720915794372559,32,892,585.2013984579826
7875,1.0721063613891602,32,892,585.2013984579826
7876,1.0720994472503662,32,892,585.2013984579826
7877,1.072080373764038,32,892,585.2013984579826
7878,1.0721137523651123,32,892,585.2013984579826
7879,1.07206130027771,32,892,585.2013984579826
7880,1.0720841884613037,32,892,585.2013984579826
7881,1.0720738172531128,32,892,585.2013984579826
7882,1.072075366973877,32,892,585.2013984579826
7883,1.0720783472061157,32,892,585.2013984579826
7884,1.07211172580719,32,892,585.2013984579826
7885,1.0721110105514526,32,892,585.2013984579826
7886,1.0720961093902588,32,892,585.2013984579826
7887,1.0720546245574951,32,892,585.2013984579826
7888,1.072182536125183,32,892,585.2013984579826
7889,1.0721356868743896,32,892,585.2013984579826
7890,1.0720878839492798,32,892,585.2013984579826
7891,1.0721344947814941,32,892,585.2013984579826
7892,1.0721609592437744,32,892,585.2013984579826
7893,1.0721559524536133,32,892,585.2013984579826
7894,1.0721429586410522,32,892,585.2013984579826
7895,1.0721267461776733,32,892,585.2013984579826
7896,1.0721040964126587,32,892,585.2013984579826
7897,1.0720902681350708,32,892,585.2013984579826
7898,1.072143316268921,32,892,585.2013984579826
7899,1.072136640548706,32,892,585.2013984579826
7900,1.0720878839492798,32,892,585.2013984579826
7901,1.072117567062378,32,892,585.2013984579826
7902,1.0721076726913452,32,892,585.2013984579826
7903,1.0720940828323364,32,892,585.2013984579826
7904,1.0720793008804321,32,892,585.2013984579826
7905,1.0720843076705933,32,892,585.2013984579826
7906,1.0721129179000854,32,892,585.2013984579826
7907,1.072112798690796,32,892,585.2013984579826
7908,1.0721266269683838,32,892,585.2013984579826
7909,1.0720953941345215,32,892,585.2013984579826
7910,1.0721122026443481,32,892,585.2013984579826
7911,1.0720775127410889,32,892,585.2013984579826
7912,1.072086215019226,32,892,585.2013984579826
7913,1.0720927715301514,32,892,585.2013984579826
7914,1.0720882415771484,32,892,585.2013984579826
7915,1.0720767974853516,32,892,585.2013984579826
7916,1.0720915794372559,32,892,585.2013984579826
7917,1.0720841884613037,32,892,585.2013984579826
7918,1.0720940828323364,32,892,585.2013984579826
7919,1.0720837116241455,32,892,585.2013984579826
7920,1.0720747709274292,32,892,585.2013984579826
7921,1.072124719619751,32,892,585.2013984579826
7922,1.0720787048339844,32,892,585.2013984579826
7923,1.0720832347869873,32,892,585.2013984579826
7924,1.0720720291137695,32,892,585.2013984579826
7925,1.0721006393432617,32,892,585.2013984579826
7926,1.0720804929733276,32,892,585.2013984579826
7927,1.0720865726470947,32,892,585.2013984579826
7928,1.0720869302749634,32,892,585.2013984579826
7929,1.0720820426940918,32,892,585.2013984579826
7930,1.0720679759979248,32,892,585.2013984579826
7931,1.072087287902832,32,892,585.2013984579826
7932,1.072081446647644,32,892,585.2013984579826
7933,1.0720881223678589,32,892,585.2013984579826
7934,1.0720769166946411,32,892,585.2013984579826
7935,1.0720933675765991,32,892,585.2013984579826
7936,1.0720757246017456,32,892,585.2013984579826
7937,1.0720841884613037,32,892,585.2013984579826
7938,1.0720689296722412,32,892,585.2013984579826
7939,1.0720621347427368,32,892,585.2013984579826
7940,1.0721591711044312,32,892,585.2013984579826
7941,1.0720616579055786,32,892,585.2013984579826
7942,1.0722064971923828,32,892,585.2013984579826
7943,1.0722306966781616,32,892,585.2013984579826
7944,1.0721911191940308,32,892,585.2013984579826
7945,1.0721815824508667,32,892,585.2013984579826
7946,1.0721756219863892,32,892,585.2013984579826
7947,1.0721912384033203,32,892,585.2013984579826
7948,1.072169542312622,32,892,585.2013984579826
7949,1.0721341371536255,32,892,585.2013984579826
7950,1.072158694267273,32,892,585.2013984579826
7951,1.072171688079834,32,892,585.2013984579826
7952,1.0721371173858643,32,892,585.2013984579826
7953,1.0721265077590942,32,892,585.2013984579826
7954,1.0721380710601807,32,892,585.2013984579826
7955,1.0721513032913208,32,892,585.2013984579826
7956,1.0721471309661865,32,892,585.2013984579826
7957,1.0721491575241089,32,892,585.2013984579826
7958,1.0721313953399658,32,892,585.2013984579826
7959,1.072106957435608,32,892,585.2013984579826
7960,1.0720945596694946,32,892,585.2013984579826
7961,1.0720796585083008,32,892,585.2013984579826
7962,1.0721114873886108,32,892,585.2013984579826
7963,1.0720802545547485,32,892,585.2013984579826
7964,1.0721144676208496,32,892,585.2013984579826
7965,1.0721430778503418,32,892,585.2013984579826
7966,1.0721625089645386,32,892,585.2013984579826
7967,1.0721467733383179,32,892,585.2013984579826
7968,1.0721285343170166,32,892,585.2013984579826
7969,1.072105884552002,32,892,585.2013984579826
7970,1.0720950365066528,32,892,585.2013984579826
7971,1.07210111618042,32,892,585.2013984579826
7972,1.0720956325531006,32,892,585.2013984579826
7973,1.0721055269241333,32,892,585.2013984579826
7974,1.0720946788787842,32,892,585.2013984579826
7975,1.072106957435608,32,892,585.2013984579826
7976,1.0721017122268677,32,892,585.2013984579826
7977,1.072092890739441,32,892,585.2013984579826
7978,1.0720949172973633,32,892,585.2013984579826
7979,1.07207453250885,32,892,585.2013984579826
7980,1.0721583366394043,32,892,585.2013984579826
7981,1.0721086263656616,32,892,585.2013984579826
7982,1.0721086263656616,32,892,585.2013984579826
7983,1.0721486806869507,32,892,585.2013984579826
7984,1.0721367597579956,32,892,585.2013984579826
7985,1.0721185207366943,32,892,585.2013984579826
7986,1.0721083879470825,32,892,585.2013984579826
7987,1.0721139907836914,32,892,585.2013984579826
7988,1.072116494178772,32,892,585.2013984579826
7989,1.0721081495285034,32,892,585.2013984579826
7990,1.072121500968933,32,892,585.2013984579826
7991,1.0721086263656616,32,892,585.2013984579826
7992,1.0721052885055542,32,892,585.2013984579826
7993,1.072110891342163,32,892,585.2013984579826
7994,1.0721052885055542,32,892,585.2013984579826
7995,1.0721101760864258,32,892,585.2013984579826
7996,1.0721189975738525,32,892,585.2013984579826
7997,1.0721044540405273,32,892,585.2013984579826
7998,1.0720914602279663,32,892,585.2013984579826
7999,1.0720748901367188,32,892,585.2013984579826
8000,1.0721250772476196,32,892,585.2013984579826
8001,1.0720869302749634,32,892,585.2013984579826
8002,1.0721549987792969,32,892,585.2013984579826
8003,1.0721559524536133,32,892,585.2013984579826
8004,1.0721023082733154,32,892,585.2013984579826
8005,1.072097659111023,32,892,585.2013984579826
8006,1.0720938444137573,32,892,585.2013984579826
8007,1.0721153020858765,32,892,585.2013984579826
8008,1.0721137523651123,32,892,585.2013984579826
8009,1.0721334218978882,32,892,585.2013984579826
8010,1.072149634361267,32,892,585.2013984579826
8011,1.0721367597579956,32,892,585.2013984579826
8012,1.0721218585968018,32,892,585.2013984579826
8013,1.0721049308776855,32,892,585.2013984579826
8014,1.072145938873291,32,892,585.2013984579826
8015,1.0720903873443604,32,892,585.2013984579826
8016,1.0720994472503662,32,892,585.2013984579826
8017,1.072088360786438,32,892,585.2013984579826
8018,1.0720852613449097,32,892,585.2013984579826
8019,1.0721148252487183,32,892,585.2013984579826
8020,1.0721441507339478,32,892,585.2013984579826
8021,1.0721062421798706,32,892,585.2013984579826
8022,1.0720713138580322,32,892,585.2013984579826
8023,1.0720832347869873,32,892,585.2013984579826
8024,1.0720937252044678,32,892,585.2013984579826
8025,1.0720975399017334,32,892,585.2013984579826
8026,1.0720860958099365,32,892,585.2013984579826
8027,1.072075366973877,32,892,585.2013984579826
8028,1.0721405744552612,32,892,585.2013984579826
8029,1.0720841884613037,32,892,585.2013984579826
8030,1.0721092224121094,32,892,585.2013984579826
8031,1.0721478462219238,32,892,585.2013984579826
8032,1.0721807479858398,32,892,585.2013984579826
8033,1.0721815824508667,32,892,585.2013984579826
8034,1.0721617937088013,32,892,585.2013984579826
8035,1.0721280574798584,32,892,585.2013984579826
8036,1.0720938444137573,32,892,585.2013984579826
8037,1.0720906257629395,32,892,585.2013984579826
8038,1.072152018547058,32,892,585.2013984579826
8039,1.0721596479415894,32,892,585.2013984579826
8040,1.0720974206924438,32,892,585.2013984579826
8041,1.0721042156219482,32,892,585.2013984579826
8042,1.0721482038497925,32,892,585.2013984579826
8043,1.0721644163131714,32,892,585.2013984579826
8044,1.0721510648727417,32,892,585.2013984579826
8045,1.0721462965011597,32,892,585.2013984579826
8046,1.0721198320388794,32,892,585.2013984579826
8047,1.0721213817596436,32,892,585.2013984579826
8048,1.072110652923584,32,892,585.2013984579826
8049,1.0720988512039185,32,892,585.2013984579826
8050,1.0721371173858643,32,892,585.2013984579826
8051,1.0721290111541748,32,892,585.2013984579826
8052,1.07209312915802,32,892,585.2013984579826
8053,1.0721111297607422,32,892,585.2013984579826
8054,1.0721230506896973,32,892,585.2013984579826
8055,1.0721129179000854,32,892,585.2013984579826
8056,1.0720990896224976,32,892,585.2013984579826
8057,1.0720816850662231,32,892,585.2013984579826
8058,1.0721042156219482,32,892,585.2013984579826
8059,1.0720865726470947,32,892,585.2013984579826
8060,1.0720776319503784,32,892,585.2013984579826
8061,1.0721089839935303,32,892,585.2013984579826
8062,1.0721238851547241,32,892,585.2013984579826
8063,1.0721172094345093,32,892,585.2013984579826
8064,1.0721098184585571,32,892,585.2013984579826
8065,1.0721015930175781,32,892,585.2013984579826
8066,1.072094440460205,32,892,585.2013984579826
8067,1.0720763206481934,32,892,585.2013984579826
8068,1.0721327066421509,32,892,585.2013984579826
8069,1.0721300840377808,32,892,585.2013984579826
8070,1.0720670223236084,32,892,585.2013984579826
8071,1.0720950365066528,32,892,585.2013984579826
8072,1.0721070766448975,32,892,585.2013984579826
8073,1.0720964670181274,32,892,585.2013984579826
8074,1.0720974206924438,32,892,585.2013984579826
8075,1.072086215019226,32,892,585.2013984579826
8076,1.0720646381378174,32,892,585.2013984579826
8077,1.07213294506073,32,892,585.2013984579826
8078,1.0720982551574707,32,892,585.2013984579826
8079,1.0720986127853394,32,892,585.2013984579826
8080,1.0721238851547241,32,892,585.2013984579826
8081,1.07212233543396,32,892,585.2013984579826
8082,1.0721148252487183,32,892,585.2013984579826
8083,1.0721070766448975,32,892,585.2013984579826
8084,1.0721007585525513,32,892,585.2013984579826
8085,1.0720816850662231,32,892,585.2013984579826
8086,1.072089672088623,32,892,585.2013984579826
8087,1.072129726409912,32,892,585.2013984579826
8088,1.0721220970153809,32,892,585.2013984579826
8089,1.072083592414856,32,892,585.2013984579826
8090,1.0720772743225098,32,892,585.2013984579826
8091,1.0721110105514526,32,892,585.2013984579826
8092,1.072098731994629,32,892,585.2013984579826
8093,1.0720921754837036,32,892,585.2013984579826
8094,1.0720791816711426,32,892,585.2013984579826
8095,1.0720864534378052,32,892,585.2013984579826
8096,1.0720750093460083,32,892,585.2013984579826
8097,1.0720793008804321,32,892,585.2013984579826
8098,1.0720646381378174,32,892,585.2013984579826
8099,1.0720778703689575,32,892,585.2013984579826
8100,1.0720806121826172,32,892,585.2013984579826
8101,1.0720890760421753,32,892,585.2013984579826
8102,1.0720922946929932,32,892,585.2013984579826
8103,1.072070598602295,32,892,585.2013984579826
8104,1.0720622539520264,32,892,585.2013984579826
8105,1.0721333026885986,32,892,585.2013984579826
8106,1.0720876455307007,32,892,585.2013984579826
8107,1.072106957435608,32,892,585.2013984579826
8108,1.0721240043640137,32,892,585.2013984579826
8109,1.072122573852539,32,892,585.2013984579826
8110,1.0721288919448853,32,892,585.2013984579826
8111,1.072117805480957,32,892,585.2013984579826
8112,1.0721062421798706,32,892,585.2013984579826
8113,1.0720984935760498,32,892,585.2013984579826
8114,1.0720868110656738,32,892,585.2013984579826
8115,1.0721505880355835,32,892,585.2013984579826
8116,1.0721460580825806,32,892,585.2013984579826
8117,1.0720765590667725,32,892,585.2013984579826
8118,1.0720903873443604,32,892,585.2013984579826
8119,1.0720876455307007,32,892,585.2013984579826
8120,1.072075605392456,32,892,585.2013984579826
8121,1.0720616579055786,32,892,585.2013984579826
8122,1.0720752477645874,32,892,585.2013984579826
8123,1.0720962285995483,32,892,585.2013984579826
8124,1.0721161365509033,32,892,585.2013984579826
8125,1.0721014738082886,32,892,585.2013984579826
8126,1.072065830230713,32,892,585.2013984579826
8127,1.0720863342285156,32,892,585.2013984579826
8128,1.0720728635787964,32,892,585.2013984579826
8129,1.0720990896224976,32,892,585.2013984579826
8130,1.0720959901809692,32,892,585.2013984579826
8131,1.0720754861831665,32,892,585.2013984579826
8132,1.0721064805984497,32,892,585.2013984579826
8133,1.0720643997192383,32,892,585.2013984579826
8134,1.072094440460205,32,892,585.2013984579826
8135,1.072137713432312,32,892,585.2013984579826
8136,1.0721521377563477,32,892,585.2013984579826
8137,1.072144865989685,32,892,585.2013984579826
8138,1.0721240043640137,32,892,585.2013984579826
8139,1.072117805480957,32,892,585.2013984579826
8140,1.0721008777618408,32,892,585.2013984579826
8141,1.0720974206924438,32,892,585.2013984579826
8142,1.0721337795257568,32,892,585.2013984579826
8143,1.0721404552459717,32,892,585.2013984579826
8144,1.0720783472061157,32,892,585.2013984579826
8145,1.0720726251602173,32,892,585.2013984579826
8146,1.072087287902832,32,892,585.2013984579826
8147,1.0720854997634888,32,892,585.2013984579826
8148,1.072075366973877,32,892,585.2013984579826
8149,1.072076678276062,32,892,585.2013984579826
8150,1.0720902681350708,32,892,585.2013984579826
8151,1.0720821619033813,32,892,585.2013984579826
8152,1.0720787048339844,32,892,585.2013984579826
8153,1.0720702409744263,32,892,585.2013984579826
8154,1.0720945596694946,32,892,585.2013984579826
8155,1.0720596313476562,32,892,585.2013984579826
8156,1.0720734596252441,32,892,585.2013984579826
8157,1.0720747709274292,32,892,585.2013984579826
8158,1.0720654726028442,32,892,585.2013984579826
8159,1.0721360445022583,32,892,585.2013984579826
8160,1.0720733404159546,32,892,585.2013984579826
8161,1.0720998048782349,32,892,585.2013984579826
8162,1.0721584558486938,32,892,585.2013984579826
8163,1.0721591711044312,32,892,585.2013984579826
8164,1.072165846824646,32,892,585.2013984579826
8165,1.072139859199524,32,892,585.2013984579826
8166,1.0721243619918823,32,892,585.2013984579826
8167,1.0721086263656616,32,892,585.2013984579826
8168,1.0720981359481812,32,892,585.2013984579826
8169,1.0720863342285156,32,892,585.2013984579826
8170,1.072078824043274,32,892,585.2013984579826
8171,1.0721250772476196,32,892,585.2013984579826
8172,1.072150707244873,32,892,585.2013984579826
8173,1.0721009969711304,32,892,585.2013984579826
8174,1.0720938444137573,32,892,585.2013984579826
8175,1.072092056274414,32,892,585.2013984579826
8176,1.072096586227417,32,892,585.2013984579826
8177,1.0720956325531006,32,892,585.2013984579826
8178,1.0721253156661987,32,892,585.2013984579826
8179,1.072101354598999,32,892,585.2013984579826
8180,1.0721185207366943,32,892,585.2013984579826
8181,1.0720925331115723,32,892,585.2013984579826
8182,1.0721293687820435,32,892,585.2013984579826
8183,1.0721251964569092,32,892,585.2013984579826
8184,1.072067141532898,32,892,585.2013984579826
8185,1.0720994472503662,32,892,585.2013984579826
8186,1.0720797777175903,32,892,585.2013984579826
8187,1.0721246004104614,32,892,585.2013984579826
8188,1.0721184015274048,32,892,585.2013984579826
8189,1.0720930099487305,32,892,585.2013984579826
8190,1.0720943212509155,32,892,585.2013984579826
8191,1.07208251953125,32,892,585.2013984579826
8192,1.0720874071121216,32,892,585.2013984579826
8193,1.0720750093460083,32,892,585.2013984579826
8194,1.0720645189285278,32,892,585.2013984579826
8195,1.0720821619033813,32,892,585.2013984579826
8196,1.072088599205017,32,892,585.2013984579826
8197,1.0721193552017212,32,892,585.2013984579826
8198,1.0720763206481934,32,892,585.2013984579826
8199,1.0721015930175781,32,892,585.2013984579826
8200,1.0721076726913452,32,892,585.2013984579826
8201,1.0721288919448853,32,892,585.2013984579826
8202,1.072094440460205,32,892,585.2013984579826
8203,1.0720853805541992,32,892,585.2013984579826
8204,1.0721057653427124,32,892,585.2013984579826
8205,1.072090744972229,32,892,585.2013984579826
8206,1.0721133947372437,32,892,585.2013984579826
8207,1.0720998048782349,32,892,585.2013984579826
8208,1.0720725059509277,32,892,585.2013984579826
8209,1.0721405744552612,32,892,585.2013984579826
8210,1.07209312915802,32,892,585.2013984579826
8211,1.072106957435608,32,892,585.2013984579826
8212,1.07206130027771,32,892,585.2013984579826
8213,1.07215416431427,32,892,585.2013984579826
8214,1.0720977783203125,32,892,585.2013984579826
8215,1.0721149444580078,32,892,585.2013984579826
8216,1.0720769166946411,32,892,585.2013984579826
8217,1.0720549821853638,32,892,585.2013984579826
8218,1.0721222162246704,32,892,585.2013984579826
8219,1.072083830833435,32,892,585.2013984579826
8220,1.0721081495285034,32,892,585.2013984579826
8221,1.0721052885055542,32,892,585.2013984579826
8222,1.0720887184143066,32,892,585.2013984579826
8223,1.072126865386963,32,892,585.2013984579826
8224,1.0720789432525635,32,892,585.2013984579826
8225,1.0720891952514648,32,892,585.2013984579826
8226,1.0720638036727905,32,892,585.2013984579826
8227,1.0721712112426758,32,892,585.2013984579826
8228,1.0720555782318115,32,892,585.2013984579826
8229,1.0720940828323364,32,892,585.2013984579826
8230,1.0720889568328857,32,892,585.2013984579826
8231,1.0720525979995728,32,892,585.2013984579826
8232,1.0721675157546997,32,892,585.2013984579826
8233,1.0720680952072144,32,892,585.2013984579826
8234,1.0721286535263062,32,892,585.2013984579826
8235,1.072187066078186,32,892,585.2013984579826
8236,1.0721933841705322,32,892,585.2013984579826
8237,1.0721832513809204,32,892,585.2013984579826
8238,1.0721591711044312,32,892,585.2013984579826
8239,1.0721352100372314,32,892,585.2013984579826
8240,1.0721144676208496,32,892,585.2013984579826
8241,1.0720791816711426,32,892,585.2013984579826
8242,1.072128415107727,32,892,585.2013984579826
8243,1.072145938873291,32,892,585.2013984579826
8244,1.0721126794815063,32,892,585.2013984579826
8245,1.072082281112671,32,892,585.2013984579826
8246,1.0721051692962646,32,892,585.2013984579826
8247,1.0720938444137573,32,892,585.2013984579826
8248,1.07210373878479,32,892,585.2013984579826
8249,1.0721064805984497,32,892,585.2013984579826
8250,1.072098731994629,32,892,585.2013984579826
8251,1.0720795392990112,32,892,585.2013984579826
8252,1.072136640548706,32,892,585.2013984579826
8253,1.0720901489257812,32,892,585.2013984579826
8254,1.072107195854187,32,892,585.2013984579826
8255,1.0721641778945923,32,892,585.2013984579826
8256,1.0721513032913208,32,892,585.2013984579826
8257,1.0721272230148315,32,892,585.2013984579826
8258,1.0720906257629395,32,892,585.2013984579826
8259,1.0720969438552856,32,892,585.2013984579826
8260,1.0720986127853394,32,892,585.2013984579826
8261,1.072141408920288,32,892,585.2013984579826
8262,1.0721298456192017,32,892,585.2013984579826
8263,1.0721265077590942,32,892,585.2013984579826
8264,1.0721310377120972,32,892,585.2013984579826
8265,1.0721365213394165,32,892,585.2013984579826
8266,1.0721153020858765,32,892,585.2013984579826
8267,1.072106122970581,32,892,585.2013984579826
8268,1.0720857381820679,32,892,585.2013984579826
8269,1.0720853805541992,32,892,585.2013984579826
8270,1.0720783472061157,32,892,585.2013984579826
8271,1.0720795392990112,32,892,585.2013984579826
8272,1.072177529335022,32,892,585.2013984579826
8273,1.072131633758545,32,892,585.2013984579826
8274,1.072280764579773,32,892,585.2013984579826
8275,1.0720847845077515,32,892,585.2013984579826
8276,1.0720765590667725,32,892,585.2013984579826
8277,1.072184443473816,32,892,585.2013984579826
8278,1.0721758604049683,32,892,585.2013984579826
8279,1.0721725225448608,32,892,585.2013984579826
8280,1.072184681892395,32,892,585.2013984579826
8281,1.0721652507781982,32,892,585.2013984579826
8282,1.072142243385315,32,892,585.2013984579826
8283,1.0721285343170166,32,892,585.2013984579826
8284,1.0721536874771118,32,892,585.2013984579826
8285,1.0721343755722046,32,892,585.2013984579826
8286,1.0721677541732788,32,892,585.2013984579826
8287,1.072191596031189,32,892,585.2013984579826
8288,1.0721962451934814,32,892,585.2013984579826
8289,1.0721322298049927,32,892,585.2013984579826
8290,1.0721039772033691,32,892,585.2013984579826
8291,1.0721153020858765,32,892,585.2013984579826
8292,1.072099208831787,32,892,585.2013984579826
8293,1.0721015930175781,32,892,585.2013984579826
8294,1.0720902681350708,32,892,585.2013984579826
8295,1.0720808506011963,32,892,585.2013984579826
8296,1.0720903873443604,32,892,585.2013984579826
8297,1.072114109992981,32,892,585.2013984579826
8298,1.0721246004104614,32,892,585.2013984579826
8299,1.0720815658569336,32,892,585.2013984579826
8300,1.0721092224121094,32,892,585.2013984579826
8301,1.0720994472503662,32,892,585.2013984579826
8302,1.072111964225769,32,892,585.2013984579826
8303,1.0720994472503662,32,892,585.2013984579826
8304,1.0720800161361694,32,892,585.2013984579826
8305,1.0721279382705688,32,892,585.2013984579826
8306,1.0720831155776978,32,892,585.2013984579826
8307,1.0720850229263306,32,892,585.2013984579826
8308,1.072072982788086,32,892,585.2013984579826
8309,1.0720616579055786,32,892,585.2013984579826
8310,1.0721750259399414,32,892,585.2013984579826
8311,1.0720902681350708,32,892,585.2013984579826
8312,1.0721189975738525,32,892,585.2013984579826
8313,1.0720643997192383,32,892,585.2013984579826
8314,1.0721368789672852,32,892,585.2013984579826
8315,1.0720916986465454,32,892,585.2013984579826
8316,1.0721063613891602,32,892,585.2013984579826
8317,1.072106122970581,32,892,585.2013984579826
8318,1.0720789432525635,32,892,585.2013984579826
8319,1.072077989578247,32,892,585.2013984579826
8320,1.072091817855835,32,892,585.2013984579826
8321,1.0720878839492798,32,892,585.2013984579826
8322,1.0720739364624023,32,892,585.2013984579826
8323,1.0720553398132324,32,892,585.2013984579826
8324,1.0720858573913574,32,892,585.2013984579826
8325,1.0720782279968262,32,892,585.2013984579826
8326,1.0721205472946167,32,892,585.2013984579826
8327,1.0720802545547485,32,892,585.2013984579826
8328,1.0720528364181519,32,892,585.2013984579826
8329,1.0720778703689575,32,892,585.2013984579826
8330,1.0720908641815186,32,892,585.2013984579826
8331,1.0720741748809814,32,892,585.2013984579826
8332,1.0720666646957397,32,892,585.2013984579826
8333,1.0720947980880737,32,892,585.2013984579826
8334,1.0720559358596802,32,892,585.2013984579826
8335,1.0720669031143188,32,892,585.2013984579826
8336,1.0720537900924683,32,892,585.2013984579826
8337,1.072050929069519,32,892,585.2013984579826
8338,1.072151780128479,32,892,585.2013984579826
8339,1.0720537900924683,32,892,585.2013984579826
8340,1.0720666646957397,32,892,585.2013984579826
8341,1.0720629692077637,32,892,585.2013984579826
8342,1.0721079111099243,32,892,585.2013984579826
8343,1.0720597505569458,32,892,585.2013984579826
8344,1.072083830833435,32,892,585.2013984579826
8345,1.072087049484253,32,892,585.2013984579826
8346,1.0720646381378174,32,892,585.2013984579826
8347,1.072076678276062,32,892,585.2013984579826
8348,1.07206130027771,32,892,585.2013984579826
8349,1.0720776319503784,32,892,585.2013984579826
8350,1.0720664262771606,32,892,585.2013984579826
8351,1.072054147720337,32,892,585.2013984579826
8352,1.0721156597137451,32,892,585.2013984579826
8353,1.0720562934875488,32,892,585.2013984579826
8354,1.072081208229065,32,892,585.2013984579826
8355,1.072054147720337,32,892,585.2013984579826
8356,1.0720657110214233,32,892,585.2013984579826
8357,1.0720680952072144,32,892,585.2013984579826
8358,1.0720919370651245,32,892,585.2013984579826
8359,1.0720841884613037,32,892,585.2013984579826
8360,1.0720601081848145,32,892,585.2013984579826
8361,1.0720676183700562,32,892,585.2013984579826
8362,1.0720564126968384,32,892,585.2013984579826
8363,1.0720609426498413,32,892,585.2013984579826
8364,1.072069764137268,32,892,585.2013984579826
8365,1.0720539093017578,32,892,585.2013984579826
8366,1.072150468826294,32,892,585.2013984579826
8367,1.0720469951629639,32,892,585.2013984579826
8368,1.0720622539520264,32,892,585.2013984579826
8369,1.0720467567443848,32,892,585.2013984579826
8370,1.0721067190170288,32,892,585.2013984579826
8371,1.0720688104629517,32,892,585.2013984579826
8372,1.0720851421356201,32,892,585.2013984579826
8373,1.0720688104629517,32,892,585.2013984579826
8374,1.072048544883728,32,892,585.2013984579826
8375,1.0721232891082764,32,892,585.2013984579826
8376,1.0720503330230713,32,892,585.2013984579826
8377,1.0720648765563965,32,892,585.2013984579826
8378,1.0720418691635132,32,892,585.2013984579826
8379,1.0720620155334473,32,892,585.2013984579826
8380,1.0720772743225098,32,892,585.2013984579826
8381,1.0720951557159424,32,892,585.2013984579826
8382,1.0721051692962646,32,892,585.2013984579826
8383,1.0720758438110352,32,892,585.2013984579826
8384,1.0720397233963013,32,892,585.2013984579826
8385,1.0721914768218994,32,892,585.2013984579826
8386,1.0720888376235962,32,892,585.2013984579826
8387,1.0721335411071777,32,892,585.2013984579826
8388,1.0721819400787354,32,892,585.2013984579826
8389,1.072160005569458,32,892,585.2013984579826
8390,1.0721404552459717,32,892,585.2013984579826
8391,1.0721123218536377,32,892,585.2013984579826
8392,1.0721043348312378,32,892,585.2013984579826
8393,1.0722159147262573,32,892,585.2013984579826
8394,1.0722203254699707,32,892,585.2013984579826
8395,1.0722800493240356,32,892,585.2013984579826
8396,1.0722391605377197,32,892,585.2013984579826
8397,1.0722116231918335,32,892,585.2013984579826
8398,1.0721464157104492,32,892,585.2013984579826
8399,1.0721219778060913,32,892,585.2013984579826
8400,1.0721189975738525,32,892,585.2013984579826
8401,1.072126865386963,32,892,585.2013984579826
8402,1.0721359252929688,32,892,585.2013984579826
8403,1.0721240043640137,32,892,585.2013984579826
8404,1.0733004808425903,64,892,585.2013984579826
8405,1.072701334953308,64,892,585.2013984579826
8406,1.0724737644195557,64,892,585.2013984579826
8407,1.0727027654647827,64,892,585.2013984579826
8408,1.0723602771759033,64,892,585.2013984579826
8409,1.0763094425201416,64,892,585.2013984579826
8410,1.0771377086639404,64,892,585.2013984579826
8411,1.0747605562210083,64,892,585.2013984579826
8412,1.0730630159378052,64,892,585.2013984579826
8413,1.0741454362869263,64,892,585.2013984579826
8414,1.0752050876617432,64,892,585.2013984579826
8415,1.0769327878952026,64,892,585.2013984579826
8416,1.0827289819717407,64,892,585.2013984579826
8417,1.0837525129318237,64,892,585.2013984579826
8418,1.0835731029510498,64,892,585.2013984579826
8419,1.0836803913116455,64,892,585.2013984579826
8420,1.0836193561553955,64,892,585.2013984579826
8421,1.0835578441619873,64,892,585.2013984579826
8422,1.0834062099456787,64,892,585.2013984579826
8423,1.0834567546844482,64,892,585.2013984579826
8424,1.0805442333221436,64,892,585.2013984579826
8425,1.0800713300704956,64,892,585.2013984579826
8426,1.0799039602279663,64,892,585.2013984579826
8427,1.079817533493042,64,892,585.2013984579826
8428,1.080420970916748,64,892,585.2013984579826
8429,1.0796399116516113,64,892,585.2013984579826
8430,1.0795440673828125,64,892,585.2013984579826
8431,1.079300045967102,64,892,585.2013984579826
8432,1.0845708847045898,64,892,585.2013984579826
8433,1.0807496309280396,64,892,585.2013984579826
8434,1.080395221710205,64,892,585.2013984579826
8435,1.0804940462112427,64,892,585.2013984579826
8436,1.08303964138031,64,892,585.2013984579826
8437,1.0828211307525635,64,892,585.2013984579826
8438,1.0826538801193237,64,892,585.2013984579826
8439,1.0834550857543945,64,892,585.2013984579826
8440,1.0828311443328857,64,892,585.2013984579826
8441,1.0827089548110962,64,892,585.2013984579826
8442,1.0827189683914185,64,892,585.2013984579826
8443,1.0826648473739624,64,892,585.2013984579826
8444,1.081899642944336,64,892,585.2013984579826
8445,1.0811947584152222,64,892,585.2013984579826
8446,1.0811114311218262,64,892,585.2013984579826
8447,1.0811454057693481,64,892,585.2013984579826
8448,1.0810601711273193,64,892,585.2013984579826
8449,1.0796184539794922,64,892,585.2013984579826
8450,1.079379677772522,64,892,585.2013984579826
8451,1.079352855682373,64,892,585.2013984579826
8452,1.0793206691741943,64,892,585.2013984579826
8453,1.0797728300094604,64,892,585.2013984579826
8454,1.0794692039489746,64,892,585.2013984579826
8455,1.0792624950408936,64,892,585.2013984579826
8456,1.0792404413223267,64,892,585.2013984579826
8457,1.0792266130447388,64,892,585.2013984579826
8458,1.0792125463485718,64,892,585.2013984579826
8459,1.0792282819747925,64,892,585.2013984579826
8460,1.0792278051376343,64,892,585.2013984579826
8461,1.0792222023010254,64,892,585.2013984579826
8462,1.0792186260223389,64,892,585.2013984579826
8463,1.0792080163955688,64,892,585.2013984579826
8464,1.0792063474655151,64,892,585.2013984579826
8465,1.0791943073272705,64,892,585.2013984579826
8466,1.0792036056518555,64,892,585.2013984579826
8467,1.0792129039764404,64,892,585.2013984579826
8468,1.0792162418365479,64,892,585.2013984579826
8469,1.0792118310928345,64,892,585.2013984579826
8470,1.0792127847671509,64,892,585.2013984579826
8471,1.0791995525360107,64,892,585.2013984579826
8472,1.0791913270950317,64,892,585.2013984579826
8473,1.0791893005371094,64,892,585.2013984579826
8474,1.079193353652954,64,892,585.2013984579826
8475,1.0791831016540527,64,892,585.2013984579826
8476,1.0791822671890259,64,892,585.2013984579826
8477,1.079187273979187,64,892,585.2013984579826
8478,1.0791746377944946,64,892,585.2013984579826
8479,1.0791809558868408,64,892,585.2013984579826
8480,1.079190969467163,64,892,585.2013984579826
8481,1.0791856050491333,64,892,585.2013984579826
8482,1.079181432723999,64,892,585.2013984579826
8483,1.0791770219802856,64,892,585.2013984579826
8484,1.079175353050232,64,892,585.2013984579826
8485,1.0791715383529663,64,892,585.2013984579826
8486,1.0791798830032349,64,892,585.2013984579826
8487,1.079187273979187,64,892,585.2013984579826
8488,1.0791789293289185,64,892,585.2013984579826
8489,1.0791739225387573,64,892,585.2013984579826
8490,1.079169511795044,64,892,585.2013984579826
8491,1.079150676727295,64,892,585.2013984579826
8492,1.0790208578109741,64,892,585.2013984579826
8493,1.0785198211669922,64,892,585.2013984579826
8494,1.078708291053772,64,892,585.2013984579826
8495,1.0784698724746704,64,892,585.2013984579826
8496,1.0784835815429688,64,892,585.2013984579826
8497,1.078473448753357,64,892,585.2013984579826
8498,1.0784605741500854,64,892,585.2013984579826
8499,1.078467607498169,64,892,585.2013984579826
8500,1.0784683227539062,64,892,585.2013984579826
8501,1.0784733295440674,64,892,585.2013984579826
8502,1.078478217124939,64,892,585.2013984579826
8503,1.0784778594970703,64,892,585.2013984579826
8504,1.078484058380127,64,892,585.2013984579826
8505,1.0785032510757446,64,892,585.2013984579826
8506,1.078476905822754,64,892,585.2013984579826
8507,1.0784645080566406,64,892,585.2013984579826
8508,1.078464150428772,64,892,585.2013984579826
8509,1.0784659385681152,64,892,585.2013984579826
8510,1.0784718990325928,64,892,585.2013984579826
8511,1.0784703493118286,64,892,585.2013984579826
8512,1.0784597396850586,64,892,585.2013984579826
8513,1.0784674882888794,64,892,585.2013984579826
8514,1.0784705877304077,64,892,585.2013984579826
8515,1.0784599781036377,64,892,585.2013984579826
8516,1.078470230102539,64,892,585.2013984579826
8517,1.078461766242981,64,892,585.2013984579826
8518,1.0784633159637451,64,892,585.2013984579826
8519,1.0784690380096436,64,892,585.2013984579826
8520,1.0784648656845093,64,892,585.2013984579826
8521,1.078468680381775,64,892,585.2013984579826
8522,1.0784392356872559,64,892,585.2013984579826
8523,1.0783789157867432,64,892,585.2013984579826
8524,1.078257441520691,64,892,585.2013984579826
8525,1.0783014297485352,64,892,585.2013984579826
8526,1.0783967971801758,64,892,585.2013984579826
8527,1.0782687664031982,64,892,585.2013984579826
8528,1.0782413482666016,64,892,585.2013984579826
8529,1.0782511234283447,64,892,585.2013984579826
8530,1.0782939195632935,64,892,585.2013984579826
8531,1.0782819986343384,64,892,585.2013984579826
8532,1.0782442092895508,64,892,585.2013984579826
8533,1.0782431364059448,64,892,585.2013984579826
8534,1.0782387256622314,64,892,585.2013984579826
8535,1.078234314918518,64,892,585.2013984579826
8536,1.078241229057312,64,892,585.2013984579826
8537,1.078260898590088,64,892,585.2013984579826
8538,1.078261375427246,64,892,585.2013984579826
8539,1.0782550573349,64,892,585.2013984579826
8540,1.0782417058944702,64,892,585.2013984579826
8541,1.0782430171966553,64,892,585.2013984579826
8542,1.0782438516616821,64,892,585.2013984579826
8543,1.0782318115234375,64,892,585.2013984579826
8544,1.0782326459884644,64,892,585.2013984579826
8545,1.078230381011963,64,892,585.2013984579826
8546,1.078231930732727,64,892,585.2013984579826
8547,1.0782411098480225,64,892,585.2013984579826
8548,1.0782414674758911,64,892,585.2013984579826
8549,1.0782321691513062,64,892,585.2013984579826
8550,1.0782415866851807,64,892,585.2013984579826
8551,1.0782326459884644,64,892,585.2013984579826
8552,1.078234314918518,64,892,585.2013984579826
8553,1.0782420635223389,64,892,585.2013984579826
8554,1.078233242034912,64,892,585.2013984579826
8555,1.078226089477539,64,892,585.2013984579826
8556,1.0782346725463867,64,892,585.2013984579826
8557,1.078232765197754,64,892,585.2013984579826
8558,1.0782355070114136,64,892,585.2013984579826
8559,1.0782266855239868,64,892,585.2013984579826
8560,1.0782325267791748,64,892,585.2013984579826
8561,1.0782307386398315,64,892,585.2013984579826
8562,1.0782268047332764,64,892,585.2013984579826
8563,1.0782400369644165,64,892,585.2013984579826
8564,1.0782393217086792,64,892,585.2013984579826
8565,1.0782381296157837,64,892,585.2013984579826
8566,1.078230857849121,64,892,585.2013984579826
8567,1.0782277584075928,64,892,585.2013984579826
8568,1.078238844871521,64,892,585.2013984579826
8569,1.0782361030578613,64,892,585.2013984579826
8570,1.0782393217086792,64,892,585.2013984579826
8571,1.0782338380813599,64,892,585.2013984579826
8572,1.0782259702682495,64,892,585.2013984579826
8573,1.078231692314148,64,892,585.2013984579826
8574,1.0782279968261719,64,892,585.2013984579826
8575,1.078237771987915,64,892,585.2013984579826
8576,1.078226089477539,64,892,585.2013984579826
8577,1.0782277584075928,64,892,585.2013984579826
8578,1.0782277584075928,64,892,585.2013984579826
8579,1.0782334804534912,64,892,585.2013984579826
8580,1.0782408714294434,64,892,585.2013984579826
8581,1.0782294273376465,64,892,585.2013984579826
8582,1.0782256126403809,64,892,585.2013984579826
8583,1.0782380104064941,64,892,585.2013984579826
8584,1.0782239437103271,64,892,585.2013984579826
8585,1.0782338380813599,64,892,585.2013984579826
8586,1.0782281160354614,64,892,585.2013984579826
8587,1.0782365798950195,64,892,585.2013984579826
8588,1.078234314918518,64,892,585.2013984579826
8589,1.0782285928726196,64,892,585.2013984579826
8590,1.0782264471054077,64,892,585.2013984579826
8591,1.0782289505004883,64,892,585.2013984579826
8592,1.0782288312911987,64,892,585.2013984579826
8593,1.0782362222671509,64,892,585.2013984579826
8594,1.0782421827316284,64,892,585.2013984579826
8595,1.0782289505004883,64,892,585.2013984579826
8596,1.0782325267791748,64,892,585.2013984579826
8597,1.0782294273376465,64,892,585.2013984579826
8598,1.0782235860824585,64,892,585.2013984579826
8599,1.0782268047332764,64,892,585.2013984579826
8600,1.0782198905944824,64,892,585.2013984579826
8601,1.078236699104309,64,892,585.2013984579826
8602,1.0782302618026733,64,892,585.2013984579826
8603,1.078230381011963,64,892,585.2013984579826
8604,1.0782349109649658,64,892,585.2013984579826
8605,1.0782263278961182,64,892,585.2013984579826
8606,1.078216314315796,64,892,585.2013984579826
8607,1.0782197713851929,64,892,585.2013984579826
8608,1.0782203674316406,64,892,585.2013984579826
8609,1.0782110691070557,64,892,585.2013984579826
8610,1.0782207250595093,64,892,585.2013984579826
8611,1.0782201290130615,64,892,585.2013984579826
8612,1.0782111883163452,64,892,585.2013984579826
8613,1.0782126188278198,64,892,585.2013984579826
8614,1.0781936645507812,64,892,585.2013984579826
8615,1.0781776905059814,64,892,585.2013984579826
8616,1.0781149864196777,64,892,585.2013984579826
8617,1.0780696868896484,64,892,585.2013984579826
8618,1.0780773162841797,64,892,585.2013984579826
8619,1.0780824422836304,64,892,585.2013984579826
8620,1.0780839920043945,64,892,585.2013984579826
8621,1.0780823230743408,64,892,585.2013984579826
8622,1.0780593156814575,64,892,585.2013984579826
8623,1.0780595541000366,64,892,585.2013984579826
8624,1.0780786275863647,64,892,585.2013984579826
8625,1.0780779123306274,64,892,585.2013984579826
8626,1.0780807733535767,64,892,585.2013984579826
8627,1.0780794620513916,64,892,585.2013984579826
8628,1.078060507774353,64,892,585.2013984579826
8629,1.0780493021011353,64,892,585.2013984579826
8630,1.0780521631240845,64,892,585.2013984579826
8631,1.0780632495880127,64,892,585.2013984579826
8632,1.078060507774353,64,892,585.2013984579826
8633,1.0780599117279053,64,892,585.2013984579826
8634,1.07805597782135,64,892,585.2013984579826
8635,1.0780537128448486,64,892,585.2013984579826
8636,1.0780389308929443,64,892,585.2013984579826
8637,1.0780295133590698,64,892,585.2013984579826
8638,1.0780367851257324,64,892,585.2013984579826
8639,1.0780293941497803,64,892,585.2013984579826
8640,1.0780470371246338,64,892,585.2013984579826
8641,1.0780415534973145,64,892,585.2013984579826
8642,1.078048586845398,64,892,585.2013984579826
8643,1.0780324935913086,64,892,585.2013984579826
8644,1.0780222415924072,64,892,585.2013984579826
8645,1.0780328512191772,64,892,585.2013984579826
8646,1.0780243873596191,64,892,585.2013984579826
8647,1.0780351161956787,64,892,585.2013984579826
8648,1.0780285596847534,64,892,585.2013984579826
8649,1.0780272483825684,64,892,585.2013984579826
8650,1.0780155658721924,64,892,585.2013984579826
8651,1.0780115127563477,64,892,585.2013984579826
8652,1.0779999494552612,64,892,585.2013984579826
8653,1.0779615640640259,64,892,585.2013984579826
8654,1.0779176950454712,64,892,585.2013984579826
8655,1.0778917074203491,64,892,585.2013984579826
8656,1.0778987407684326,64,892,585.2013984579826
8657,1.0778992176055908,64,892,585.2013984579826
8658,1.0778805017471313,64,892,585.2013984579826
8659,1.0778249502182007,64,892,585.2013984579826
8660,1.077652931213379,64,892,585.2013984579826
8661,1.0778440237045288,64,892,585.2013984579826
8662,1.0776841640472412,64,892,585.2013984579826
8663,1.079046607017517,64,892,585.2013984579826
8664,1.077863335609436,64,892,585.2013984579826
8665,1.0779333114624023,64,892,585.2013984579826
8666,1.0839264392852783,64,892,585.2013984579826
8667,1.0779166221618652,64,892,585.2013984579826
8668,1.078484058380127,64,892,585.2013984579826
8669,1.085194706916809,64,892,585.2013984579826
8670,1.0862194299697876,64,892,585.2013984579826
8671,1.0863288640975952,64,892,585.2013984579826
8672,1.0867873430252075,64,892,585.2013984579826
8673,1.0870635509490967,64,892,585.2013984579826
8674,1.0873003005981445,64,892,585.2013984579826
8675,1.087347388267517,64,892,585.2013984579826
8676,1.0872843265533447,64,892,585.2013984579826
8677,1.086490511894226,64,892,585.2013984579826
8678,1.0866996049880981,64,892,585.2013984579826
8679,1.0863919258117676,64,892,585.2013984579826
8680,1.0861389636993408,64,892,585.2013984579826
8681,1.0854333639144897,64,892,585.2013984579826
8682,1.0855388641357422,64,892,585.2013984579826
8683,1.0853511095046997,64,892,585.2013984579826
8684,1.0852997303009033,64,892,585.2013984579826
8685,1.084830403327942,64,892,585.2013984579826
8686,1.0845019817352295,64,892,585.2013984579826
8687,1.0848727226257324,64,892,585.2013984579826
8688,1.0850142240524292,64,892,585.2013984579826
8689,1.0849615335464478,64,892,585.2013984579826
8690,1.084862232208252,64,892,585.2013984579826
8691,1.0848388671875,64,892,585.2013984579826
8692,1.0848698616027832,64,892,585.2013984579826
8693,1.084879755973816,64,892,585.2013984579826
8694,1.0848438739776611,64,892,585.2013984579826
8695,1.0848195552825928,64,892,585.2013984579826
8696,1.0848103761672974,64,892,585.2013984579826
8697,1.0848075151443481,64,892,585.2013984579826
8698,1.0848169326782227,64,892,585.2013984579826
8699,1.0848153829574585,64,892,585.2013984579826
8700,1.0848010778427124,64,892,585.2013984579826
8701,1.0847835540771484,64,892,585.2013984579826
8702,1.084778904914856,64,892,585.2013984579826
8703,1.0847907066345215,64,892,585.2013984579826
8704,1.0847898721694946,64,892,585.2013984579826
8705,1.0847948789596558,64,892,585.2013984579826
8706,1.0848032236099243,64,892,585.2013984579826
8707,1.0847856998443604,64,892,585.2013984579826
8708,1.0847822427749634,64,892,585.2013984579826
8709,1.0847779512405396,64,892,585.2013984579826
8710,1.0847842693328857,64,892,585.2013984579826
8711,1.0847666263580322,64,892,585.2013984579826
8712,1.084755301475525,64,892,585.2013984579826
8713,1.0846893787384033,64,892,585.2013984579826
8714,1.0842825174331665,64,892,585.2013984579826
8715,1.0841608047485352,64,892,585.2013984579826
8716,1.084132194519043,64,892,585.2013984579826
8717,1.0826916694641113,64,892,585.2013984579826
8718,1.0821360349655151,64,892,585.2013984579826
8719,1.0831239223480225,64,892,585.2013984579826
8720,1.0826233625411987,64,892,585.2013984579826
8721,1.0828614234924316,64,892,585.2013984579826
8722,1.0827124118804932,64,892,585.2013984579826
8723,1.0825262069702148,64,892,585.2013984579826
8724,1.082181453704834,64,892,585.2013984579826
8725,1.0821340084075928,64,892,585.2013984579826
8726,1.0821142196655273,64,892,585.2013984579826
8727,1.0820990800857544,64,892,585.2013984579826
8728,1.0820969343185425,64,892,585.2013984579826
8729,1.0820869207382202,64,892,585.2013984579826
8730,1.0820598602294922,64,892,585.2013984579826
8731,1.0820107460021973,64,892,585.2013984579826
8732,1.0819777250289917,64,892,585.2013984579826
8733,1.0819709300994873,64,892,585.2013984579826
8734,1.0819501876831055,64,892,585.2013984579826
8735,1.081936240196228,64,892,585.2013984579826
8736,1.0819206237792969,64,892,585.2013984579826
8737,1.0819121599197388,64,892,585.2013984579826
8738,1.0819079875946045,64,892,585.2013984579826
8739,1.0819035768508911,64,892,585.2013984579826
8740,1.0818860530853271,64,892,585.2013984579826
8741,1.0818930864334106,64,892,585.2013984579826
8742,1.081878423690796,64,892,585.2013984579826
8743,1.0818979740142822,64,892,585.2013984579826
8744,1.0818901062011719,64,892,585.2013984579826
8745,1.081881046295166,64,892,585.2013984579826
8746,1.0818785429000854,64,892,585.2013984579826
8747,1.0818849802017212,64,892,585.2013984579826
8748,1.0818603038787842,64,892,585.2013984579826
8749,1.0818378925323486,64,892,585.2013984579826
8750,1.081795334815979,64,892,585.2013984579826
8751,1.081748604774475,64,892,585.2013984579826
8752,1.0816932916641235,64,892,585.2013984579826
8753,1.0816609859466553,64,892,585.2013984579826
8754,1.081661581993103,64,892,585.2013984579826
8755,1.08167564868927,64,892,585.2013984579826
8756,1.081682801246643,64,892,585.2013984579826
8757,1.0816888809204102,64,892,585.2013984579826
8758,1.0816774368286133,64,892,585.2013984579826
8759,1.0816701650619507,64,892,585.2013984579826
8760,1.081679344177246,64,892,585.2013984579826
8761,1.0816802978515625,64,892,585.2013984579826
8762,1.0816742181777954,64,892,585.2013984579826
8763,1.0816535949707031,64,892,585.2013984579826
8764,1.0816481113433838,64,892,585.2013984579826
8765,1.0816576480865479,64,892,585.2013984579826
8766,1.0816473960876465,64,892,585.2013984579826
8767,1.0816640853881836,64,892,585.2013984579826
8768,1.0816384553909302,64,892,585.2013984579826
8769,1.081636667251587,64,892,585.2013984579826
8770,1.0816267728805542,64,892,585.2013984579826
8771,1.0816240310668945,64,892,585.2013984579826
8772,1.0816242694854736,64,892,585.2013984579826
8773,1.0816224813461304,64,892,585.2013984579826
8774,1.0816117525100708,64,892,585.2013984579826
8775,1.0816080570220947,64,892,585.2013984579826
8776,1.081613540649414,64,892,585.2013984579826
8777,1.081601858139038,64,892,585.2013984579826
8778,1.0816030502319336,64,892,585.2013984579826
8779,1.0815989971160889,64,892,585.2013984579826
8780,1.0815988779067993,64,892,585.2013984579826
8781,1.0815976858139038,64,892,585.2013984579826
8782,1.0815975666046143,64,892,585.2013984579826
8783,1.0815943479537964,64,892,585.2013984579826
8784,1.0815898180007935,64,892,585.2013984579826
8785,1.08159601688385,64,892,585.2013984579826
8786,1.0815935134887695,64,892,585.2013984579826
8787,1.0816012620925903,64,892,585.2013984579826
8788,1.081591248512268,64,892,585.2013984579826
8789,1.0815789699554443,64,892,585.2013984579826
8790,1.0815834999084473,64,892,585.2013984579826
8791,1.081583023071289,64,892,585.2013984579826
8792,1.0815802812576294,64,892,585.2013984579826
8793,1.0815860033035278,64,892,585.2013984579826
8794,1.0815792083740234,64,892,585.2013984579826
8795,1.0815867185592651,64,892,585.2013984579826
8796,1.0815677642822266,64,892,585.2013984579826
8797,1.081575632095337,64,892,585.2013984579826
8798,1.0815669298171997,64,892,585.2013984579826
8799,1.0815855264663696,64,892,585.2013984579826
8800,1.0815763473510742,64,892,585.2013984579826
8801,1.0815749168395996,64,892,585.2013984579826
8802,1.08157479763031,64,892,585.2013984579826
8803,1.0815743207931519,64,892,585.2013984579826
8804,1.0815751552581787,64,892,585.2013984579826
8805,1.0815778970718384,64,892,585.2013984579826
8806,1.081559181213379,64,892,585.2013984579826
8807,1.0815660953521729,64,892,585.2013984579826
8808,1.081575632095337,64,892,585.2013984579826
8809,1.081568956375122,64,892,585.2013984579826
8810,1.08156418800354,64,892,585.2013984579826
8811,1.0815608501434326,64,892,585.2013984579826
8812,1.081554651260376,64,892,585.2013984579826
8813,1.0815587043762207,64,892,585.2013984579826
8814,1.0815623998641968,64,892,585.2013984579826
8815,1.0815635919570923,64,892,585.2013984579826
8816,1.0815637111663818,64,892,585.2013984579826
8817,1.0815603733062744,64,892,585.2013984579826
8818,1.0815509557724,64,892,585.2013984579826
8819,1.081552505493164,64,892,585.2013984579826
8820,1.081566333770752,64,892,585.2013984579826
8821,1.0815693140029907,64,892,585.2013984579826
8822,1.0815517902374268,64,892,585.2013984579826
8823,1.081555724143982,64,892,585.2013984579826
8824,1.0815528631210327,64,892,585.2013984579826
8825,1.0815610885620117,64,892,585.2013984579826
8826,1.081566572189331,64,892,585.2013984579826
8827,1.0815651416778564,64,892,585.2013984579826
8828,1.0815610885620117,64,892,585.2013984579826
8829,1.0815633535385132,64,892,585.2013984579826
8830,1.0815571546554565,64,892,585.2013984579826
8831,1.0815571546554565,64,892,585.2013984579826
8832,1.0815532207489014,64,892,585.2013984579826
8833,1.0815609693527222,64,892,585.2013984579826
8834,1.0815590620040894,64,892,585.2013984579826
8835,1.0815496444702148,64,892,585.2013984579826
8836,1.081559658050537,64,892,585.2013984579826
8837,1.081565022468567,64,892,585.2013984579826
8838,1.081557035446167,64,892,585.2013984579826
8839,1.0815582275390625,64,892,585.2013984579826
8840,1.0815590620040894,64,892,585.2013984579826
8841,1.0815540552139282,64,892,585.2013984579826
8842,1.0815526247024536,64,892,585.2013984579826
8843,1.0815610885620117,64,892,585.2013984579826
8844,1.081554889678955,64,892,585.2013984579826
8845,1.081565499305725,64,892,585.2013984579826
8846,1.0815545320510864,64,892,585.2013984579826
8847,1.0815579891204834,64,892,585.2013984579826
8848,1.0815563201904297,64,892,585.2013984579826
8849,1.0815585851669312,64,892,585.2013984579826
8850,1.0815541744232178,64,892,585.2013984579826
8851,1.081562876701355,64,892,585.2013984579826
8852,1.0815461874008179,64,892,585.2013984579826
8853,1.0815517902374268,64,892,585.2013984579826
8854,1.0815423727035522,64,892,585.2013984579826
8855,1.081555724143982,64,892,585.2013984579826
8856,1.0815590620040894,64,892,585.2013984579826
8857,1.0815684795379639,64,892,585.2013984579826
8858,1.0815573930740356,64,892,585.2013984579826
8859,1.081551194190979,64,892,585.2013984579826
8860,1.0815575122833252,64,892,585.2013984579826
8861,1.0815536975860596,64,892,585.2013984579826
8862,1.0815558433532715,64,892,585.2013984579826
8863,1.0815503597259521,64,892,585.2013984579826
8864,1.0815428495407104,64,892,585.2013984579826
8865,1.0815566778182983,64,892,585.2013984579826
8866,1.0815471410751343,64,892,585.2013984579826
8867,1.0815536975860596,64,892,585.2013984579826
8868,1.0815428495407104,64,892,585.2013984579826
8869,1.0815430879592896,64,892,585.2013984579826
8870,1.0815566778182983,64,892,585.2013984579826
8871,1.0815478563308716,64,892,585.2013984579826
8872,1.0815494060516357,64,892,585.2013984579826
8873,1.0815623998641968,64,892,585.2013984579826
8874,1.0815374851226807,64,892,585.2013984579826
8875,1.0815483331680298,64,892,585.2013984579826
8876,1.0815441608428955,64,892,585.2013984579826
8877,1.0815528631210327,64,892,585.2013984579826
8878,1.0815496444702148,64,892,585.2013984579826
8879,1.081545352935791,64,892,585.2013984579826
8880,1.0815412998199463,64,892,585.2013984579826
8881,1.0815507173538208,64,892,585.2013984579826
8882,1.0815505981445312,64,892,585.2013984579826
8883,1.0815485715866089,64,892,585.2013984579826
8884,1.0815469026565552,64,892,585.2013984579826
8885,1.0815478563308716,64,892,585.2013984579826
8886,1.081544280052185,64,892,585.2013984579826
8887,1.0815441608428955,64,892,585.2013984579826
8888,1.0815494060516357,64,892,585.2013984579826
8889,1.0815411806106567,64,892,585.2013984579826
8890,1.0815497636795044,64,892,585.2013984579826
8891,1.0815293788909912,64,892,585.2013984579826
8892,1.0815483331680298,64,892,585.2013984579826
8893,1.081546425819397,64,892,585.2013984579826
8894,1.0815448760986328,64,892,585.2013984579826
8895,1.0815540552139282,64,892,585.2013984579826
8896,1.0815495252609253,64,892,585.2013984579826
8897,1.0815473794937134,64,892,585.2013984579826
8898,1.0815553665161133,64,892,585.2013984579826
8899,1.0815579891204834,64,892,585.2013984579826
8900,1.0815317630767822,64,892,585.2013984579826
8901,1.0815447568893433,64,892,585.2013984579826
8902,1.0815472602844238,64,892,585.2013984579826
8903,1.0815553665161133,64,892,585.2013984579826
8904,1.081545352935791,64,892,585.2013984579826
8905,1.0815424919128418,64,892,585.2013984579826
8906,1.081549882888794,64,892,585.2013984579826
8907,1.0815458297729492,64,892,585.2013984579826
8908,1.0815380811691284,64,892,585.2013984579826
8909,1.0815436840057373,64,892,585.2013984579826
8910,1.081545352935791,64,892,585.2013984579826
8911,1.0815562009811401,64,892,585.2013984579826
8912,1.0815367698669434,64,892,585.2013984579826
8913,1.081540584564209,64,892,585.2013984579826
8914,1.0815433263778687,64,892,585.2013984579826
8915,1.0815428495407104,64,892,585.2013984579826
8916,1.081540822982788,64,892,585.2013984579826
8917,1.0815359354019165,64,892,585.2013984579826
8918,1.0815428495407104,64,892,585.2013984579826
8919,1.0815433263778687,64,892,585.2013984579826
8920,1.081550121307373,64,892,585.2013984579826
8921,1.0815396308898926,64,892,585.2013984579826
8922,1.0815455913543701,64,892,585.2013984579826
8923,1.081545352935791,64,892,585.2013984579826
8924,1.0815484523773193,64,892,585.2013984579826
8925,1.0815412998199463,64,892,585.2013984579826
8926,1.0815320014953613,64,892,585.2013984579826
8927,1.0815377235412598,64,892,585.2013984579826
8928,1.081535816192627,64,892,585.2013984579826
8929,1.0815349817276,64,892,585.2013984579826
8930,1.0815434455871582,64,892,585.2013984579826
8931,1.0815393924713135,64,892,585.2013984579826
8932,1.0815516710281372,64,892,585.2013984579826
8933,1.0815443992614746,64,892,585.2013984579826
8934,1.0815613269805908,64,892,585.2013984579826
8935,1.0815469026565552,64,892,585.2013984579826
8936,1.0815448760986328,64,892,585.2013984579826
8937,1.0815377235412598,64,892,585.2013984579826
8938,1.0815404653549194,64,892,585.2013984579826
8939,1.0815354585647583,64,892,585.2013984579826
8940,1.081539273262024,64,892,585.2013984579826
8941,1.081537127494812,64,892,585.2013984579826
8942,1.081547737121582,64,892,585.2013984579826
8943,1.0815366506576538,64,892,585.2013984579826
8944,1.0815483331680298,64,892,585.2013984579826
8945,1.081541895866394,64,892,585.2013984579826
8946,1.081542730331421,64,892,585.2013984579826
8947,1.0815349817276,64,892,585.2013984579826
8948,1.0815434455871582,64,892,585.2013984579826
8949,1.0815337896347046,64,892,585.2013984579826
8950,1.0815412998199463,64,892,585.2013984579826
8951,1.0815351009368896,64,892,585.2013984579826
8952,1.0815470218658447,64,892,585.2013984579826
8953,1.081547498703003,64,892,585.2013984579826
8954,1.0815324783325195,64,892,585.2013984579826
8955,1.0815391540527344,64,892,585.2013984579826
8956,1.081546664237976,64,892,585.2013984579826
8957,1.0815494060516357,64,892,585.2013984579826
8958,1.0815379619598389,64,892,585.2013984579826
8959,1.081545352935791,64,892,585.2013984579826
8960,1.0815386772155762,64,892,585.2013984579826
8961,1.0815482139587402,64,892,585.2013984579826
8962,1.081540822982788,64,892,585.2013984579826
8963,1.081545352935791,64,892,585.2013984579826
8964,1.0815356969833374,64,892,585.2013984579826
8965,1.0815346240997314,64,892,585.2013984579826
8966,1.0815387964248657,64,892,585.2013984579826
8967,1.0815410614013672,64,892,585.2013984579826
8968,1.0815329551696777,64,892,585.2013984579826
8969,1.0815374851226807,64,892,585.2013984579826
8970,1.081538438796997,64,892,585.2013984579826
8971,1.0815479755401611,64,892,585.2013984579826
8972,1.0815544128417969,64,892,585.2013984579826
8973,1.0815335512161255,64,892,585.2013984579826
8974,1.081540584564209,64,892,585.2013984579826
8975,1.0815333127975464,64,892,585.2013984579826
8976,1.0815349817276,64,892,585.2013984579826
8977,1.0815352201461792,64,892,585.2013984579826
8978,1.081536054611206,64,892,585.2013984579826
8979,1.0815438032150269,64,892,585.2013984579826
8980,1.0815362930297852,64,892,585.2013984579826
8981,1.081549048423767,64,892,585.2013984579826
8982,1.0815424919128418,64,892,585.2013984579826
8983,1.081536054611206,64,892,585.2013984579826
8984,1.0815458297729492,64,892,585.2013984579826
8985,1.081538200378418,64,892,585.2013984579826
8986,1.0815436840057373,64,892,585.2013984579826
8987,1.0815351009368896,64,892,585.2013984579826
8988,1.0815316438674927,64,892,585.2013984579826
8989,1.081537127494812,64,892,585.2013984579826
8990,1.0815379619598389,64,892,585.2013984579826
8991,1.0815259218215942,64,892,585.2013984579826
8992,1.0815409421920776,64,892,585.2013984579826
8993,1.0815380811691284,64,892,585.2013984579826
8994,1.0815290212631226,64,892,585.2013984579826
8995,1.0815410614013672,64,892,585.2013984579826
8996,1.0815459489822388,64,892,585.2013984579826
8997,1.0815391540527344,64,892,585.2013984579826
8998,1.0815341472625732,64,892,585.2013984579826
8999,1.0815355777740479,64,892,585.2013984579826
9000,1.0815316438674927,64,892,585.2013984579826
9001,1.0815412998199463,64,892,585.2013984579826
9002,1.0815329551696777,64,892,585.2013984579826
9003,1.0815279483795166,64,892,585.2013984579826
9004,1.0815294981002808,64,892,585.2013984579826
9005,1.0815277099609375,64,892,585.2013984579826
9006,1.0815461874008179,64,892,585.2013984579826
9007,1.0815352201461792,64,892,585.2013984579826
9008,1.0815324783325195,64,892,585.2013984579826
9009,1.0815316438674927,64,892,585.2013984579826
9010,1.0815337896347046,64,892,585.2013984579826
9011,1.0815420150756836,64,892,585.2013984579826
9012,1.081539273262024,64,892,585.2013984579826
9013,1.0815349817276,64,892,585.2013984579826
9014,1.0815411806106567,64,892,585.2013984579826
9015,1.081537127494812,64,892,585.2013984579826
9016,1.0815414190292358,64,892,585.2013984579826
9017,1.0815366506576538,64,892,585.2013984579826
9018,1.081541657447815,64,892,585.2013984579826
9019,1.0815446376800537,64,892,585.2013984579826
9020,1.0815314054489136,64,892,585.2013984579826
9021,1.0815424919128418,64,892,585.2013984579826
9022,1.0815387964248657,64,892,585.2013984579826
9023,1.081526756286621,64,892,585.2013984579826
9024,1.0815315246582031,64,892,585.2013984579826
9025,1.0815421342849731,64,892,585.2013984579826
9026,1.0815330743789673,64,892,585.2013984579826
9027,1.0815298557281494,64,892,585.2013984579826
9028,1.0815317630767822,64,892,585.2013984579826
9029,1.081541895866394,64,892,585.2013984579826
9030,1.081539273262024,64,892,585.2013984579826
9031,1.0815463066101074,64,892,585.2013984579826
9032,1.0815272331237793,64,892,585.2013984579826
9033,1.0815422534942627,64,892,585.2013984579826
9034,1.0815378427505493,64,892,585.2013984579826
9035,1.0815322399139404,64,892,585.2013984579826
9036,1.0815324783325195,64,892,585.2013984579826
9037,1.0815396308898926,64,892,585.2013984579826
9038,1.0815321207046509,64,892,585.2013984579826
9039,1.0815324783325195,64,892,585.2013984579826
9040,1.0815385580062866,64,892,585.2013984579826
9041,1.0815353393554688,64,892,585.2013984579826
9042,1.0815324783325195,64,892,585.2013984579826
9043,1.0815296173095703,64,892,585.2013984579826
9044,1.0815355777740479,64,892,585.2013984579826
9045,1.0815340280532837,64,892,585.2013984579826
9046,1.081526756286621,64,892,585.2013984579826
9047,1.0815300941467285,64,892,585.2013984579826
9048,1.0815354585647583,64,892,585.2013984579826
9049,1.0815284252166748,64,892,585.2013984579826
9050,1.0815309286117554,64,892,585.2013984579826
9051,1.0815331935882568,64,892,585.2013984579826
9052,1.0815229415893555,64,892,585.2013984579826
9053,1.0815198421478271,64,892,585.2013984579826
9054,1.081498384475708,64,892,585.2013984579826
9055,1.081398367881775,64,892,585.2013984579826
9056,1.0812960863113403,64,892,585.2013984579826
9057,1.0813031196594238,64,892,585.2013984579826
9058,1.081312656402588,64,892,585.2013984579826
9059,1.0813050270080566,64,892,585.2013984579826
9060,1.081320881843567,64,892,585.2013984579826
9061,1.0813349485397339,64,892,585.2013984579826
9062,1.0813387632369995,64,892,585.2013984579826
9063,1.0813219547271729,64,892,585.2013984579826
9064,1.0813242197036743,64,892,585.2013984579826
9065,1.0812993049621582,64,892,585.2013984579826
9066,1.081292986869812,64,892,585.2013984579826
9067,1.081287145614624,64,892,585.2013984579826
9068,1.0812945365905762,64,892,585.2013984579826
9069,1.0813008546829224,64,892,585.2013984579826
9070,1.0813140869140625,64,892,585.2013984579826
9071,1.08128821849823,64,892,585.2013984579826
9072,1.0812920331954956,64,892,585.2013984579826
9073,1.0812958478927612,64,892,585.2013984579826
9074,1.0812819004058838,64,892,585.2013984579826
9075,1.0812959671020508,64,892,585.2013984579826
9076,1.0812971591949463,64,892,585.2013984579826
9077,1.0813008546829224,64,892,585.2013984579826
9078,1.0812945365905762,64,892,585.2013984579826
9079,1.0812933444976807,64,892,585.2013984579826
9080,1.0812993049621582,64,892,585.2013984579826
9081,1.0812935829162598,64,892,585.2013984579826
9082,1.081288456916809,64,892,585.2013984579826
9083,1.0813002586364746,64,892,585.2013984579826
9084,1.0812894105911255,64,892,585.2013984579826
9085,1.081294298171997,64,892,585.2013984579826
9086,1.0813010931015015,64,892,585.2013984579826
9087,1.0812969207763672,64,892,585.2013984579826
9088,1.081297755241394,64,892,585.2013984579826
9089,1.0812877416610718,64,892,585.2013984579826
9090,1.0812971591949463,64,892,585.2013984579826
9091,1.0812917947769165,64,892,585.2013984579826
9092,1.0812815427780151,64,892,585.2013984579826
9093,1.081297516822815,64,892,585.2013984579826
9094,1.0812804698944092,64,892,585.2013984579826
9095,1.0812855958938599,64,892,585.2013984579826
9096,1.08128821849823,64,892,585.2013984579826
9097,1.0812857151031494,64,892,585.2013984579826
9098,1.0812982320785522,64,892,585.2013984579826
9099,1.081292986869812,64,892,585.2013984579826
9100,1.081286907196045,64,892,585.2013984579826
9101,1.081291913986206,64,892,585.2013984579826
9102,1.0812880992889404,64,892,585.2013984579826
9103,1.0813030004501343,64,892,585.2013984579826
9104,1.0812885761260986,64,892,585.2013984579826
9105,1.0812915563583374,64,892,585.2013984579826
9106,1.0812923908233643,64,892,585.2013984579826
9107,1.0813006162643433,64,892,585.2013984579826
9108,1.0812878608703613,64,892,585.2013984579826
9109,1.0812911987304688,64,892,585.2013984579826
9110,1.081289291381836,64,892,585.2013984579826
9111,1.0812926292419434,64,892,585.2013984579826
9112,1.0812838077545166,64,892,585.2013984579826
9113,1.0812889337539673,64,892,585.2013984579826
9114,1.0812885761260986,64,892,585.2013984579826
9115,1.0812900066375732,64,892,585.2013984579826
9116,1.0812979936599731,64,892,585.2013984579826
9117,1.0812842845916748,64,892,585.2013984579826
9118,1.0812944173812866,64,892,585.2013984579826
9119,1.08128023147583,64,892,585.2013984579826
9120,1.081292748451233,64,892,585.2013984579826
9121,1.0812914371490479,64,892,585.2013984579826
9122,1.0812889337539673,64,892,585.2013984579826
9123,1.0813018083572388,64,892,585.2013984579826
9124,1.0812923908233643,64,892,585.2013984579826
9125,1.081290364265442,64,892,585.2013984579826
9126,1.0812883377075195,64,892,585.2013984579826
9127,1.0812864303588867,64,892,585.2013984579826
9128,1.0812960863113403,64,892,585.2013984579826
9129,1.081289291381836,64,892,585.2013984579826
9130,1.0812835693359375,64,892,585.2013984579826
9131,1.0812840461730957,64,892,585.2013984579826
9132,1.08128821849823,64,892,585.2013984579826
9133,1.0812937021255493,64,892,585.2013984579826
9134,1.0812791585922241,64,892,585.2013984579826
9135,1.08128821849823,64,892,585.2013984579826
9136,1.0812852382659912,64,892,585.2013984579826
9137,1.0812959671020508,64,892,585.2013984579826
9138,1.081277847290039,64,892,585.2013984579826
9139,1.0812877416610718,64,892,585.2013984579826
9140,1.0812734365463257,64,892,585.2013984579826
9141,1.0812852382659912,64,892,585.2013984579826
9142,1.0812804698944092,64,892,585.2013984579826
9143,1.081294298171997,64,892,585.2013984579826
9144,1.0812976360321045,64,892,585.2013984579826
9145,1.0812937021255493,64,892,585.2013984579826
9146,1.081299066543579,64,892,585.2013984579826
9147,1.0812894105911255,64,892,585.2013984579826
9148,1.0812945365905762,64,892,585.2013984579826
9149,1.0812944173812866,64,892,585.2013984579826
9150,1.0812827348709106,64,892,585.2013984579826
9151,1.0812791585922241,64,892,585.2013984579826
9152,1.0812772512435913,64,892,585.2013984579826
9153,1.0812913179397583,64,892,585.2013984579826
9154,1.0812890529632568,64,892,585.2013984579826
9155,1.0812931060791016,64,892,585.2013984579826
9156,1.0812944173812866,64,892,585.2013984579826
9157,1.0812913179397583,64,892,585.2013984579826
9158,1.0812828540802002,64,892,585.2013984579826
9159,1.0812827348709106,64,892,585.2013984579826
9160,1.081287145614624,64,892,585.2013984579826
9161,1.0812698602676392,64,892,585.2013984579826
9162,1.0812839269638062,64,892,585.2013984579826
9163,1.0812897682189941,64,892,585.2013984579826
9164,1.0812835693359375,64,892,585.2013984579826
9165,1.0812897682189941,64,892,585.2013984579826
9166,1.0812877416610718,64,892,585.2013984579826
9167,1.081282377243042,64,892,585.2013984579826
9168,1.0812879800796509,64,892,585.2013984579826
9169,1.0812913179397583,64,892,585.2013984579826
9170,1.0812876224517822,64,892,585.2013984579826
9171,1.0812947750091553,64,892,585.2013984579826
9172,1.081278681755066,64,892,585.2013984579826
9173,1.0812859535217285,64,892,585.2013984579826
9174,1.081289529800415,64,892,585.2013984579826
9175,1.0812972784042358,64,892,585.2013984579826
9176,1.081291913986206,64,892,585.2013984579826
9177,1.081285834312439,64,892,585.2013984579826
9178,1.0812819004058838,64,892,585.2013984579826
9179,1.08128023147583,64,892,585.2013984579826
9180,1.0812873840332031,64,892,585.2013984579826
9181,1.0812807083129883,64,892,585.2013984579826
9182,1.0812852382659912,64,892,585.2013984579826
9183,1.0812902450561523,64,892,585.2013984579826
9184,1.081286072731018,64,892,585.2013984579826
9185,1.081283688545227,64,892,585.2013984579826
9186,1.0812891721725464,64,892,585.2013984579826
9187,1.0812859535217285,64,892,585.2013984579826
9188,1.0812857151031494,64,892,585.2013984579826
9189,1.081286907196045,64,892,585.2013984579826
9190,1.0812885761260986,64,892,585.2013984579826
9191,1.0812877416610718,64,892,585.2013984579826
9192,1.081276774406433,64,892,585.2013984579826
9193,1.0812641382217407,64,892,585.2013984579826
9194,1.0812944173812866,64,892,585.2013984579826
9195,1.0812870264053345,64,892,585.2013984579826
9196,1.0812876224517822,64,892,585.2013984579826
9197,1.0812894105911255,64,892,585.2013984579826
9198,1.0812801122665405,64,892,585.2013984579826
9199,1.0812811851501465,64,892,585.2013984579826
9200,1.0812798738479614,64,892,585.2013984579826
9201,1.081278920173645,64,892,585.2013984579826
9202,1.081295132637024,64,892,585.2013984579826
9203,1.0812865495681763,64,892,585.2013984579826
9204,1.081283450126648,64,892,585.2013984579826
9205,1.0812854766845703,64,892,585.2013984579826
9206,1.081282377243042,64,892,585.2013984579826
9207,1.0812917947769165,64,892,585.2013984579826
9208,1.0812853574752808,64,892,585.2013984579826
9209,1.0812872648239136,64,892,585.2013984579826
9210,1.0812702178955078,64,892,585.2013984579826
9211,1.0812859535217285,64,892,585.2013984579826
9212,1.0812926292419434,64,892,585.2013984579826
9213,1.0812987089157104,64,892,585.2013984579826
9214,1.0812877416610718,64,892,585.2013984579826
9215,1.0812785625457764,64,892,585.2013984579826
9216,1.0812904834747314,64,892,585.2013984579826
9217,1.0812814235687256,64,892,585.2013984579826
9218,1.0812757015228271,64,892,585.2013984579826
9219,1.0812848806381226,64,892,585.2013984579826
9220,1.081276774406433,64,892,585.2013984579826
9221,1.0812859535217285,64,892,585.2013984579826
9222,1.0812807083129883,64,892,585.2013984579826
9223,1.0812801122665405,64,892,585.2013984579826
9224,1.0812715291976929,64,892,585.2013984579826
9225,1.0812807083129883,64,892,585.2013984579826
9226,1.0812904834747314,64,892,585.2013984579826
9227,1.0812861919403076,64,892,585.2013984579826
9228,1.0812921524047852,64,892,585.2013984579826
9229,1.0812914371490479,64,892,585.2013984579826
9230,1.0812790393829346,64,892,585.2013984579826
9231,1.0812832117080688,64,892,585.2013984579826
9232,1.0812748670578003,64,892,585.2013984579826
9233,1.0812883377075195,64,892,585.2013984579826
9234,1.0812777280807495,64,892,585.2013984579826
9235,1.081284761428833,64,892,585.2013984579826
9236,1.0812795162200928,64,892,585.2013984579826
9237,1.0812830924987793,64,892,585.2013984579826
9238,1.0812915563583374,64,892,585.2013984579826
9239,1.0812784433364868,64,892,585.2013984579826
9240,1.0812923908233643,64,892,585.2013984579826
9241,1.081282615661621,64,892,585.2013984579826
9242,1.0812848806381226,64,892,585.2013984579826
9243,1.0812779664993286,64,892,585.2013984579826
9244,1.0812805891036987,64,892,585.2013984579826
9245,1.0812894105911255,64,892,585.2013984579826
9246,1.0812785625457764,64,892,585.2013984579826
9247,1.081281304359436,64,892,585.2013984579826
9248,1.0812863111495972,64,892,585.2013984579826
9249,1.0812991857528687,64,892,585.2013984579826
9250,1.08128023147583,64,892,585.2013984579826
9251,1.081282138824463,64,892,585.2013984579826
9252,1.0812817811965942,64,892,585.2013984579826
9253,1.0812803506851196,64,892,585.2013984579826
9254,1.081282138824463,64,892,585.2013984579826
9255,1.081289529800415,64,892,585.2013984579826
9256,1.0812876224517822,64,892,585.2013984579826
9257,1.0812764167785645,64,892,585.2013984579826
9258,1.0812833309173584,64,892,585.2013984579826
9259,1.081271767616272,64,892,585.2013984579826
9260,1.0812841653823853,64,892,585.2013984579826
9261,1.081289529800415,64,892,585.2013984579826
9262,1.0812805891036987,64,892,585.2013984579826
9263,1.081272840499878,64,892,585.2013984579826
9264,1.0812819004058838,64,892,585.2013984579826
9265,1.0812835693359375,64,892,585.2013984579826
9266,1.081281065940857,64,892,585.2013984579826
9267,1.0812790393829346,64,892,585.2013984579826
9268,1.081288456916809,64,892,585.2013984579826
9269,1.081289529800415,64,892,585.2013984579826
9270,1.08126962184906,64,892,585.2013984579826
9271,1.0812830924987793,64,892,585.2013984579826
9272,1.0812885761260986,64,892,585.2013984579826
9273,1.0812764167785645,64,892,585.2013984579826
9274,1.0812811851501465,64,892,585.2013984579826
9275,1.0812690258026123,64,892,585.2013984579826
9276,1.081275463104248,64,892,585.2013984579826
9277,1.0812795162200928,64,892,585.2013984579826
9278,1.081284523010254,64,892,585.2013984579826
9279,1.081292748451233,64,892,585.2013984579826
9280,1.0812811851501465,64,892,585.2013984579826
9281,1.0812770128250122,64,892,585.2013984579826
9282,1.081283688545227,64,892,585.2013984579826
9283,1.0812722444534302,64,892,585.2013984579826
9284,1.0812807083129883,64,892,585.2013984579826
9285,1.0812790393829346,64,892,585.2013984579826
9286,1.081286072731018,64,892,585.2013984579826
9287,1.08127760887146,64,892,585.2013984579826
9288,1.0812790393829346,64,892,585.2013984579826
9289,1.0812815427780151,64,892,585.2013984579826
9290,1.081277847290039,64,892,585.2013984579826
9291,1.0812890529632568,64,892,585.2013984579826
9292,1.081274151802063,64,892,585.2013984579826
9293,1.0812804698944092,64,892,585.2013984579826
9294,1.0812867879867554,64,892,585.2013984579826
9295,1.081282138824463,64,892,585.2013984579826
9296,1.0812748670578003,64,892,585.2013984579826
9297,1.0812773704528809,64,892,585.2013984579826
9298,1.0812807083129883,64,892,585.2013984579826
9299,1.0812891721725464,64,892,585.2013984579826
9300,1.0812889337539673,64,892,585.2013984579826
9301,1.0812901258468628,64,892,585.2013984579826
9302,1.08128023147583,64,892,585.2013984579826
9303,1.0812833309173584,64,892,585.2013984579826
9304,1.0812808275222778,64,892,585.2013984579826
9305,1.0812822580337524,64,892,585.2013984579826
9306,1.0812761783599854,64,892,585.2013984579826
9307,1.0812824964523315,64,892,585.2013984579826
9308,1.0812877416610718,64,892,585.2013984579826
9309,1.081283688545227,64,892,585.2013984579826
9310,1.0812736749649048,64,892,585.2013984579826
9311,1.0812857151031494,64,892,585.2013984579826
9312,1.0812761783599854,64,892,585.2013984579826
9313,1.081276774406433,64,892,585.2013984579826
9314,1.0812852382659912,64,892,585.2013984579826
9315,1.081286072731018,64,892,585.2013984579826
9316,1.0812790393829346,64,892,585.2013984579826
9317,1.0812842845916748,64,892,585.2013984579826
9318,1.0812779664993286,64,892,585.2013984579826
9319,1.0812848806381226,64,892,585.2013984579826
9320,1.0812773704528809,64,892,585.2013984579826
9321,1.0812889337539673,64,892,585.2013984579826
9322,1.0812815427780151,64,892,585.2013984579826
9323,1.0812807083129883,64,892,585.2013984579826
9324,1.0812886953353882,64,892,585.2013984579826
9325,1.0812841653823853,64,892,585.2013984579826
9326,1.081286907196045,64,892,585.2013984579826
9327,1.081284999847412,64,892,585.2013984579826
9328,1.081282377243042,64,892,585.2013984579826
9329,1.081284999847412,64,892,585.2013984579826
9330,1.0812902450561523,64,892,585.2013984579826
9331,1.0812679529190063,64,892,585.2013984579826
9332,1.0812822580337524,64,892,585.2013984579826
9333,1.0812923908233643,64,892,585.2013984579826
9334,1.081285834312439,64,892,585.2013984579826
9335,1.081286907196045,64,892,585.2013984579826
9336,1.0812796354293823,64,892,585.2013984579826
9337,1.081282138824463,64,892,585.2013984579826
9338,1.08128821849823,64,892,585.2013984579826
9339,1.0812867879867554,64,892,585.2013984579826
9340,1.0812996625900269,64,892,585.2013984579826
9341,1.0812830924987793,64,892,585.2013984579826
9342,1.0812866687774658,64,892,585.2013984579826
9343,1.0812885761260986,64,892,585.2013984579826
9344,1.0812844038009644,64,892,585.2013984579826
9345,1.0812815427780151,64,892,585.2013984579826
9346,1.0812829732894897,64,892,585.2013984579826
9347,1.0812801122665405,64,892,585.2013984579826
9348,1.081279993057251,64,892,585.2013984579826
9349,1.0812835693359375,64,892,585.2013984579826
9350,1.0813018083572388,64,892,585.2013984579826
9351,1.081288456916809,64,892,585.2013984579826
9352,1.0812782049179077,64,892,585.2013984579826
9353,1.0812817811965942,64,892,585.2013984579826
9354,1.0812888145446777,64,892,585.2013984579826
9355,1.0812844038009644,64,892,585.2013984579826
9356,1.0812909603118896,64,892,585.2013984579826
9357,1.0812944173812866,64,892,585.2013984579826
9358,1.081292748451233,64,892,585.2013984579826
9359,1.0812900066375732,64,892,585.2013984579826
9360,1.081289529800415,64,892,585.2013984579826
9361,1.0812944173812866,64,892,585.2013984579826
9362,1.0812814235687256,64,892,585.2013984579826
9363,1.0812879800796509,64,892,585.2013984579826
9364,1.0812854766845703,64,892,585.2013984579826
9365,1.0812817811965942,64,892,585.2013984579826
9366,1.0812820196151733,64,892,585.2013984579826
9367,1.0812865495681763,64,892,585.2013984579826
9368,1.081296443939209,64,892,585.2013984579826
9369,1.0812937021255493,64,892,585.2013984579826
9370,1.081289529800415,64,892,585.2013984579826
9371,1.0812848806381226,64,892,585.2013984579826
9372,1.0812808275222778,64,892,585.2013984579826
9373,1.0812904834747314,64,892,585.2013984579826
9374,1.0812859535217285,64,892,585.2013984579826
9375,1.0812808275222778,64,892,585.2013984579826
9376,1.0812948942184448,64,892,585.2013984579826
9377,1.0812668800354004,64,892,585.2013984579826
9378,1.0812851190567017,64,892,585.2013984579826
9379,1.0812904834747314,64,892,585.2013984579826
9380,1.0812733173370361,64,892,585.2013984579826
9381,1.0812822580337524,64,892,585.2013984579826
9382,1.0812877416610718,64,892,585.2013984579826
9383,1.0812842845916748,64,892,585.2013984579826
9384,1.0812814235687256,64,892,585.2013984579826
9385,1.081279993057251,64,892,585.2013984579826
9386,1.0812877416610718,64,892,585.2013984579826
9387,1.0812766551971436,64,892,585.2013984579826
9388,1.0812844038009644,64,892,585.2013984579826
9389,1.0812832117080688,64,892,585.2013984579826
9390,1.0812770128250122,64,892,585.2013984579826
9391,1.081285834312439,64,892,585.2013984579826
9392,1.0812815427780151,64,892,585.2013984579826
9393,1.0812698602676392,64,892,585.2013984579826
9394,1.0812829732894897,64,892,585.2013984579826
9395,1.0812757015228271,64,892,585.2013984579826
9396,1.081286907196045,64,892,585.2013984579826
9397,1.0812830924987793,64,892,585.2013984579826
9398,1.0812726020812988,64,892,585.2013984579826
9399,1.0812796354293823,64,892,585.2013984579826
9400,1.081288456916809,64,892,585.2013984579826
9401,1.081284761428833,64,892,585.2013984579826
9402,1.0812785625457764,64,892,585.2013984579826
9403,1.0812745094299316,64,892,585.2013984579826
9404,1.0812840461730957,64,892,585.2013984579826
9405,1.0812883377075195,64,892,585.2013984579826
9406,1.081282377243042,64,892,585.2013984579826
9407,1.0812815427780151,64,892,585.2013984579826
9408,1.0812829732894897,64,892,585.2013984579826
9409,1.0812841653823853,64,892,585.2013984579826
9410,1.0812761783599854,64,892,585.2013984579826
9411,1.0812902450561523,64,892,585.2013984579826
9412,1.081281065940857,64,892,585.2013984579826
9413,1.0812897682189941,64,892,585.2013984579826
9414,1.081286072731018,64,892,585.2013984579826
9415,1.0812841653823853,64,892,585.2013984579826
9416,1.0812827348709106,64,892,585.2013984579826
9417,1.0812886953353882,64,892,585.2013984579826
9418,1.0812835693359375,64,892,585.2013984579826
9419,1.081282377243042,64,892,585.2013984579826
9420,1.0812835693359375,64,892,585.2013984579826
9421,1.081286072731018,64,892,585.2013984579826
9422,1.0812872648239136,64,892,585.2013984579826
9423,1.0812804698944092,64,892,585.2013984579826
9424,1.081282377243042,64,892,585.2013984579826
9425,1.0812852382659912,64,892,585.2013984579826
9426,1.0812857151031494,64,892,585.2013984579826
9427,1.0812815427780151,64,892,585.2013984579826
9428,1.081277847290039,64,892,585.2013984579826
9429,1.0812797546386719,64,892,585.2013984579826
9430,1.0812768936157227,64,892,585.2013984579826
9431,1.0812865495681763,64,892,585.2013984579826
9432,1.0812816619873047,64,892,585.2013984579826
9433,1.0812764167785645,64,892,585.2013984579826
9434,1.0812864303588867,64,892,585.2013984579826
9435,1.08128023147583,64,892,585.2013984579826
9436,1.0812832117080688,64,892,585.2013984579826
9437,1.0812832117080688,64,892,585.2013984579826
9438,1.081286072731018,64,892,585.2013984579826
9439,1.0812686681747437,64,892,585.2013984579826
9440,1.081279993057251,64,892,585.2013984579826
9441,1.081282377243042,64,892,585.2013984579826
9442,1.0812721252441406,64,892,585.2013984579826
9443,1.0812886953353882,64,892,585.2013984579826
9444,1.0812809467315674,64,892,585.2013984579826
9445,1.0812872648239136,64,892,585.2013984579826
9446,1.0812824964523315,64,892,585.2013984579826
9447,1.0812842845916748,64,892,585.2013984579826
9448,1.0812735557556152,64,892,585.2013984579826
9449,1.081271767616272,64,892,585.2013984579826
9450,1.0812793970108032,64,892,585.2013984579826
9451,1.081276535987854,64,892,585.2013984579826
9452,1.081276297569275,64,892,585.2013984579826
9453,1.081285834312439,64,892,585.2013984579826
9454,1.081286907196045,64,892,585.2013984579826
9455,1.0812841653823853,64,892,585.2013984579826
9456,1.08128821849823,64,892,585.2013984579826
9457,1.0812866687774658,64,892,585.2013984579826
9458,1.0812846422195435,64,892,585.2013984579826
9459,1.0812801122665405,64,892,585.2013984579826
9460,1.081282377243042,64,892,585.2013984579826
9461,1.0812824964523315,64,892,585.2013984579826
9462,1.0812816619873047,64,892,585.2013984579826
9463,1.0812913179397583,64,892,585.2013984579826
9464,1.0812736749649048,64,892,585.2013984579826
9465,1.0812793970108032,64,892,585.2013984579826
9466,1.0812773704528809,64,892,585.2013984579826
9467,1.081272840499878,64,892,585.2013984579826
9468,1.081276535987854,64,892,585.2013984579826
9469,1.0812773704528809,64,892,585.2013984579826
9470,1.0812851190567017,64,892,585.2013984579826
9471,1.0812828540802002,64,892,585.2013984579826
9472,1.0812760591506958,64,892,585.2013984579826
9473,1.0812793970108032,64,892,585.2013984579826
9474,1.081283688545227,64,892,585.2013984579826
9475,1.081278681755066,64,892,585.2013984579826
9476,1.0812801122665405,64,892,585.2013984579826
9477,1.081272006034851,64,892,585.2013984579826
9478,1.0812759399414062,64,892,585.2013984579826
9479,1.0812734365463257,64,892,585.2013984579826
9480,1.0812815427780151,64,892,585.2013984579826
9481,1.0812716484069824,64,892,585.2013984579826
9482,1.0812863111495972,64,892,585.2013984579826
9483,1.0812857151031494,64,892,585.2013984579826
9484,1.0812897682189941,64,892,585.2013984579826
9485,1.0812852382659912,64,892,585.2013984579826
9486,1.0812891721725464,64,892,585.2013984579826
9487,1.0812807083129883,64,892,585.2013984579826
9488,1.081274151802063,64,892,585.2013984579826
9489,1.0812808275222778,64,892,585.2013984579826
9490,1.081282138824463,64,892,585.2013984579826
9491,1.0812753438949585,64,892,585.2013984579826
9492,1.0812783241271973,64,892,585.2013984579826
9493,1.0812698602676392,64,892,585.2013984579826
9494,1.0812779664993286,64,892,585.2013984579826
9495,1.0812815427780151,64,892,585.2013984579826
9496,1.0812851190567017,64,892,585.2013984579826
9497,1.08128821849823,64,892,585.2013984579826
9498,1.0812920331954956,64,892,585.2013984579826
9499,1.0812829732894897,64,892,585.2013984579826
9500,1.081292748451233,64,892,585.2013984579826
9501,1.0812865495681763,64,892,585.2013984579826
9502,1.081276297569275,64,892,585.2013984579826
9503,1.0812870264053345,64,892,585.2013984579826
9504,1.0812920331954956,64,892,585.2013984579826
9505,1.0812894105911255,64,892,585.2013984579826
9506,1.0812815427780151,64,892,585.2013984579826
9507,1.0812814235687256,64,892,585.2013984579826
9508,1.0812864303588867,64,892,585.2013984579826
9509,1.0812844038009644,64,892,585.2013984579826
9510,1.0812815427780151,64,892,585.2013984579826
9511,1.0812885761260986,64,892,585.2013984579826
9512,1.0812848806381226,64,892,585.2013984579826
9513,1.0812877416610718,64,892,585.2013984579826
9514,1.0812909603118896,64,892,585.2013984579826
9515,1.0812886953353882,64,892,585.2013984579826
9516,1.0812952518463135,64,892,585.2013984579826
9517,1.08128023147583,64,892,585.2013984579826
9518,1.0812894105911255,64,892,585.2013984579826
9519,1.0812790393829346,64,892,585.2013984579826
9520,1.0812839269638062,64,892,585.2013984579826
9521,1.0812954902648926,64,892,585.2013984579826
9522,1.081287145614624,64,892,585.2013984579826
9523,1.081284761428833,64,892,585.2013984579826
9524,1.081269383430481,64,892,585.2013984579826
9525,1.081277847290039,64,892,585.2013984579826
9526,1.0812783241271973,64,892,585.2013984579826
9527,1.0812901258468628,64,892,585.2013984579826
9528,1.0812853574752808,64,892,585.2013984579826
9529,1.081278681755066,64,892,585.2013984579826
9530,1.0812773704528809,64,892,585.2013984579826
9531,1.0812796354293823,64,892,585.2013984579826
9532,1.0812795162200928,64,892,585.2013984579826
9533,1.0812889337539673,64,892,585.2013984579826
9534,1.0812808275222778,64,892,585.2013984579826
9535,1.0812782049179077,64,892,585.2013984579826
9536,1.081284999847412,64,892,585.2013984579826
9537,1.0812811851501465,64,892,585.2013984579826
9538,1.0812740325927734,64,892,585.2013984579826
9539,1.0812817811965942,64,892,585.2013984579826
9540,1.0812745094299316,64,892,585.2013984579826
9541,1.0812742710113525,64,892,585.2013984579826
9542,1.0812830924987793,64,892,585.2013984579826
9543,1.0812816619873047,64,892,585.2013984579826
9544,1.0812889337539673,64,892,585.2013984579826
9545,1.0812897682189941,64,892,585.2013984579826
9546,1.0812784433364868,64,892,585.2013984579826
9547,1.081288456916809,64,892,585.2013984579826
9548,1.081274390220642,64,892,585.2013984579826
9549,1.0812829732894897,64,892,585.2013984579826
9550,1.0812733173370361,64,892,585.2013984579826
9551,1.0812784433364868,64,892,585.2013984579826
9552,1.0812863111495972,64,892,585.2013984579826
9553,1.081281304359436,64,892,585.2013984579826
9554,1.081277847290039,64,892,585.2013984579826
9555,1.0812698602676392,64,892,585.2013984579826
9556,1.0812745094299316,64,892,585.2013984579826
9557,1.0812983512878418,64,892,585.2013984579826
9558,1.0812885761260986,64,892,585.2013984579826
9559,1.0812771320343018,64,892,585.2013984579826
9560,1.0812873840332031,64,892,585.2013984579826
9561,1.0812746286392212,64,892,585.2013984579826
9562,1.081287145614624,64,892,585.2013984579826
9563,1.0812665224075317,64,892,585.2013984579826
9564,1.0812803506851196,64,892,585.2013984579826
9565,1.08128023147583,64,892,585.2013984579826
9566,1.0812773704528809,64,892,585.2013984579826
9567,1.0812753438949585,64,892,585.2013984579826
9568,1.0812857151031494,64,892,585.2013984579826
9569,1.0812665224075317,64,892,585.2013984579826
9570,1.0812848806381226,64,892,585.2013984579826
9571,1.081284523010254,64,892,585.2013984579826
9572,1.0812755823135376,64,892,585.2013984579826
9573,1.0812727212905884,64,892,585.2013984579826
9574,1.0812695026397705,64,892,585.2013984579826
9575,1.0812773704528809,64,892,585.2013984579826
9576,1.0812677145004272,64,892,585.2013984579826
9577,1.0812745094299316,64,892,585.2013984579826
9578,1.0812766551971436,64,892,585.2013984579826
9579,1.0812867879867554,64,892,585.2013984579826
9580,1.081268548965454,64,892,585.2013984579826
9581,1.081277847290039,64,892,585.2013984579826
9582,1.0812820196151733,64,892,585.2013984579826
9583,1.0812753438949585,64,892,585.2013984579826
9584,1.0812793970108032,64,892,585.2013984579826
9585,1.081268310546875,64,892,585.2013984579826
9586,1.0812761783599854,64,892,585.2013984579826
9587,1.0812807083129883,64,892,585.2013984579826
9588,1.0812770128250122,64,892,585.2013984579826
9589,1.0812790393829346,64,892,585.2013984579826
9590,1.081277847290039,64,892,585.2013984579826
9591,1.0812879800796509,64,892,585.2013984579826
9592,1.0812678337097168,64,892,585.2013984579826
9593,1.0812782049179077,64,892,585.2013984579826
9594,1.0812829732894897,64,892,585.2013984579826
9595,1.0812746286392212,64,892,585.2013984579826
9596,1.0812761783599854,64,892,585.2013984579826
9597,1.081282377243042,64,892,585.2013984579826
9598,1.0812885761260986,64,892,585.2013984579826
9599,1.0812840461730957,64,892,585.2013984579826
9600,1.0812770128250122,64,892,585.2013984579826
9601,1.0812757015228271,64,892,585.2013984579826
9602,1.0812606811523438,64,892,585.2013984579826
9603,1.0812674760818481,64,892,585.2013984579826
9604,1.081266164779663,64,892,585.2013984579826
9605,1.081283450126648,64,892,585.2013984579826
9606,1.081278920173645,64,892,585.2013984579826
9607,1.081283688545227,64,892,585.2013984579826
9608,1.0812731981277466,64,892,585.2013984579826
9609,1.0812708139419556,64,892,585.2013984579826
9610,1.081272006034851,64,892,585.2013984579826
9611,1.081284761428833,64,892,585.2013984579826
9612,1.0812822580337524,64,892,585.2013984579826
9613,1.0812723636627197,64,892,585.2013984579826
9614,1.0812742710113525,64,892,585.2013984579826
9615,1.0812740325927734,64,892,585.2013984579826
9616,1.0812667608261108,64,892,585.2013984579826
9617,1.0812690258026123,64,892,585.2013984579826
9618,1.0812770128250122,64,892,585.2013984579826
9619,1.0812745094299316,64,892,585.2013984579826
9620,1.0812684297561646,64,892,585.2013984579826
9621,1.0812761783599854,64,892,585.2013984579826
9622,1.0812768936157227,64,892,585.2013984579826
9623,1.0812788009643555,64,892,585.2013984579826
9624,1.0812753438949585,64,892,585.2013984579826
9625,1.081276297569275,64,892,585.2013984579826
9626,1.081282615661621,64,892,585.2013984579826
9627,1.0812724828720093,64,892,585.2013984579826
9628,1.0812715291976929,64,892,585.2013984579826
9629,1.081270694732666,64,892,585.2013984579826
9630,1.0812760591506958,64,892,585.2013984579826
9631,1.0812803506851196,64,892,585.2013984579826
9632,1.0812721252441406,64,892,585.2013984579826
9633,1.0812772512435913,64,892,585.2013984579826
9634,1.0812712907791138,64,892,585.2013984579826
9635,1.0812790393829346,64,892,585.2013984579826
9636,1.0812739133834839,64,892,585.2013984579826
9637,1.0812652111053467,64,892,585.2013984579826
9638,1.0812634229660034,64,892,585.2013984579826
9639,1.0812733173370361,64,892,585.2013984579826
9640,1.0812797546386719,64,892,585.2013984579826
9641,1.08127760887146,64,892,585.2013984579826
9642,1.0812718868255615,64,892,585.2013984579826
9643,1.081272006034851,64,892,585.2013984579826
9644,1.081281065940857,64,892,585.2013984579826
9645,1.0812792778015137,64,892,585.2013984579826
9646,1.0812773704528809,64,892,585.2013984579826
9647,1.0812631845474243,64,892,585.2013984579826
9648,1.0812747478485107,64,892,585.2013984579826
9649,1.0812594890594482,64,892,585.2013984579826
9650,1.081270694732666,64,892,585.2013984579826
9651,1.0812814235687256,64,892,585.2013984579826
9652,1.0812736749649048,64,892,585.2013984579826
9653,1.0812742710113525,64,892,585.2013984579826
9654,1.0812827348709106,64,892,585.2013984579826
9655,1.0812815427780151,64,892,585.2013984579826
9656,1.0812734365463257,64,892,585.2013984579826
9657,1.0812705755233765,64,892,585.2013984579826
9658,1.0812727212905884,64,892,585.2013984579826
9659,1.081277847290039,64,892,585.2013984579826
9660,1.0812833309173584,64,892,585.2013984579826
9661,1.081286072731018,64,892,585.2013984579826
9662,1.0812697410583496,64,892,585.2013984579826
9663,1.0812745094299316,64,892,585.2013984579826
9664,1.0812838077545166,64,892,585.2013984579826
9665,1.0812842845916748,64,892,585.2013984579826
9666,1.0812751054763794,64,892,585.2013984579826
9667,1.0812832117080688,64,892,585.2013984579826
9668,1.0812883377075195,64,892,585.2013984579826
9669,1.0812735557556152,64,892,585.2013984579826
9670,1.081272840499878,64,892,585.2013984579826
9671,1.0812749862670898,64,892,585.2013984579826
9672,1.0812782049179077,64,892,585.2013984579826
9673,1.0812715291976929,64,892,585.2013984579826
9674,1.0812729597091675,64,892,585.2013984579826
9675,1.0812736749649048,64,892,585.2013984579826
9676,1.081275463104248,64,892,585.2013984579826
9677,1.0812804698944092,64,892,585.2013984579826
9678,1.0812736749649048,64,892,585.2013984579826
9679,1.0812740325927734,64,892,585.2013984579826
9680,1.0812733173370361,64,892,585.2013984579826
9681,1.0812742710113525,64,892,585.2013984579826
9682,1.081275224685669,64,892,585.2013984579826
9683,1.081278681755066,64,892,585.2013984579826
9684,1.0812681913375854,64,892,585.2013984579826
9685,1.0812695026397705,64,892,585.2013984579826
9686,1.081276535987854,64,892,585.2013984579826
9687,1.0812705755233765,64,892,585.2013984579826
9688,1.081282615661621,64,892,585.2013984579826
9689,1.0812779664993286,64,892,585.2013984579826
9690,1.081283450126648,64,892,585.2013984579826
9691,1.0812711715698242,64,892,585.2013984579826
9692,1.0812753438949585,64,892,585.2013984579826
9693,1.0812726020812988,64,892,585.2013984579826
9694,1.0812634229660034,64,892,585.2013984579826
9695,1.0812801122665405,64,892,585.2013984579826
9696,1.0812798738479614,64,892,585.2013984579826
9697,1.0812745094299316,64,892,585.2013984579826
9698,1.081272006034851,64,892,585.2013984579826
9699,1.081284761428833,64,892,585.2013984579826
9700,1.0812731981277466,64,892,585.2013984579826
9701,1.0812739133834839,64,892,585.2013984579826
9702,1.0812753438949585,64,892,585.2013984579826
9703,1.0812815427780151,64,892,585.2013984579826
9704,1.081274151802063,64,892,585.2013984579826
9705,1.0812773704528809,64,892,585.2013984579826
9706,1.0812773704528809,64,892,585.2013984579826
9707,1.0812677145004272,64,892,585.2013984579826
9708,1.0812757015228271,64,892,585.2013984579826
9709,1.0812820196151733,64,892,585.2013984579826
9710,1.0812731981277466,64,892,585.2013984579826
9711,1.0812835693359375,64,892,585.2013984579826
9712,1.0812747478485107,64,892,585.2013984579826
9713,1.08127760887146,64,892,585.2013984579826
9714,1.0812711715698242,64,892,585.2013984579826
9715,1.0812833309173584,64,892,585.2013984579826
9716,1.0812736749649048,64,892,585.2013984579826
9717,1.0812698602676392,64,892,585.2013984579826
9718,1.0812833309173584,64,892,585.2013984579826
9719,1.081281065940857,64,892,585.2013984579826
9720,1.0812844038009644,64,892,585.2013984579826
9721,1.0812827348709106,64,892,585.2013984579826
9722,1.0812699794769287,64,892,585.2013984579826
9723,1.081274390220642,64,892,585.2013984579826
9724,1.081282615661621,64,892,585.2013984579826
9725,1.0812733173370361,64,892,585.2013984579826
9726,1.0812801122665405,64,892,585.2013984579826
9727,1.0812718868255615,64,892,585.2013984579826
9728,1.0812798738479614,64,892,585.2013984579826
9729,1.0812835693359375,64,892,585.2013984579826
9730,1.0812700986862183,64,892,585.2013984579826
9731,1.081281065940857,64,892,585.2013984579826
9732,1.0812797546386719,64,892,585.2013984579826
9733,1.0812748670578003,64,892,585.2013984579826
9734,1.081274151802063,64,892,585.2013984579826
9735,1.0812671184539795,64,892,585.2013984579826
9736,1.081269383430481,64,892,585.2013984579826
9737,1.081282377243042,64,892,585.2013984579826
9738,1.0812842845916748,64,892,585.2013984579826
9739,1.0812811851501465,64,892,585.2013984579826
9740,1.0812808275222778,64,892,585.2013984579826
9741,1.0812853574752808,64,892,585.2013984579826
9742,1.081277847290039,64,892,585.2013984579826
9743,1.0812861919403076,64,892,585.2013984579826
9744,1.0812770128250122,64,892,585.2013984579826
9745,1.0812798738479614,64,892,585.2013984579826
9746,1.0812709331512451,64,892,585.2013984579826
9747,1.0812703371047974,64,892,585.2013984579826
9748,1.0812827348709106,64,892,585.2013984579826
9749,1.0812811851501465,64,892,585.2013984579826
9750,1.0812774896621704,64,892,585.2013984579826
9751,1.081281065940857,64,892,585.2013984579826
9752,1.0812807083129883,64,892,585.2013984579826
9753,1.0812832117080688,64,892,585.2013984579826
9754,1.0812877416610718,64,892,585.2013984579826
9755,1.081272006034851,64,892,585.2013984579826
9756,1.0812753438949585,64,892,585.2013984579826
9757,1.0812785625457764,64,892,585.2013984579826
9758,1.0812721252441406,64,892,585.2013984579826
9759,1.081283450126648,64,892,585.2013984579826
9760,1.0812771320343018,64,892,585.2013984579826
9761,1.0812686681747437,64,892,585.2013984579826
9762,1.0812726020812988,64,892,585.2013984579826
9763,1.08127760887146,64,892,585.2013984579826
9764,1.0812803506851196,64,892,585.2013984579826
9765,1.0812875032424927,64,892,585.2013984579826
9766,1.0812805891036987,64,892,585.2013984579826
9767,1.081275463104248,64,892,585.2013984579826
9768,1.0812811851501465,64,892,585.2013984579826
9769,1.0812832117080688,64,892,585.2013984579826
9770,1.0812795162200928,64,892,585.2013984579826
9771,1.081278681755066,64,892,585.2013984579826
9772,1.0812867879867554,64,892,585.2013984579826
9773,1.0812753438949585,64,892,585.2013984579826
9774,1.0812801122665405,64,892,585.2013984579826
9775,1.0812991857528687,64,892,585.2013984579826
9776,1.0812937021255493,64,892,585.2013984579826
9777,1.0812788009643555,64,892,585.2013984579826
9778,1.0812832117080688,64,892,585.2013984579826
9779,1.0812780857086182,64,892,585.2013984579826
9780,1.0812873840332031,64,892,585.2013984579826
9781,1.0812842845916748,64,892,585.2013984579826
9782,1.0812753438949585,64,892,585.2013984579826
9783,1.0812793970108032,64,892,585.2013984579826
9784,1.0812797546386719,64,892,585.2013984579826
9785,1.0812772512435913,64,892,585.2013984579826
9786,1.081270694732666,64,892,585.2013984579826
9787,1.0812770128250122,64,892,585.2013984579826
9788,1.0812797546386719,64,892,585.2013984579826
9789,1.0812886953353882,64,892,585.2013984579826
9790,1.0812783241271973,64,892,585.2013984579826
9791,1.0812677145004272,64,892,585.2013984579826
9792,1.0812852382659912,64,892,585.2013984579826
9793,1.0812729597091675,64,892,585.2013984579826
9794,1.0812761783599854,64,892,585.2013984579826
9795,1.0812801122665405,64,892,585.2013984579826
9796,1.0812820196151733,64,892,585.2013984579826
9797,1.0812698602676392,64,892,585.2013984579826
9798,1.0812852382659912,64,892,585.2013984579826
9799,1.0812594890594482,64,892,585.2013984579826
9800,1.0812742710113525,64,892,585.2013984579826
9801,1.081277847290039,64,892,585.2013984579826
9802,1.0812857151031494,64,892,585.2013984579826
9803,1.08128821849823,64,892,585.2013984579826
9804,1.081274151802063,64,892,585.2013984579826
9805,1.0812691450119019,64,892,585.2013984579826
9806,1.08128023147583,64,892,585.2013984579826
9807,1.0812803506851196,64,892,585.2013984579826
9808,1.0812715291976929,64,892,585.2013984579826
9809,1.0812827348709106,64,892,585.2013984579826
9810,1.0812827348709106,64,892,585.2013984579826
9811,1.0812841653823853,64,892,585.2013984579826
9812,1.0812757015228271,64,892,585.2013984579826
9813,1.0812715291976929,64,892,585.2013984579826
9814,1.081282377243042,64,892,585.2013984579826
9815,1.0812757015228271,64,892,585.2013984579826
9816,1.0812768936157227,64,892,585.2013984579826
9817,1.0812784433364868,64,892,585.2013984579826
9818,1.0812817811965942,64,892,585.2013984579826
9819,1.0812758207321167,64,892,585.2013984579826
9820,1.0812642574310303,64,892,585.2013984579826
9821,1.0812746286392212,64,892,585.2013984579826
9822,1.081274390220642,64,892,585.2013984579826
9823,1.0812668800354004,64,892,585.2013984579826
9824,1.0812755823135376,64,892,585.2013984579826
9825,1.0812771320343018,64,892,585.2013984579826
9826,1.0812690258026123,64,892,585.2013984579826
9827,1.0812650918960571,64,892,585.2013984579826
9828,1.0812690258026123,64,892,585.2013984579826
9829,1.0812709331512451,64,892,585.2013984579826
9830,1.0812653303146362,64,892,585.2013984579826
9831,1.0812678337097168,64,892,585.2013984579826
9832,1.0812547206878662,64,892,585.2013984579826
9833,1.0812751054763794,64,892,585.2013984579826
9834,1.0812551975250244,64,892,585.2013984579826
9835,1.0812745094299316,64,892,585.2013984579826
9836,1.0812597274780273,64,892,585.2013984579826
9837,1.0812619924545288,64,892,585.2013984579826
9838,1.081252932548523,64,892,585.2013984579826
9839,1.0812546014785767,64,892,585.2013984579826
9840,1.08125901222229,64,892,585.2013984579826
9841,1.081252098083496,64,892,585.2013984579826
9842,1.081262230873108,64,892,585.2013984579826
9843,1.0812574625015259,64,892,585.2013984579826
9844,1.0812596082687378,64,892,585.2013984579826
9845,1.0812599658966064,64,892,585.2013984579826
9846,1.0812404155731201,64,892,585.2013984579826
9847,1.0812532901763916,64,892,585.2013984579826
9848,1.0812517404556274,64,892,585.2013984579826
9849,1.0812454223632812,64,892,585.2013984579826
9850,1.081241250038147,64,892,585.2013984579826
9851,1.0812400579452515,64,892,585.2013984579826
9852,1.0812405347824097,64,892,585.2013984579826
9853,1.0812361240386963,64,892,585.2013984579826
9854,1.0812300443649292,64,892,585.2013984579826
9855,1.0812333822250366,64,892,585.2013984579826
9856,1.0812233686447144,64,892,585.2013984579826
9857,1.0811986923217773,64,892,585.2013984579826
9858,1.0811554193496704,64,892,585.2013984579826
9859,1.0806422233581543,64,892,585.2013984579826
9860,1.0782296657562256,64,892,585.2013984579826
9861,1.0783017873764038,64,892,585.2013984579826
9862,1.0782945156097412,64,892,585.2013984579826
9863,1.0782995223999023,64,892,585.2013984579826
9864,1.0782815217971802,64,892,585.2013984579826
9865,1.0782119035720825,64,892,585.2013984579826
9866,1.086387038230896,64,892,585.2013984579826
9867,1.0783040523529053,64,892,585.2013984579826
9868,1.0785484313964844,64,892,585.2013984579826
9869,1.0783101320266724,64,892,585.2013984579826
9870,1.0783193111419678,64,892,585.2013984579826
9871,1.078307032585144,64,892,585.2013984579826
9872,1.078306794166565,64,892,585.2013984579826
9873,1.0783140659332275,64,892,585.2013984579826
9874,1.0783147811889648,64,892,585.2013984579826
9875,1.0783259868621826,64,892,585.2013984579826
9876,1.0783106088638306,64,892,585.2013984579826
9877,1.0783175230026245,64,892,585.2013984579826
9878,1.0783072710037231,64,892,585.2013984579826
9879,1.0783047676086426,64,892,585.2013984579826
9880,1.078304409980774,64,892,585.2013984579826
9881,1.0783146619796753,64,892,585.2013984579826
9882,1.0782989263534546,64,892,585.2013984579826
9883,1.078298807144165,64,892,585.2013984579826
9884,1.078297734260559,64,892,585.2013984579826
9885,1.078299880027771,64,892,585.2013984579826
9886,1.078301191329956,64,892,585.2013984579826
9887,1.0782923698425293,64,892,585.2013984579826
9888,1.0782837867736816,64,892,585.2013984579826
9889,1.0782861709594727,64,892,585.2013984579826
9890,1.078288197517395,64,892,585.2013984579826
9891,1.078277349472046,64,892,585.2013984579826
9892,1.078281283378601,64,892,585.2013984579826
9893,1.078250527381897,64,892,585.2013984579826
9894,1.0780937671661377,64,892,585.2013984579826
9895,1.0857915878295898,64,892,585.2013984579826
9896,1.084253191947937,64,892,585.2013984579826
9897,1.0788694620132446,64,892,585.2013984579826
9898,1.0789897441864014,64,892,585.2013984579826
9899,1.0789445638656616,64,892,585.2013984579826
9900,1.07882559299469,64,892,585.2013984579826
9901,1.0823771953582764,64,892,585.2013984579826
9902,1.0789151191711426,64,892,585.2013984579826
9903,1.0858852863311768,64,892,585.2013984579826
9904,1.0853147506713867,64,892,585.2013984579826
9905,1.0849412679672241,64,892,585.2013984579826
9906,1.0851011276245117,64,892,585.2013984579826
9907,1.0848393440246582,64,892,585.2013984579826
9908,1.084297776222229,64,892,585.2013984579826
9909,1.0843061208724976,64,892,585.2013984579826
9910,1.0846225023269653,64,892,585.2013984579826
9911,1.0847885608673096,64,892,585.2013984579826
9912,1.0847012996673584,64,892,585.2013984579826
9913,1.0844627618789673,64,892,585.2013984579826
9914,1.08472740650177,64,892,585.2013984579826
9915,1.0854471921920776,64,892,585.2013984579826
9916,1.0847309827804565,64,892,585.2013984579826
9917,1.0852104425430298,64,892,585.2013984579826
9918,1.0852746963500977,64,892,585.2013984579826
9919,1.085310459136963,64,892,585.2013984579826
9920,1.0853723287582397,64,892,585.2013984579826
9921,1.0855211019515991,64,892,585.2013984579826
9922,1.085496425628662,64,892,585.2013984579826
9923,1.0853394269943237,64,892,585.2013984579826
9924,1.0853023529052734,64,892,585.2013984579826
9925,1.0853029489517212,64,892,585.2013984579826
9926,1.085308313369751,64,892,585.2013984579826
9927,1.08530592918396,64,892,585.2013984579826
9928,1.0853116512298584,64,892,585.2013984579826
9929,1.0853145122528076,64,892,585.2013984579826
9930,1.0853102207183838,64,892,585.2013984579826
9931,1.0853136777877808,64,892,585.2013984579826
9932,1.0853081941604614,64,892,585.2013984579826
9933,1.0853163003921509,64,892,585.2013984579826
9934,1.0853071212768555,64,892,585.2013984579826
9935,1.0853033065795898,64,892,585.2013984579826
9936,1.0852868556976318,64,892,585.2013984579826
9937,1.0852800607681274,64,892,585.2013984579826
9938,1.0852270126342773,64,892,585.2013984579826
9939,1.0851398706436157,64,892,585.2013984579826
9940,1.0848928689956665,64,892,585.2013984579826
9941,1.0848525762557983,64,892,585.2013984579826
9942,1.0851011276245117,64,892,585.2013984579826
9943,1.0847750902175903,64,892,585.2013984579826
9944,1.0847408771514893,64,892,585.2013984579826
9945,1.0848287343978882,64,892,585.2013984579826
9946,1.0847564935684204,64,892,585.2013984579826
9947,1.0846437215805054,64,892,585.2013984579826
9948,1.084645390510559,64,892,585.2013984579826
9949,1.084659218788147,64,892,585.2013984579826
9950,1.0845963954925537,64,892,585.2013984579826
9951,1.084661602973938,64,892,585.2013984579826
9952,1.0846725702285767,64,892,585.2013984579826
9953,1.0845484733581543,64,892,585.2013984579826
9954,1.0844565629959106,64,892,585.2013984579826
9955,1.084464192390442,64,892,585.2013984579826
9956,1.084499478340149,64,892,585.2013984579826
9957,1.0845091342926025,64,892,585.2013984579826
9958,1.0844990015029907,64,892,585.2013984579826
9959,1.0844837427139282,64,892,585.2013984579826
9960,1.0844943523406982,64,892,585.2013984579826
9961,1.0844721794128418,64,892,585.2013984579826
9962,1.0844480991363525,64,892,585.2013984579826
9963,1.0844429731369019,64,892,585.2013984579826
9964,1.08444082736969,64,892,585.2013984579826
9965,1.084448218345642,64,892,585.2013984579826
9966,1.0844335556030273,64,892,585.2013984579826
9967,1.0844230651855469,64,892,585.2013984579826
9968,1.0843857526779175,64,892,585.2013984579826
9969,1.084289312362671,64,892,585.2013984579826
9970,1.0842000246047974,64,892,585.2013984579826
9971,1.0842422246932983,64,892,585.2013984579826
9972,1.0844087600708008,64,892,585.2013984579826
9973,1.0842024087905884,64,892,585.2013984579826
9974,1.084184169769287,64,892,585.2013984579826
9975,1.084245204925537,64,892,585.2013984579826
9976,1.08428955078125,64,892,585.2013984579826
9977,1.0842005014419556,64,892,585.2013984579826
9978,1.0841768980026245,64,892,585.2013984579826
9979,1.084179401397705,64,892,585.2013984579826
9980,1.0841810703277588,64,892,585.2013984579826
9981,1.0841890573501587,64,892,585.2013984579826
9982,1.0841835737228394,64,892,585.2013984579826
9983,1.0841902494430542,64,892,585.2013984579826
9984,1.0841810703277588,64,892,585.2013984579826
9985,1.0841906070709229,64,892,585.2013984579826
9986,1.0841871500015259,64,892,585.2013984579826
9987,1.084171175956726,64,892,585.2013984579826
9988,1.0841768980026245,64,892,585.2013984579826
9989,1.0841774940490723,64,892,585.2013984579826
9990,1.0841705799102783,64,892,585.2013984579826
9991,1.084181785583496,64,892,585.2013984579826
9992,1.0841600894927979,64,892,585.2013984579826
9993,1.0841574668884277,64,892,585.2013984579826
9994,1.0841633081436157,64,892,585.2013984579826
9995,1.0841604471206665,64,892,585.2013984579826
9996,1.0841689109802246,64,892,585.2013984579826
9997,1.0841598510742188,64,892,585.2013984579826
9998,1.0841771364212036,64,892,585.2013984579826
9999,1.0841668844223022,64,892,585.2013984579826
10000,1.0841641426086426,64,892,585.2013984579826
10001,1.0841683149337769,64,892,585.2013984579826
10002,1.0841646194458008,64,892,585.2013984579826
10003,1.0841556787490845,64,892,585.2013984579826
10004,1.0841690301895142,64,892,585.2013984579826
10005,1.0841593742370605,64,892,585.2013984579826
10006,1.0841656923294067,64,892,585.2013984579826
10007,1.084161639213562,64,892,585.2013984579826
10008,1.084150791168213,64,892,585.2013984579826
10009,1.084158182144165,64,892,585.2013984579826
10010,1.08417546749115,64,892,585.2013984579826
10011,1.0841705799102783,64,892,585.2013984579826
10012,1.0841635465621948,64,892,585.2013984579826
10013,1.0841546058654785,64,892,585.2013984579826
10014,1.0841563940048218,64,892,585.2013984579826
10015,1.0841668844223022,64,892,585.2013984579826
10016,1.0841530561447144,64,892,585.2013984579826
10017,1.084167718887329,64,892,585.2013984579826
10018,1.0841567516326904,64,892,585.2013984579826
10019,1.0841648578643799,64,892,585.2013984579826
10020,1.084153413772583,64,892,585.2013984579826
10021,1.0841572284698486,64,892,585.2013984579826
10022,1.0841474533081055,64,892,585.2013984579826
10023,1.084150791168213,64,892,585.2013984579826
10024,1.084169626235962,64,892,585.2013984579826
10025,1.0841618776321411,64,892,585.2013984579826
10026,1.0841567516326904,64,892,585.2013984579826
10027,1.0841566324234009,64,892,585.2013984579826
10028,1.0841518640518188,64,892,585.2013984579826
10029,1.0841498374938965,64,892,585.2013984579826
10030,1.0841609239578247,64,892,585.2013984579826
10031,1.0841439962387085,64,892,585.2013984579826
10032,1.084157943725586,64,892,585.2013984579826
10033,1.0841522216796875,64,892,585.2013984579826
10034,1.0841658115386963,64,892,585.2013984579826
10035,1.0841474533081055,64,892,585.2013984579826
10036,1.084166169166565,64,892,585.2013984579826
10037,1.0841580629348755,64,892,585.2013984579826
10038,1.084159016609192,64,892,585.2013984579826
10039,1.0841484069824219,64,892,585.2013984579826
10040,1.0841636657714844,64,892,585.2013984579826
10041,1.0841600894927979,64,892,585.2013984579826
10042,1.0841529369354248,64,892,585.2013984579826
10043,1.0841656923294067,64,892,585.2013984579826
10044,1.0841528177261353,64,892,585.2013984579826
10045,1.084152340888977,64,892,585.2013984579826
10046,1.0841611623764038,64,892,585.2013984579826
10047,1.08415949344635,64,892,585.2013984579826
10048,1.084152340888977,64,892,585.2013984579826
10049,1.084159255027771,64,892,585.2013984579826
10050,1.084161400794983,64,892,585.2013984579826
10051,1.084160327911377,64,892,585.2013984579826
10052,1.0841587781906128,64,892,585.2013984579826
10053,1.0841578245162964,64,892,585.2013984579826
10054,1.0841577053070068,64,892,585.2013984579826
10055,1.0841549634933472,64,892,585.2013984579826
10056,1.0841656923294067,64,892,585.2013984579826
10057,1.0841537714004517,64,892,585.2013984579826
10058,1.0841580629348755,64,892,585.2013984579826
10059,1.084159255027771,64,892,585.2013984579826
10060,1.084154725074768,64,892,585.2013984579826
10061,1.0841608047485352,64,892,585.2013984579826
10062,1.084151268005371,64,892,585.2013984579826
10063,1.0841569900512695,64,892,585.2013984579826
10064,1.084155797958374,64,892,585.2013984579826
10065,1.0841647386550903,64,892,585.2013984579826
10066,1.0841611623764038,64,892,585.2013984579826
10067,1.0841569900512695,64,892,585.2013984579826
10068,1.0841516256332397,64,892,585.2013984579826
10069,1.0841484069824219,64,892,585.2013984579826
10070,1.08415949344635,64,892,585.2013984579826
10071,1.0841529369354248,64,892,585.2013984579826
10072,1.0841528177261353,64,892,585.2013984579826
10073,1.084150791168213,64,892,585.2013984579826
10074,1.0841561555862427,64,892,585.2013984579826
10075,1.0841543674468994,64,892,585.2013984579826
10076,1.0841478109359741,64,892,585.2013984579826
10077,1.0841559171676636,64,892,585.2013984579826
10078,1.0841443538665771,64,892,585.2013984579826
10079,1.0841553211212158,64,892,585.2013984579826
10080,1.0841528177261353,64,892,585.2013984579826
10081,1.0841561555862427,64,892,585.2013984579826
10082,1.08414626121521,64,892,585.2013984579826
10083,1.084160327911377,64,892,585.2013984579826
10084,1.08414626121521,64,892,585.2013984579826
10085,1.0841546058654785,64,892,585.2013984579826
10086,1.0841513872146606,64,892,585.2013984579826
10087,1.0841578245162964,64,892,585.2013984579826
10088,1.0841498374938965,64,892,585.2013984579826
10089,1.084150791168213,64,892,585.2013984579826
10090,1.0841492414474487,64,892,585.2013984579826
10091,1.0841556787490845,64,892,585.2013984579826
10092,1.084146499633789,64,892,585.2013984579826
10093,1.08415687084198,64,892,585.2013984579826
10094,1.0841481685638428,64,892,585.2013984579826
10095,1.0841522216796875,64,892,585.2013984579826
10096,1.0841491222381592,64,892,585.2013984579826
10097,1.0841468572616577,64,892,585.2013984579826
10098,1.0841437578201294,64,892,585.2013984579826
10099,1.084151268005371,64,892,585.2013984579826
10100,1.0841569900512695,64,892,585.2013984579826
10101,1.084149718284607,64,892,585.2013984579826
10102,1.0841528177261353,64,892,585.2013984579826
10103,1.0841624736785889,64,892,585.2013984579826
10104,1.084137201309204,64,892,585.2013984579826
10105,1.0841532945632935,64,892,585.2013984579826
10106,1.08414626121521,64,892,585.2013984579826
10107,1.0841381549835205,64,892,585.2013984579826
10108,1.084157943725586,64,892,585.2013984579826
10109,1.0841354131698608,64,892,585.2013984579826
10110,1.0841503143310547,64,892,585.2013984579826
10111,1.08414626121521,64,892,585.2013984579826
10112,1.0841479301452637,64,892,585.2013984579826
10113,1.0841478109359741,64,892,585.2013984579826
10114,1.0841420888900757,64,892,585.2013984579826
10115,1.0841317176818848,64,892,585.2013984579826
10116,1.0841349363327026,64,892,585.2013984579826
10117,1.0841199159622192,64,892,585.2013984579826
10118,1.084110975265503,64,892,585.2013984579826
10119,1.0840840339660645,64,892,585.2013984579826
10120,1.0840353965759277,64,892,585.2013984579826
10121,1.0839976072311401,64,892,585.2013984579826
10122,1.0839741230010986,64,892,585.2013984579826
10123,1.0839641094207764,64,892,585.2013984579826
10124,1.083959698677063,64,892,585.2013984579826
10125,1.0839595794677734,64,892,585.2013984579826
10126,1.0839719772338867,64,892,585.2013984579826
10127,1.0839625597000122,64,892,585.2013984579826
10128,1.0839612483978271,64,892,585.2013984579826
10129,1.083967685699463,64,892,585.2013984579826
10130,1.0839661359786987,64,892,585.2013984579826
10131,1.0839498043060303,64,892,585.2013984579826
10132,1.0839617252349854,64,892,585.2013984579826
10133,1.0839645862579346,64,892,585.2013984579826
10134,1.0839588642120361,64,892,585.2013984579826
10135,1.0839637517929077,64,892,585.2013984579826
10136,1.0839619636535645,64,892,585.2013984579826
10137,1.0839616060256958,64,892,585.2013984579826
10138,1.0839614868164062,64,892,585.2013984579826
10139,1.0839622020721436,64,892,585.2013984579826
10140,1.083961009979248,64,892,585.2013984579826
10141,1.0839465856552124,64,892,585.2013984579826
10142,1.0839537382125854,64,892,585.2013984579826
10143,1.0839534997940063,64,892,585.2013984579826
10144,1.083958387374878,64,892,585.2013984579826
10145,1.0839508771896362,64,892,585.2013984579826
10146,1.0839463472366333,64,892,585.2013984579826
10147,1.0839570760726929,64,892,585.2013984579826
10148,1.083945631980896,64,892,585.2013984579826
10149,1.083923101425171,64,892,585.2013984579826
10150,1.083770990371704,64,892,585.2013984579826
10151,1.0816627740859985,64,892,585.2013984579826
10152,1.0837712287902832,64,892,585.2013984579826
10153,1.088658332824707,64,892,585.2013984579826
10154,1.0946202278137207,64,892,585.2013984579826
10155,1.0841280221939087,64,892,585.2013984579826
10156,1.084298014640808,64,892,585.2013984579826
10157,1.0851954221725464,64,892,585.2013984579826
10158,1.0872305631637573,64,892,585.2013984579826
10159,1.0872185230255127,64,892,585.2013984579826
10160,1.0878490209579468,64,892,585.2013984579826
10161,1.0870217084884644,64,892,585.2013984579826
10162,1.0868576765060425,64,892,585.2013984579826
10163,1.0868474245071411,64,892,585.2013984579826
10164,1.086133599281311,64,892,585.2013984579826
10165,1.086112380027771,64,892,585.2013984579826
10166,1.0865960121154785,64,892,585.2013984579826
10167,1.0866985321044922,64,892,585.2013984579826
10168,1.0867416858673096,64,892,585.2013984579826
10169,1.0867373943328857,64,892,585.2013984579826
10170,1.086713433265686,64,892,585.2013984579826
10171,1.0867007970809937,64,892,585.2013984579826
10172,1.0866923332214355,64,892,585.2013984579826
10173,1.0866973400115967,64,892,585.2013984579826
10174,1.086686611175537,64,892,585.2013984579826
10175,1.0866860151290894,64,892,585.2013984579826
10176,1.0866920948028564,64,892,585.2013984579826
10177,1.0866907835006714,64,892,585.2013984579826
10178,1.0867136716842651,64,892,585.2013984579826
10179,1.0867044925689697,64,892,585.2013984579826
10180,1.0866873264312744,64,892,585.2013984579826
10181,1.086668848991394,64,892,585.2013984579826
10182,1.0866810083389282,64,892,585.2013984579826
10183,1.0866670608520508,64,892,585.2013984579826
10184,1.0866754055023193,64,892,585.2013984579826
10185,1.0866739749908447,64,892,585.2013984579826
10186,1.0866574048995972,64,892,585.2013984579826
10187,1.0866608619689941,64,892,585.2013984579826
10188,1.0866742134094238,64,892,585.2013984579826
10189,1.0866649150848389,64,892,585.2013984579826
10190,1.086661696434021,64,892,585.2013984579826
10191,1.0866600275039673,64,892,585.2013984579826
10192,1.0866583585739136,64,892,585.2013984579826
10193,1.0866483449935913,64,892,585.2013984579826
10194,1.0866445302963257,64,892,585.2013984579826
10195,1.0866467952728271,64,892,585.2013984579826
10196,1.0866533517837524,64,892,585.2013984579826
10197,1.086641788482666,64,892,585.2013984579826
10198,1.0866467952728271,64,892,585.2013984579826
10199,1.0866438150405884,64,892,585.2013984579826
10200,1.0866450071334839,64,892,585.2013984579826
10201,1.086637258529663,64,892,585.2013984579826
10202,1.0866384506225586,64,892,585.2013984579826
10203,1.0866327285766602,64,892,585.2013984579826
10204,1.0866384506225586,64,892,585.2013984579826
10205,1.0866397619247437,64,892,585.2013984579826
10206,1.086632251739502,64,892,585.2013984579826
10207,1.0866283178329468,64,892,585.2013984579826
10208,1.0866429805755615,64,892,585.2013984579826
10209,1.0866305828094482,64,892,585.2013984579826
10210,1.086639404296875,64,892,585.2013984579826
10211,1.086637258529663,64,892,585.2013984579826
10212,1.0866457223892212,64,892,585.2013984579826
10213,1.086624026298523,64,892,585.2013984579826
10214,1.08663010597229,64,892,585.2013984579826
10215,1.086621880531311,64,892,585.2013984579826
10216,1.0866310596466064,64,892,585.2013984579826
10217,1.086625576019287,64,892,585.2013984579826
10218,1.0866245031356812,64,892,585.2013984579826
10219,1.0866272449493408,64,892,585.2013984579826
10220,1.08661949634552,64,892,585.2013984579826
10221,1.086621880531311,64,892,585.2013984579826
10222,1.0866327285766602,64,892,585.2013984579826
10223,1.0866273641586304,64,892,585.2013984579826
10224,1.0866161584854126,64,892,585.2013984579826
10225,1.0866295099258423,64,892,585.2013984579826
10226,1.0866272449493408,64,892,585.2013984579826
10227,1.086629033088684,64,892,585.2013984579826
10228,1.0866338014602661,64,892,585.2013984579826
10229,1.0866268873214722,64,892,585.2013984579826
10230,1.0866353511810303,64,892,585.2013984579826
10231,1.0866203308105469,64,892,585.2013984579826
10232,1.08661949634552,64,892,585.2013984579826
10233,1.086618423461914,64,892,585.2013984579826
10234,1.0866098403930664,64,892,585.2013984579826
10235,1.0866317749023438,64,892,585.2013984579826
10236,1.0866214036941528,64,892,585.2013984579826
10237,1.0866260528564453,64,892,585.2013984579826
10238,1.0866262912750244,64,892,585.2013984579826
10239,1.0866155624389648,64,892,585.2013984579826
10240,1.086625576019287,64,892,585.2013984579826
10241,1.0866202116012573,64,892,585.2013984579826
10242,1.0866215229034424,64,892,585.2013984579826
10243,1.086626648902893,64,892,585.2013984579826
10244,1.0866177082061768,64,892,585.2013984579826
10245,1.0866225957870483,64,892,585.2013984579826
10246,1.0866202116012573,64,892,585.2013984579826
10247,1.0866291522979736,64,892,585.2013984579826
10248,1.086625099182129,64,892,585.2013984579826
10249,1.0866236686706543,64,892,585.2013984579826
10250,1.0866267681121826,64,892,585.2013984579826
10251,1.0866169929504395,64,892,585.2013984579826
10252,1.0866323709487915,64,892,585.2013984579826
10253,1.0866085290908813,64,892,585.2013984579826
10254,1.0866202116012573,64,892,585.2013984579826
10255,1.0866224765777588,64,892,585.2013984579826
10256,1.0866256952285767,64,892,585.2013984579826
10257,1.0866293907165527,64,892,585.2013984579826
10258,1.0866186618804932,64,892,585.2013984579826
10259,1.0866217613220215,64,892,585.2013984579826
10260,1.0866144895553589,64,892,585.2013984579826
10261,1.0866270065307617,64,892,585.2013984579826
10262,1.0866062641143799,64,892,585.2013984579826
10263,1.0866189002990723,64,892,585.2013984579826
10264,1.0866222381591797,64,892,585.2013984579826
10265,1.0866163969039917,64,892,585.2013984579826
10266,1.0866214036941528,64,892,585.2013984579826
10267,1.0866154432296753,64,892,585.2013984579826
10268,1.08662748336792,64,892,585.2013984579826
10269,1.0866111516952515,64,892,585.2013984579826
10270,1.0866148471832275,64,892,585.2013984579826
10271,1.086614727973938,64,892,585.2013984579826
10272,1.086620807647705,64,892,585.2013984579826
10273,1.0866179466247559,64,892,585.2013984579826
10274,1.0866297483444214,64,892,585.2013984579826
10275,1.08661687374115,64,892,585.2013984579826
10276,1.0866202116012573,64,892,585.2013984579826
10277,1.0866315364837646,64,892,585.2013984579826
10278,1.0866117477416992,64,892,585.2013984579826
10279,1.0866141319274902,64,892,585.2013984579826
10280,1.086635708808899,64,892,585.2013984579826
10281,1.08661949634552,64,892,585.2013984579826
10282,1.086613655090332,64,892,585.2013984579826
10283,1.0866172313690186,64,892,585.2013984579826
10284,1.086614727973938,64,892,585.2013984579826
10285,1.0866172313690186,64,892,585.2013984579826
10286,1.0866105556488037,64,892,585.2013984579826
10287,1.0866261720657349,64,892,585.2013984579826
10288,1.0866097211837769,64,892,585.2013984579826
10289,1.0866118669509888,64,892,585.2013984579826
10290,1.086613655090332,64,892,585.2013984579826
10291,1.086615800857544,64,892,585.2013984579826
10292,1.0866186618804932,64,892,585.2013984579826
10293,1.086609959602356,64,892,585.2013984579826
10294,1.0866104364395142,64,892,585.2013984579826
10295,1.0866172313690186,64,892,585.2013984579826
10296,1.0866276025772095,64,892,585.2013984579826
10297,1.0866063833236694,64,892,585.2013984579826
10298,1.086625576019287,64,892,585.2013984579826
10299,1.0866235494613647,64,892,585.2013984579826
10300,1.086617350578308,64,892,585.2013984579826
10301,1.0866281986236572,64,892,585.2013984579826
10302,1.0866234302520752,64,892,585.2013984579826
10303,1.0866214036941528,64,892,585.2013984579826
10304,1.0866214036941528,64,892,585.2013984579826
10305,1.0866180658340454,64,892,585.2013984579826
10306,1.0866161584854126,64,892,585.2013984579826
10307,1.086617350578308,64,892,585.2013984579826
10308,1.0866127014160156,64,892,585.2013984579826
10309,1.0866167545318604,64,892,585.2013984579826
10310,1.086606502532959,64,892,585.2013984579826
10311,1.086619257926941,64,892,585.2013984579826
10312,1.0866237878799438,64,892,585.2013984579826
10313,1.0866200923919678,64,892,585.2013984579826
10314,1.0866221189498901,64,892,585.2013984579826
10315,1.086617350578308,64,892,585.2013984579826
10316,1.0866118669509888,64,892,585.2013984579826
10317,1.0866177082061768,64,892,585.2013984579826
10318,1.0866143703460693,64,892,585.2013984579826
10319,1.08661687374115,64,892,585.2013984579826
10320,1.0866146087646484,64,892,585.2013984579826
10321,1.086616039276123,64,892,585.2013984579826
10322,1.0866100788116455,64,892,585.2013984579826
10323,1.086625576019287,64,892,585.2013984579826
10324,1.0866159200668335,64,892,585.2013984579826
10325,1.0866119861602783,64,892,585.2013984579826
10326,1.0866183042526245,64,892,585.2013984579826
10327,1.0866128206253052,64,892,585.2013984579826
10328,1.086620569229126,64,892,585.2013984579826
10329,1.086623191833496,64,892,585.2013984579826
10330,1.0866107940673828,64,892,585.2013984579826
10331,1.086617350578308,64,892,585.2013984579826
10332,1.0866163969039917,64,892,585.2013984579826
10333,1.0866197347640991,64,892,585.2013984579826
10334,1.0866148471832275,64,892,585.2013984579826
10335,1.0866189002990723,64,892,585.2013984579826
10336,1.0866222381591797,64,892,585.2013984579826
10337,1.0866142511367798,64,892,585.2013984579826
10338,1.0866214036941528,64,892,585.2013984579826
10339,1.0866073369979858,64,892,585.2013984579826
10340,1.0866221189498901,64,892,585.2013984579826
10341,1.0866115093231201,64,892,585.2013984579826
10342,1.0866135358810425,64,892,585.2013984579826
10343,1.0866140127182007,64,892,585.2013984579826
10344,1.0866272449493408,64,892,585.2013984579826
10345,1.0866239070892334,64,892,585.2013984579826
10346,1.0866272449493408,64,892,585.2013984579826
10347,1.0866284370422363,64,892,585.2013984579826
10348,1.0866172313690186,64,892,585.2013984579826
10349,1.0866224765777588,64,892,585.2013984579826
10350,1.08661687374115,64,892,585.2013984579826
10351,1.086625099182129,64,892,585.2013984579826
10352,1.0866143703460693,64,892,585.2013984579826
10353,1.0866180658340454,64,892,585.2013984579826
10354,1.086610198020935,64,892,585.2013984579826
10355,1.086616039276123,64,892,585.2013984579826
10356,1.0866152048110962,64,892,585.2013984579826
10357,1.086619257926941,64,892,585.2013984579826
10358,1.0866200923919678,64,892,585.2013984579826
10359,1.086624026298523,64,892,585.2013984579826
10360,1.0866174697875977,64,892,585.2013984579826
10361,1.0866062641143799,64,892,585.2013984579826
10362,1.0866202116012573,64,892,585.2013984579826
10363,1.0866138935089111,64,892,585.2013984579826
10364,1.0866254568099976,64,892,585.2013984579826
10365,1.086618185043335,64,892,585.2013984579826
10366,1.0866085290908813,64,892,585.2013984579826
10367,1.0866146087646484,64,892,585.2013984579826
10368,1.086626410484314,64,892,585.2013984579826
10369,1.0866122245788574,64,892,585.2013984579826
10370,1.086625576019287,64,892,585.2013984579826
10371,1.0866271257400513,64,892,585.2013984579826
10372,1.0866165161132812,64,892,585.2013984579826
10373,1.0866256952285767,64,892,585.2013984579826
10374,1.0866210460662842,64,892,585.2013984579826
10375,1.0866178274154663,64,892,585.2013984579826
10376,1.0866247415542603,64,892,585.2013984579826
10377,1.0866239070892334,64,892,585.2013984579826
10378,1.0866183042526245,64,892,585.2013984579826
10379,1.0866093635559082,64,892,585.2013984579826
10380,1.0866138935089111,64,892,585.2013984579826
10381,1.0866163969039917,64,892,585.2013984579826
10382,1.0866026878356934,64,892,585.2013984579826
10383,1.0866130590438843,64,892,585.2013984579826
10384,1.086610198020935,64,892,585.2013984579826
10385,1.0866106748580933,64,892,585.2013984579826
10386,1.086614727973938,64,892,585.2013984579826
10387,1.0866233110427856,64,892,585.2013984579826
10388,1.0866374969482422,64,892,585.2013984579826
10389,1.086616039276123,64,892,585.2013984579826
10390,1.086618423461914,64,892,585.2013984579826
10391,1.0866175889968872,64,892,585.2013984579826
10392,1.0866273641586304,64,892,585.2013984579826
10393,1.0866148471832275,64,892,585.2013984579826
10394,1.0866130590438843,64,892,585.2013984579826
10395,1.0866107940673828,64,892,585.2013984579826
10396,1.0866119861602783,64,892,585.2013984579826
10397,1.0866154432296753,64,892,585.2013984579826
10398,1.0866144895553589,64,892,585.2013984579826
10399,1.0866167545318604,64,892,585.2013984579826
10400,1.0866217613220215,64,892,585.2013984579826
10401,1.0866180658340454,64,892,585.2013984579826
10402,1.0866100788116455,64,892,585.2013984579826
10403,1.086606502532959,64,892,585.2013984579826
10404,1.0866222381591797,64,892,585.2013984579826
10405,1.08661687374115,64,892,585.2013984579826
10406,1.0866130590438843,64,892,585.2013984579826
10407,1.086600661277771,64,892,585.2013984579826
10408,1.0866159200668335,64,892,585.2013984579826
10409,1.0866193771362305,64,892,585.2013984579826
10410,1.0866190195083618,64,892,585.2013984579826
10411,1.0866247415542603,64,892,585.2013984579826
10412,1.0866107940673828,64,892,585.2013984579826
10413,1.086621880531311,64,892,585.2013984579826
10414,1.0866117477416992,64,892,585.2013984579826
10415,1.086621880531311,64,892,585.2013984579826
10416,1.0866132974624634,64,892,585.2013984579826
10417,1.0866236686706543,64,892,585.2013984579826
10418,1.0866259336471558,64,892,585.2013984579826
10419,1.0866152048110962,64,892,585.2013984579826
10420,1.0866211652755737,64,892,585.2013984579826
10421,1.0866165161132812,64,892,585.2013984579826
10422,1.0866156816482544,64,892,585.2013984579826
10423,1.0866138935089111,64,892,585.2013984579826
10424,1.0866224765777588,64,892,585.2013984579826
10425,1.0866243839263916,64,892,585.2013984579826
10426,1.0866165161132812,64,892,585.2013984579826
10427,1.08660888671875,64,892,585.2013984579826
10428,1.0866180658340454,64,892,585.2013984579826
10429,1.0866131782531738,64,892,585.2013984579826
10430,1.0866165161132812,64,892,585.2013984579826
10431,1.0866155624389648,64,892,585.2013984579826
10432,1.0866180658340454,64,892,585.2013984579826
10433,1.0866103172302246,64,892,585.2013984579826
10434,1.0866224765777588,64,892,585.2013984579826
10435,1.0866140127182007,64,892,585.2013984579826
10436,1.086619257926941,64,892,585.2013984579826
10437,1.0866186618804932,64,892,585.2013984579826
10438,1.086622714996338,64,892,585.2013984579826
10439,1.0866143703460693,64,892,585.2013984579826
10440,1.0866276025772095,64,892,585.2013984579826
10441,1.0866115093231201,64,892,585.2013984579826
10442,1.0866155624389648,64,892,585.2013984579826
10443,1.0866248607635498,64,892,585.2013984579826
10444,1.0866137742996216,64,892,585.2013984579826
10445,1.0866200923919678,64,892,585.2013984579826
10446,1.086624264717102,64,892,585.2013984579826
10447,1.0866197347640991,64,892,585.2013984579826
10448,1.0866152048110962,64,892,585.2013984579826
10449,1.086619257926941,64,892,585.2013984579826
10450,1.0866098403930664,64,892,585.2013984579826
10451,1.0866085290908813,64,892,585.2013984579826
10452,1.086620807647705,64,892,585.2013984579826
10453,1.0866135358810425,64,892,585.2013984579826
10454,1.086610198020935,64,892,585.2013984579826
10455,1.0866148471832275,64,892,585.2013984579826
10456,1.0866223573684692,64,892,585.2013984579826
10457,1.086616039276123,64,892,585.2013984579826
10458,1.0866174697875977,64,892,585.2013984579826
10459,1.0866209268569946,64,892,585.2013984579826
10460,1.0866180658340454,64,892,585.2013984579826
10461,1.0866225957870483,64,892,585.2013984579826
10462,1.0866069793701172,64,892,585.2013984579826
10463,1.0866197347640991,64,892,585.2013984579826
10464,1.086623191833496,64,892,585.2013984579826
10465,1.086621642112732,64,892,585.2013984579826
10466,1.0866154432296753,64,892,585.2013984579826
10467,1.0866076946258545,64,892,585.2013984579826
10468,1.0866113901138306,64,892,585.2013984579826
10469,1.086626410484314,64,892,585.2013984579826
10470,1.086625576019287,64,892,585.2013984579826
10471,1.0866111516952515,64,892,585.2013984579826
10472,1.0866076946258545,64,892,585.2013984579826
10473,1.0866109132766724,64,892,585.2013984579826
10474,1.086617112159729,64,892,585.2013984579826
10475,1.08661687374115,64,892,585.2013984579826
10476,1.0866153240203857,64,892,585.2013984579826
10477,1.0866172313690186,64,892,585.2013984579826
10478,1.086622953414917,64,892,585.2013984579826
10479,1.0866001844406128,64,892,585.2013984579826
10480,1.086625099182129,64,892,585.2013984579826
10481,1.0866135358810425,64,892,585.2013984579826
10482,1.08661687374115,64,892,585.2013984579826
10483,1.0866239070892334,64,892,585.2013984579826
10484,1.086616039276123,64,892,585.2013984579826
10485,1.0866163969039917,64,892,585.2013984579826
10486,1.0866121053695679,64,892,585.2013984579826
10487,1.0866262912750244,64,892,585.2013984579826
10488,1.086620807647705,64,892,585.2013984579826
10489,1.0866121053695679,64,892,585.2013984579826
10490,1.0866124629974365,64,892,585.2013984579826
10491,1.0866193771362305,64,892,585.2013984579826
10492,1.0866167545318604,64,892,585.2013984579826
10493,1.086607813835144,64,892,585.2013984579826
10494,1.0866135358810425,64,892,585.2013984579826
10495,1.0866085290908813,64,892,585.2013984579826
10496,1.086604118347168,64,892,585.2013984579826
10497,1.0866117477416992,64,892,585.2013984579826
10498,1.0866225957870483,64,892,585.2013984579826
10499,1.0866185426712036,64,892,585.2013984579826
10500,1.0866118669509888,64,892,585.2013984579826
10501,1.0866150856018066,64,892,585.2013984579826
10502,1.0866200923919678,64,892,585.2013984579826
10503,1.0866127014160156,64,892,585.2013984579826
10504,1.086614966392517,64,892,585.2013984579826
10505,1.1255626678466797,64,892,585.2013984579826
10506,1.1228924989700317,64,892,585.2013984579826
10507,1.122321367263794,64,892,585.2013984579826
10508,1.1207157373428345,64,892,585.2013984579826
10509,1.11842942237854,64,892,585.2013984579826
10510,1.1166709661483765,64,892,585.2013984579826
10511,1.1151528358459473,64,892,585.2013984579826
10512,1.1143465042114258,64,892,585.2013984579826
10513,1.1138381958007812,64,892,585.2013984579826
10514,1.1134617328643799,64,892,585.2013984579826
10515,1.1131731271743774,64,892,585.2013984579826
10516,1.1121747493743896,64,892,585.2013984579826
10517,1.11150062084198,64,892,585.2013984579826
10518,1.1105748414993286,64,892,585.2013984579826
10519,1.1096159219741821,64,892,585.2013984579826
10520,1.1089496612548828,64,892,585.2013984579826
10521,1.1083624362945557,64,892,585.2013984579826
10522,1.1078453063964844,64,892,585.2013984579826
10523,1.107445478439331,64,892,585.2013984579826
10524,1.106976866722107,64,892,585.2013984579826
10525,1.1065211296081543,64,892,585.2013984579826
10526,1.1061547994613647,64,892,585.2013984579826
10527,1.1057270765304565,64,892,585.2013984579826
10528,1.1054257154464722,64,892,585.2013984579826
10529,1.1051076650619507,64,892,585.2013984579826
10530,1.1048368215560913,64,892,585.2013984579826
10531,1.1045594215393066,64,892,585.2013984579826
10532,1.104286551475525,64,892,585.2013984579826
10533,1.1040160655975342,64,892,585.2013984579826
10534,1.1037633419036865,64,892,585.2013984579826
10535,1.103531837463379,64,892,585.2013984579826
10536,1.103289008140564,64,892,585.2013984579826
10537,1.1030043363571167,64,892,585.2013984579826
10538,1.1027275323867798,64,892,585.2013984579826
10539,1.1024158000946045,64,892,585.2013984579826
10540,1.1021170616149902,64,892,585.2013984579826
10541,1.101863980293274,64,892,585.2013984579826
10542,1.1015981435775757,64,892,585.2013984579826
10543,1.101384162902832,64,892,585.2013984579826
10544,1.1011698246002197,64,892,585.2013984579826
10545,1.1009490489959717,64,892,585.2013984579826
10546,1.1007238626480103,64,892,585.2013984579826
10547,1.1005250215530396,64,892,585.2013984579826
10548,1.1003446578979492,64,892,585.2013984579826
10549,1.100205421447754,64,892,585.2013984579826
10550,1.10007905960083,64,892,585.2013984579826
10551,1.099956750869751,64,892,585.2013984579826
10552,1.0998272895812988,64,892,585.2013984579826
10553,1.0997276306152344,64,892,585.2013984579826
10554,1.0995978116989136,64,892,585.2013984579826
10555,1.0994855165481567,64,892,585.2013984579826
10556,1.0993750095367432,64,892,585.2013984579826
10557,1.0992473363876343,64,892,585.2013984579826
10558,1.0991365909576416,64,892,585.2013984579826
10559,1.0990082025527954,64,892,585.2013984579826
10560,1.0988956689834595,64,892,585.2013984579826
10561,1.0987699031829834,64,892,585.2013984579826
10562,1.0986510515213013,64,892,585.2013984579826
10563,1.0985275506973267,64,892,585.2013984579826
10564,1.0984257459640503,64,892,585.2013984579826
10565,1.0983444452285767,64,892,585.2013984579826
10566,1.09825599193573,64,892,585.2013984579826
10567,1.0981935262680054,64,892,585.2013984579826
10568,1.0981148481369019,64,892,585.2013984579826
10569,1.0980483293533325,64,892,585.2013984579826
10570,1.097975492477417,64,892,585.2013984579826
10571,1.0979104042053223,64,892,585.2013984579826
10572,1.097841501235962,64,892,585.2013984579826
10573,1.0977736711502075,64,892,585.2013984579826
10574,1.0977191925048828,64,892,585.2013984579826
10575,1.097659707069397,64,892,585.2013984579826
10576,1.0975919961929321,64,892,585.2013984579826
10577,1.0975401401519775,64,892,585.2013984579826
10578,1.0974857807159424,64,892,585.2013984579826
10579,1.0974349975585938,64,892,585.2013984579826
10580,1.0973926782608032,64,892,585.2013984579826
10581,1.09734046459198,64,892,585.2013984579826
10582,1.097298502922058,64,892,585.2013984579826
10583,1.0972539186477661,64,892,585.2013984579826
10584,1.0971989631652832,64,892,585.2013984579826
10585,1.0971472263336182,64,892,585.2013984579826
10586,1.0971238613128662,64,892,585.2013984579826
10587,1.0970724821090698,64,892,585.2013984579826
10588,1.0970226526260376,64,892,585.2013984579826
10589,1.0969760417938232,64,892,585.2013984579826
10590,1.0969350337982178,64,892,585.2013984579826
10591,1.0969226360321045,64,892,585.2013984579826
10592,1.0968648195266724,64,892,585.2013984579826
10593,1.096835732460022,64,892,585.2013984579826
10594,1.096792459487915,64,892,585.2013984579826
10595,1.0967669486999512,64,892,585.2013984579826
10596,1.096724271774292,64,892,585.2013984579826
10597,1.0966978073120117,64,892,585.2013984579826
10598,1.096666693687439,64,892,585.2013984579826
10599,1.096629023551941,64,892,585.2013984579826
10600,1.096596598625183,64,892,585.2013984579826
10601,1.0965644121170044,64,892,585.2013984579826
10602,1.0965418815612793,64,892,585.2013984579826
10603,1.09650719165802,64,892,585.2013984579826
10604,1.0964771509170532,64,892,585.2013984579826
10605,1.0964537858963013,64,892,585.2013984579826
10606,1.0964179039001465,64,892,585.2013984579826
10607,1.0963960886001587,64,892,585.2013984579826
10608,1.0963644981384277,64,892,585.2013984579826
10609,1.0963406562805176,64,892,585.2013984579826
10610,1.0963152647018433,64,892,585.2013984579826
10611,1.09628427028656,64,892,585.2013984579826
10612,1.0962640047073364,64,892,585.2013984579826
10613,1.0962352752685547,64,892,585.2013984579826
10614,1.0962218046188354,64,892,585.2013984579826
10615,1.096190094947815,64,892,585.2013984579826
10616,1.09614896774292,64,892,585.2013984579826
10617,1.0961380004882812,64,892,585.2013984579826
10618,1.096115231513977,64,892,585.2013984579826
10619,1.0960973501205444,64,892,585.2013984579826
10620,1.096069574356079,64,892,585.2013984579826
10621,1.0960661172866821,64,892,585.2013984579826
10622,1.096034288406372,64,892,585.2013984579826
10623,1.0960159301757812,64,892,585.2013984579826
10624,1.0959948301315308,64,892,585.2013984579826
10625,1.095962643623352,64,892,585.2013984579826
10626,1.0959640741348267,64,892,585.2013984579826
10627,1.0959231853485107,64,892,585.2013984579826
10628,1.0959073305130005,64,892,585.2013984579826
10629,1.095879316329956,64,892,585.2013984579826
10630,1.095868468284607,64,892,585.2013984579826
10631,1.095840334892273,64,892,585.2013984579826
10632,1.0958168506622314,64,892,585.2013984579826
10633,1.095810055732727,64,892,585.2013984579826
10634,1.095792293548584,64,892,585.2013984579826
10635,1.095762848854065,64,892,585.2013984579826
10636,1.09574294090271,64,892,585.2013984579826
10637,1.095733642578125,64,892,585.2013984579826
10638,1.0957237482070923,64,892,585.2013984579826
10639,1.0957027673721313,64,892,585.2013984579826
10640,1.0956789255142212,64,892,585.2013984579826
10641,1.0956684350967407,64,892,585.2013984579826
10642,1.0956541299819946,64,892,585.2013984579826
10643,1.0956251621246338,64,892,585.2013984579826
10644,1.0956087112426758,64,892,585.2013984579826
10645,1.0955888032913208,64,892,585.2013984579826
10646,1.0955843925476074,64,892,585.2013984579826
10647,1.0955731868743896,64,892,585.2013984579826
10648,1.0955426692962646,64,892,585.2013984579826
10649,1.095534324645996,64,892,585.2013984579826
10650,1.0955067873001099,64,892,585.2013984579826
10651,1.0954982042312622,64,892,585.2013984579826
10652,1.0954809188842773,64,892,585.2013984579826
10653,1.0954736471176147,64,892,585.2013984579826
10654,1.0954562425613403,64,892,585.2013984579826
10655,1.095441460609436,64,892,585.2013984579826
10656,1.0954209566116333,64,892,585.2013984579826
10657,1.0954116582870483,64,892,585.2013984579826
10658,1.095407485961914,64,892,585.2013984579826
10659,1.0953874588012695,64,892,585.2013984579826
10660,1.0953706502914429,64,892,585.2013984579826
10661,1.0953645706176758,64,892,585.2013984579826
10662,1.0953505039215088,64,892,585.2013984579826
10663,1.0953235626220703,64,892,585.2013984579826
10664,1.0953164100646973,64,892,585.2013984579826
10665,1.0952880382537842,64,892,585.2013984579826
10666,1.0952951908111572,64,892,585.2013984579826
10667,1.095273733139038,64,892,585.2013984579826
10668,1.0952597856521606,64,892,585.2013984579826
10669,1.095245599746704,64,892,585.2013984579826
10670,1.0952339172363281,64,892,585.2013984579826
10671,1.095221757888794,64,892,585.2013984579826
10672,1.0951999425888062,64,892,585.2013984579826
10673,1.0951899290084839,64,892,585.2013984579826
10674,1.0951793193817139,64,892,585.2013984579826
10675,1.0951805114746094,64,892,585.2013984579826
10676,1.0951615571975708,64,892,585.2013984579826
10677,1.0951558351516724,64,892,585.2013984579826
10678,1.0951443910598755,64,892,585.2013984579826
10679,1.0951288938522339,64,892,585.2013984579826
10680,1.0951164960861206,64,892,585.2013984579826
10681,1.0951052904129028,64,892,585.2013984579826
10682,1.0950920581817627,64,892,585.2013984579826
10683,1.095070242881775,64,892,585.2013984579826
10684,1.0950669050216675,64,892,585.2013984579826
10685,1.0950558185577393,64,892,585.2013984579826
10686,1.0950466394424438,64,892,585.2013984579826
10687,1.0950385332107544,64,892,585.2013984579826
10688,1.0950223207473755,64,892,585.2013984579826
10689,1.0950156450271606,64,892,585.2013984579826
10690,1.0950050354003906,64,892,585.2013984579826
10691,1.0949853658676147,64,892,585.2013984579826
10692,1.094960331916809,64,892,585.2013984579826
10693,1.0949634313583374,64,892,585.2013984579826
10694,1.0949459075927734,64,892,585.2013984579826
10695,1.0949422121047974,64,892,585.2013984579826
10696,1.0949294567108154,64,892,585.2013984579826
10697,1.0949301719665527,64,892,585.2013984579826
10698,1.0949150323867798,64,892,585.2013984579826
10699,1.0948907136917114,64,892,585.2013984579826
10700,1.0948928594589233,64,892,585.2013984579826
10701,1.0948729515075684,64,892,585.2013984579826
10702,1.0948795080184937,64,892,585.2013984579826
10703,1.094864845275879,64,892,585.2013984579826
10704,1.0948548316955566,64,892,585.2013984579826
10705,1.0948352813720703,64,892,585.2013984579826
10706,1.094825029373169,64,892,585.2013984579826
10707,1.094832181930542,64,892,585.2013984579826
10708,1.094796895980835,64,892,585.2013984579826
10709,1.0947988033294678,64,892,585.2013984579826
10710,1.0947917699813843,64,892,585.2013984579826
10711,1.0947901010513306,64,892,585.2013984579826
10712,1.0947822332382202,64,892,585.2013984579826
10713,1.0947743654251099,64,892,585.2013984579826
10714,1.094753384590149,64,892,585.2013984579826
10715,1.094745397567749,64,892,585.2013984579826
10716,1.0947383642196655,64,892,585.2013984579826
10717,1.0947335958480835,64,892,585.2013984579826
10718,1.0947132110595703,64,892,585.2013984579826
10719,1.0947151184082031,64,892,585.2013984579826
10720,1.0947006940841675,64,892,585.2013984579826
10721,1.0946847200393677,64,892,585.2013984579826
10722,1.0946723222732544,64,892,585.2013984579826
10723,1.0946801900863647,64,892,585.2013984579826
10724,1.094667911529541,64,892,585.2013984579826
10725,1.094658613204956,64,892,585.2013984579826
10726,1.0946459770202637,64,892,585.2013984579826
10727,1.0946345329284668,64,892,585.2013984579826
10728,1.0946319103240967,64,892,585.2013984579826
10729,1.0946264266967773,64,892,585.2013984579826
10730,1.0946143865585327,64,892,585.2013984579826
10731,1.0946049690246582,64,892,585.2013984579826
10732,1.0946110486984253,64,892,585.2013984579826
10733,1.0945911407470703,64,892,585.2013984579826
10734,1.094587802886963,64,892,585.2013984579826
10735,1.0945671796798706,64,892,585.2013984579826
10736,1.0945606231689453,64,892,585.2013984579826
10737,1.0945515632629395,64,892,585.2013984579826
10738,1.0945509672164917,64,892,585.2013984579826
10739,1.0945476293563843,64,892,585.2013984579826
10740,1.0945265293121338,64,892,585.2013984579826
10741,1.0945271253585815,64,892,585.2013984579826
10742,1.0945106744766235,64,892,585.2013984579826
10743,1.0945055484771729,64,892,585.2013984579826
10744,1.0944979190826416,64,892,585.2013984579826
10745,1.0944945812225342,64,892,585.2013984579826
10746,1.0944855213165283,64,892,585.2013984579826
10747,1.0944743156433105,64,892,585.2013984579826
10748,1.0944743156433105,64,892,585.2013984579826
10749,1.0944592952728271,64,892,585.2013984579826
10750,1.0944474935531616,64,892,585.2013984579826
10751,1.0944464206695557,64,892,585.2013984579826
10752,1.094438910484314,64,892,585.2013984579826
10753,1.0944409370422363,64,892,585.2013984579826
10754,1.094422459602356,64,892,585.2013984579826
10755,1.094428300857544,64,892,585.2013984579826
10756,1.0944139957427979,64,892,585.2013984579826
10757,1.0944095849990845,64,892,585.2013984579826
10758,1.094388723373413,64,892,585.2013984579826
10759,1.09439218044281,64,892,585.2013984579826
10760,1.094391107559204,64,892,585.2013984579826
10761,1.0943820476531982,64,892,585.2013984579826
10762,1.0943715572357178,64,892,585.2013984579826
10763,1.094353199005127,64,892,585.2013984579826
10764,1.0943636894226074,64,892,585.2013984579826
10765,1.0943505764007568,64,892,585.2013984579826
10766,1.0943435430526733,64,892,585.2013984579826
10767,1.0943387746810913,64,892,585.2013984579826
10768,1.094323992729187,64,892,585.2013984579826
10769,1.094312310218811,64,892,585.2013984579826
10770,1.0943176746368408,64,892,585.2013984579826
10771,1.0943101644515991,64,892,585.2013984579826
10772,1.0943071842193604,64,892,585.2013984579826
10773,1.0942951440811157,64,892,585.2013984579826
10774,1.0942964553833008,64,892,585.2013984579826
10775,1.094295859336853,64,892,585.2013984579826
10776,1.0942786931991577,64,892,585.2013984579826
10777,1.0942784547805786,64,892,585.2013984579826
10778,1.0942615270614624,64,892,585.2013984579826
10779,1.0942572355270386,64,892,585.2013984579826
10780,1.0942494869232178,64,892,585.2013984579826
10781,1.0942541360855103,64,892,585.2013984579826
10782,1.0942375659942627,64,892,585.2013984579826
10783,1.0942331552505493,64,892,585.2013984579826
10784,1.0942339897155762,64,892,585.2013984579826
10785,1.094218373298645,64,892,585.2013984579826
10786,1.0942143201828003,64,892,585.2013984579826
10787,1.094208836555481,64,892,585.2013984579826
10788,1.0942001342773438,64,892,585.2013984579826
10789,1.0941966772079468,64,892,585.2013984579826
10790,1.0941956043243408,64,892,585.2013984579826
10791,1.0941814184188843,64,892,585.2013984579826
10792,1.0941699743270874,64,892,585.2013984579826
10793,1.0941665172576904,64,892,585.2013984579826
10794,1.0941643714904785,64,892,585.2013984579826
10795,1.0941520929336548,64,892,585.2013984579826
10796,1.0941580533981323,64,892,585.2013984579826
10797,1.09414541721344,64,892,585.2013984579826
10798,1.0941450595855713,64,892,585.2013984579826
10799,1.0941405296325684,64,892,585.2013984579826
10800,1.0941362380981445,64,892,585.2013984579826
10801,1.0941228866577148,64,892,585.2013984579826
10802,1.0941226482391357,64,892,585.2013984579826
10803,1.0941113233566284,64,892,585.2013984579826
10804,1.0941106081008911,64,892,585.2013984579826
10805,1.0941033363342285,64,892,585.2013984579826
10806,1.0941027402877808,64,892,585.2013984579826
10807,1.0940964221954346,64,892,585.2013984579826
10808,1.0940831899642944,64,892,585.2013984579826
10809,1.0940848588943481,64,892,585.2013984579826
10810,1.0940800905227661,64,892,585.2013984579826
10811,1.0940697193145752,64,892,585.2013984579826
10812,1.0940748453140259,64,892,585.2013984579826
10813,1.0940643548965454,64,892,585.2013984579826
10814,1.0940639972686768,64,892,585.2013984579826
10815,1.094039797782898,64,892,585.2013984579826
10816,1.094050645828247,64,892,585.2013984579826
10817,1.0940455198287964,64,892,585.2013984579826
10818,1.0940282344818115,64,892,585.2013984579826
10819,1.0940239429473877,64,892,585.2013984579826
10820,1.0940239429473877,64,892,585.2013984579826
10821,1.0940173864364624,64,892,585.2013984579826
10822,1.0940182209014893,64,892,585.2013984579826
10823,1.0940024852752686,64,892,585.2013984579826
10824,1.093995213508606,64,892,585.2013984579826
10825,1.0939946174621582,64,892,585.2013984579826
10826,1.0939860343933105,64,892,585.2013984579826
10827,1.0939879417419434,64,892,585.2013984579826
10828,1.0939894914627075,64,892,585.2013984579826
10829,1.093973159790039,64,892,585.2013984579826
10830,1.0939654111862183,64,892,585.2013984579826
10831,1.0939664840698242,64,892,585.2013984579826
10832,1.0939737558364868,64,892,585.2013984579826
10833,1.0939419269561768,64,892,585.2013984579826
10834,1.0939512252807617,64,892,585.2013984579826
10835,1.0939404964447021,64,892,585.2013984579826
10836,1.0939406156539917,64,892,585.2013984579826
10837,1.0939371585845947,64,892,585.2013984579826
10838,1.0939198732376099,64,892,585.2013984579826
10839,1.0939239263534546,64,892,585.2013984579826
10840,1.0939102172851562,64,892,585.2013984579826
10841,1.0939202308654785,64,892,585.2013984579826
10842,1.0939173698425293,64,892,585.2013984579826
10843,1.0939151048660278,64,892,585.2013984579826
10844,1.0939007997512817,64,892,585.2013984579826
10845,1.0938899517059326,64,892,585.2013984579826
10846,1.0938822031021118,64,892,585.2013984579826
10847,1.0938844680786133,64,892,585.2013984579826
10848,1.093880295753479,64,892,585.2013984579826
10849,1.0938764810562134,64,892,585.2013984579826
10850,1.0938724279403687,64,892,585.2013984579826
10851,1.0938668251037598,64,892,585.2013984579826
10852,1.0938482284545898,64,892,585.2013984579826
10853,1.093865990638733,64,892,585.2013984579826
10854,1.0938642024993896,64,892,585.2013984579826
10855,1.0938438177108765,64,892,585.2013984579826
10856,1.0938470363616943,64,892,585.2013984579826
10857,1.0938361883163452,64,892,585.2013984579826
10858,1.093843936920166,64,892,585.2013984579826
10859,1.0938408374786377,64,892,585.2013984579826
10860,1.0938295125961304,64,892,585.2013984579826
10861,1.0938258171081543,64,892,585.2013984579826
10862,1.093834400177002,64,892,585.2013984579826
10863,1.0938159227371216,64,892,585.2013984579826
10864,1.0938210487365723,64,892,585.2013984579826
10865,1.0938059091567993,64,892,585.2013984579826
10866,1.0938063859939575,64,892,585.2013984579826
10867,1.0938043594360352,64,892,585.2013984579826
10868,1.093798279762268,64,892,585.2013984579826
10869,1.0937933921813965,64,892,585.2013984579826
10870,1.0937927961349487,64,892,585.2013984579826
10871,1.0937844514846802,64,892,585.2013984579826
10872,1.0937789678573608,64,892,585.2013984579826
10873,1.093778133392334,64,892,585.2013984579826
10874,1.0937680006027222,64,892,585.2013984579826
10875,1.0937632322311401,64,892,585.2013984579826
10876,1.0937669277191162,64,892,585.2013984579826
10877,1.0937492847442627,64,892,585.2013984579826
10878,1.0937529802322388,64,892,585.2013984579826
10879,1.0937522649765015,64,892,585.2013984579826
10880,1.093752384185791,64,892,585.2013984579826
10881,1.0937376022338867,64,892,585.2013984579826
10882,1.0937374830245972,64,892,585.2013984579826
10883,1.0937412977218628,64,892,585.2013984579826
10884,1.093737244606018,64,892,585.2013984579826
10885,1.093727946281433,64,892,585.2013984579826
10886,1.0937250852584839,64,892,585.2013984579826
10887,1.0937232971191406,64,892,585.2013984579826
10888,1.0937141180038452,64,892,585.2013984579826
10889,1.0937144756317139,64,892,585.2013984579826
10890,1.0937057733535767,64,892,585.2013984579826
10891,1.0937081575393677,64,892,585.2013984579826
10892,1.0936964750289917,64,892,585.2013984579826
10893,1.09369957447052,64,892,585.2013984579826
10894,1.0936864614486694,64,892,585.2013984579826
10895,1.0936846733093262,64,892,585.2013984579826
10896,1.093686819076538,64,892,585.2013984579826
10897,1.093685507774353,64,892,585.2013984579826
10898,1.093672513961792,64,892,585.2013984579826
10899,1.093652367591858,64,892,585.2013984579826
10900,1.093658685684204,64,892,585.2013984579826
10901,1.0936561822891235,64,892,585.2013984579826
10902,1.0936682224273682,64,892,585.2013984579826
10903,1.0936580896377563,64,892,585.2013984579826
10904,1.0936570167541504,64,892,585.2013984579826
10905,1.0936373472213745,64,892,585.2013984579826
10906,1.0936415195465088,64,892,585.2013984579826
10907,1.093641757965088,64,892,585.2013984579826
10908,1.0936371088027954,64,892,585.2013984579826
10909,1.0936322212219238,64,892,585.2013984579826
10910,1.0936279296875,64,892,585.2013984579826
10911,1.0936216115951538,64,892,585.2013984579826
10912,1.0936274528503418,64,892,585.2013984579826
10913,1.0936191082000732,64,892,585.2013984579826
10914,1.0936135053634644,64,892,585.2013984579826
10915,1.0936089754104614,64,892,585.2013984579826
10916,1.0936130285263062,64,892,585.2013984579826
10917,1.0936020612716675,64,892,585.2013984579826
10918,1.0935959815979004,64,892,585.2013984579826
10919,1.0936052799224854,64,892,585.2013984579826
10920,1.0935935974121094,64,892,585.2013984579826
10921,1.093587875366211,64,892,585.2013984579826
10922,1.0935834646224976,64,892,585.2013984579826
10923,1.0935791730880737,64,892,585.2013984579826
10924,1.0935853719711304,64,892,585.2013984579826
10925,1.0935602188110352,64,892,585.2013984579826
10926,1.0935739278793335,64,892,585.2013984579826
10927,1.0935674905776978,64,892,585.2013984579826
10928,1.0935698747634888,64,892,585.2013984579826
10929,1.0935715436935425,64,892,585.2013984579826
10930,1.0935560464859009,64,892,585.2013984579826
10931,1.0935434103012085,64,892,585.2013984579826
10932,1.0935559272766113,64,892,585.2013984579826
10933,1.0935466289520264,64,892,585.2013984579826
10934,1.0935395956039429,64,892,585.2013984579826
10935,1.0935454368591309,64,892,585.2013984579826
10936,1.093536376953125,64,892,585.2013984579826
10937,1.0935263633728027,64,892,585.2013984579826
10938,1.09353506565094,64,892,585.2013984579826
10939,1.0935295820236206,64,892,585.2013984579826
10940,1.093532919883728,64,892,585.2013984579826
10941,1.0935189723968506,64,892,585.2013984579826
10942,1.0935264825820923,64,892,585.2013984579826
10943,1.0935159921646118,64,892,585.2013984579826
10944,1.0935126543045044,64,892,585.2013984579826
10945,1.0934940576553345,64,892,585.2013984579826
10946,1.0934956073760986,64,892,585.2013984579826
10947,1.0934967994689941,64,892,585.2013984579826
10948,1.0934984683990479,64,892,585.2013984579826
10949,1.0934841632843018,64,892,585.2013984579826
10950,1.0934854745864868,64,892,585.2013984579826
10951,1.0934932231903076,64,892,585.2013984579826
10952,1.0934882164001465,64,892,585.2013984579826
10953,1.0934768915176392,64,892,585.2013984579826
10954,1.0934892892837524,64,892,585.2013984579826
10955,1.0934698581695557,64,892,585.2013984579826
10956,1.093481421470642,64,892,585.2013984579826
10957,1.09346604347229,64,892,585.2013984579826
10958,1.0934702157974243,64,892,585.2013984579826
10959,1.0934569835662842,64,892,585.2013984579826
10960,1.0934700965881348,64,892,585.2013984579826
10961,1.0934562683105469,64,892,585.2013984579826
10962,1.0934537649154663,64,892,585.2013984579826
10963,1.093447208404541,64,892,585.2013984579826
10964,1.0934349298477173,64,892,585.2013984579826
10965,1.0934478044509888,64,892,585.2013984579826
10966,1.093440055847168,64,892,585.2013984579826
10967,1.0934405326843262,64,892,585.2013984579826
10968,1.0934398174285889,64,892,585.2013984579826
10969,1.0934349298477173,64,892,585.2013984579826
10970,1.0934333801269531,64,892,585.2013984579826
10971,1.0934284925460815,64,892,585.2013984579826
10972,1.0934277772903442,64,892,585.2013984579826
10973,1.0934218168258667,64,892,585.2013984579826
10974,1.093410611152649,64,892,585.2013984579826
10975,1.0934141874313354,64,892,585.2013984579826
10976,1.0934120416641235,64,892,585.2013984579826
10977,1.0934033393859863,64,892,585.2013984579826
10978,1.0934125185012817,64,892,585.2013984579826
10979,1.0934016704559326,64,892,585.2013984579826
10980,1.0933985710144043,64,892,585.2013984579826
10981,1.0933923721313477,64,892,585.2013984579826
10982,1.0934041738510132,64,892,585.2013984579826
10983,1.0934051275253296,64,892,585.2013984579826
10984,1.0933783054351807,64,892,585.2013984579826
10985,1.0933841466903687,64,892,585.2013984579826
10986,1.0933784246444702,64,892,585.2013984579826
10987,1.093388319015503,64,892,585.2013984579826
10988,1.0933805704116821,64,892,585.2013984579826
10989,1.0933727025985718,64,892,585.2013984579826
10990,1.0933760404586792,64,892,585.2013984579826
10991,1.0933820009231567,64,892,585.2013984579826
10992,1.0933688879013062,64,892,585.2013984579826
10993,1.0933582782745361,64,892,585.2013984579826
10994,1.0933659076690674,64,892,585.2013984579826
10995,1.0933489799499512,64,892,585.2013984579826
10996,1.0933486223220825,64,892,585.2013984579826
10997,1.0933562517166138,64,892,585.2013984579826
10998,1.0933483839035034,64,892,585.2013984579826
10999,1.0933467149734497,64,892,585.2013984579826
11000,1.0933363437652588,64,892,585.2013984579826
11001,1.093332052230835,64,892,585.2013984579826
11002,1.0933424234390259,64,892,585.2013984579826
11003,1.0933443307876587,64,892,585.2013984579826
11004,1.0933351516723633,64,892,585.2013984579826
11005,1.0933337211608887,64,892,585.2013984579826
11006,1.0933294296264648,64,892,585.2013984579826
11007,1.093323826789856,64,892,585.2013984579826
11008,1.0933204889297485,64,892,585.2013984579826
11009,1.093319058418274,64,892,585.2013984579826
11010,1.0933105945587158,64,892,585.2013984579826
11011,1.0933197736740112,64,892,585.2013984579826
11012,1.0933274030685425,64,892,585.2013984579826
11013,1.093315601348877,64,892,585.2013984579826
11014,1.0933153629302979,64,892,585.2013984579826
11015,1.0933146476745605,64,892,585.2013984579826
11016,1.0933024883270264,64,892,585.2013984579826
11017,1.093291997909546,64,892,585.2013984579826
11018,1.0932992696762085,64,892,585.2013984579826
11019,1.0932936668395996,64,892,585.2013984579826
11020,1.0932890176773071,64,892,585.2013984579826
11021,1.093296766281128,64,892,585.2013984579826
11022,1.0932796001434326,64,892,585.2013984579826
11023,1.0932899713516235,64,892,585.2013984579826
11024,1.093284010887146,64,892,585.2013984579826
11025,1.0932739973068237,64,892,585.2013984579826
11026,1.0932769775390625,64,892,585.2013984579826
11027,1.0932749509811401,64,892,585.2013984579826
11028,1.093273401260376,64,892,585.2013984579826
11029,1.0932728052139282,64,892,585.2013984579826
11030,1.0932704210281372,64,892,585.2013984579826
11031,1.0932646989822388,64,892,585.2013984579826
11032,1.093258261680603,64,892,585.2013984579826
11033,1.0932559967041016,64,892,585.2013984579826
11034,1.0932542085647583,64,892,585.2013984579826
11035,1.0932611227035522,64,892,585.2013984579826
11036,1.0932607650756836,64,892,585.2013984579826
11037,1.0932559967041016,64,892,585.2013984579826
11038,1.0932570695877075,64,892,585.2013984579826
11039,1.0932501554489136,64,892,585.2013984579826
11040,1.093247652053833,64,892,585.2013984579826
11041,1.0932536125183105,64,892,585.2013984579826
11042,1.093233346939087,64,892,585.2013984579826
11043,1.0932388305664062,64,892,585.2013984579826
11044,1.093239426612854,64,892,585.2013984579826
11045,1.0932284593582153,64,892,585.2013984579826
11046,1.0932310819625854,64,892,585.2013984579826
11047,1.0932360887527466,64,892,585.2013984579826
11048,1.0932226181030273,64,892,585.2013984579826
11049,1.093234896659851,64,892,585.2013984579826
11050,1.0932117700576782,64,892,585.2013984579826
11051,1.0932154655456543,64,892,585.2013984579826
11052,1.0932196378707886,64,892,585.2013984579826
11053,1.0932068824768066,64,892,585.2013984579826
11054,1.093219518661499,64,892,585.2013984579826
11055,1.0932140350341797,64,892,585.2013984579826
11056,1.0932050943374634,64,892,585.2013984579826
11057,1.093205213546753,64,892,585.2013984579826
11058,1.0931990146636963,64,892,585.2013984579826
11059,1.0932037830352783,64,892,585.2013984579826
11060,1.0931940078735352,64,892,585.2013984579826
11061,1.093199372291565,64,892,585.2013984579826
11062,1.0931987762451172,64,892,585.2013984579826
11063,1.093193531036377,64,892,585.2013984579826
11064,1.093187928199768,64,892,585.2013984579826
11065,1.0931881666183472,64,892,585.2013984579826
11066,1.0931775569915771,64,892,585.2013984579826
11067,1.093186378479004,64,892,585.2013984579826
11068,1.0931801795959473,64,892,585.2013984579826
11069,1.0931752920150757,64,892,585.2013984579826
11070,1.0931698083877563,64,892,585.2013984579826
11071,1.0931700468063354,64,892,585.2013984579826
11072,1.093167781829834,64,892,585.2013984579826
11073,1.0931715965270996,64,892,585.2013984579826
11074,1.09316885471344,64,892,585.2013984579826
11075,1.093155026435852,64,892,585.2013984579826
11076,1.0931581258773804,64,892,585.2013984579826
11077,1.0931576490402222,64,892,585.2013984579826
11078,1.0931614637374878,64,892,585.2013984579826
11079,1.09315025806427,64,892,585.2013984579826
11080,1.0931519269943237,64,892,585.2013984579826
11081,1.0931531190872192,64,892,585.2013984579826
11082,1.0931397676467896,64,892,585.2013984579826
11083,1.0931459665298462,64,892,585.2013984579826
11084,1.0931370258331299,64,892,585.2013984579826
11085,1.0931352376937866,64,892,585.2013984579826
11086,1.093137502670288,64,892,585.2013984579826
11087,1.093134880065918,64,892,585.2013984579826
11088,1.0931342840194702,64,892,585.2013984579826
11089,1.0931298732757568,64,892,585.2013984579826
11090,1.093131422996521,64,892,585.2013984579826
11091,1.0931227207183838,64,892,585.2013984579826
11092,1.0931296348571777,64,892,585.2013984579826
11093,1.0931146144866943,64,892,585.2013984579826
11094,1.093123435974121,64,892,585.2013984579826
11095,1.093117117881775,64,892,585.2013984579826
11096,1.0931065082550049,64,892,585.2013984579826
11097,1.0931113958358765,64,892,585.2013984579826
11098,1.0931241512298584,64,892,585.2013984579826
11099,1.093105673789978,64,892,585.2013984579826
11100,1.093106746673584,64,892,585.2013984579826
11101,1.0931037664413452,64,892,585.2013984579826
11102,1.0931143760681152,64,892,585.2013984579826
11103,1.0931079387664795,64,892,585.2013984579826
11104,1.0931090116500854,64,892,585.2013984579826
11105,1.0930923223495483,64,892,585.2013984579826
11106,1.0930955410003662,64,892,585.2013984579826
11107,1.0931061506271362,64,892,585.2013984579826
11108,1.0931012630462646,64,892,585.2013984579826
11109,1.0930986404418945,64,892,585.2013984579826
11110,1.0930883884429932,64,892,585.2013984579826
11111,1.0930935144424438,64,892,585.2013984579826
11112,1.0930935144424438,64,892,585.2013984579826
11113,1.093077540397644,64,892,585.2013984579826
11114,1.0930742025375366,64,892,585.2013984579826
11115,1.0930726528167725,64,892,585.2013984579826
11116,1.0930676460266113,64,892,585.2013984579826
11117,1.0930730104446411,64,892,585.2013984579826
11118,1.093064785003662,64,892,585.2013984579826
11119,1.0930709838867188,64,892,585.2013984579826
11120,1.093071460723877,64,892,585.2013984579826
11121,1.0930593013763428,64,892,585.2013984579826
11122,1.0930700302124023,64,892,585.2013984579826
11123,1.0930585861206055,64,892,585.2013984579826
11124,1.0930641889572144,64,892,585.2013984579826
11125,1.0930471420288086,64,892,585.2013984579826
11126,1.0930534601211548,64,892,585.2013984579826
11127,1.0930674076080322,64,892,585.2013984579826
11128,1.0930577516555786,64,892,585.2013984579826
11129,1.0930583477020264,64,892,585.2013984579826
11130,1.093052625656128,64,892,585.2013984579826
11131,1.0930454730987549,64,892,585.2013984579826
11132,1.093042254447937,64,892,585.2013984579826
11133,1.0930451154708862,64,892,585.2013984579826
11134,1.093050479888916,64,892,585.2013984579826
11135,1.0930386781692505,64,892,585.2013984579826
11136,1.0930562019348145,64,892,585.2013984579826
11137,1.0930378437042236,64,892,585.2013984579826
11138,1.093037724494934,64,892,585.2013984579826
11139,1.093023657798767,64,892,585.2013984579826
11140,1.0930289030075073,64,892,585.2013984579826
11141,1.0930343866348267,64,892,585.2013984579826
11142,1.0930310487747192,64,892,585.2013984579826
11143,1.0930205583572388,64,892,585.2013984579826
11144,1.0930207967758179,64,892,585.2013984579826
11145,1.093023657798767,64,892,585.2013984579826
11146,1.093015432357788,64,892,585.2013984579826
11147,1.0930229425430298,64,892,585.2013984579826
11148,1.093021035194397,64,892,585.2013984579826
11149,1.0930143594741821,64,892,585.2013984579826
11150,1.0930237770080566,64,892,585.2013984579826
11151,1.0930067300796509,64,892,585.2013984579826
11152,1.0930066108703613,64,892,585.2013984579826
11153,1.092995047569275,64,892,585.2013984579826
11154,1.0930023193359375,64,892,585.2013984579826
11155,1.0930060148239136,64,892,585.2013984579826
11156,1.092995524406433,64,892,585.2013984579826
11157,1.0929943323135376,64,892,585.2013984579826
11158,1.0929917097091675,64,892,585.2013984579826
11159,1.092991828918457,64,892,585.2013984579826
11160,1.092993974685669,64,892,585.2013984579826
11161,1.0929911136627197,64,892,585.2013984579826
11162,1.0929971933364868,64,892,585.2013984579826
11163,1.0929895639419556,64,892,585.2013984579826
11164,1.0929863452911377,64,892,585.2013984579826
11165,1.0929697751998901,64,892,585.2013984579826
11166,1.0929725170135498,64,892,585.2013984579826
11167,1.09298574924469,64,892,585.2013984579826
11168,1.0929677486419678,64,892,585.2013984579826
11169,1.092963695526123,64,892,585.2013984579826
11170,1.0929663181304932,64,892,585.2013984579826
11171,1.0929714441299438,64,892,585.2013984579826
11172,1.092965841293335,64,892,585.2013984579826
11173,1.0929762125015259,64,892,585.2013984579826
11174,1.0929652452468872,64,892,585.2013984579826
11175,1.0929675102233887,64,892,585.2013984579826
11176,1.092963457107544,64,892,585.2013984579826
11177,1.0929648876190186,64,892,585.2013984579826
11178,1.0929594039916992,64,892,585.2013984579826
11179,1.0929510593414307,64,892,585.2013984579826
11180,1.092952013015747,64,892,585.2013984579826
11181,1.0929492712020874,64,892,585.2013984579826
11182,1.092942476272583,64,892,585.2013984579826
11183,1.0929375886917114,64,892,585.2013984579826
11184,1.0929423570632935,64,892,585.2013984579826
11185,1.0929481983184814,64,892,585.2013984579826
11186,1.092944860458374,64,892,585.2013984579826
11187,1.0929431915283203,64,892,585.2013984579826
11188,1.0929415225982666,64,892,585.2013984579826
11189,1.0929453372955322,64,892,585.2013984579826
11190,1.0929397344589233,64,892,585.2013984579826
11191,1.0929362773895264,64,892,585.2013984579826
11192,1.0929286479949951,64,892,585.2013984579826
11193,1.0929441452026367,64,892,585.2013984579826
11194,1.0929343700408936,64,892,585.2013984579826
11195,1.0929220914840698,64,892,585.2013984579826
11196,1.09292733669281,64,892,585.2013984579826
11197,1.0929157733917236,64,892,585.2013984579826
11198,1.092918872833252,64,892,585.2013984579826
11199,1.092917799949646,64,892,585.2013984579826
11200,1.0929328203201294,64,892,585.2013984579826
11201,1.0929172039031982,64,892,585.2013984579826
11202,1.092921257019043,64,892,585.2013984579826
11203,1.0929113626480103,64,892,585.2013984579826
11204,1.0929059982299805,64,892,585.2013984579826
11205,1.092905044555664,64,892,585.2013984579826
11206,1.0929046869277954,64,892,585.2013984579826
11207,1.0929102897644043,64,892,585.2013984579826
11208,1.0929006338119507,64,892,585.2013984579826
11209,1.0929086208343506,64,892,585.2013984579826
11210,1.0929057598114014,64,892,585.2013984579826
11211,1.0928986072540283,64,892,585.2013984579826
11212,1.0929111242294312,64,892,585.2013984579826
11213,1.0928950309753418,64,892,585.2013984579826
11214,1.0929033756256104,64,892,585.2013984579826
11215,1.09290611743927,64,892,585.2013984579826
11216,1.092889666557312,64,892,585.2013984579826
11217,1.0928891897201538,64,892,585.2013984579826
11218,1.0928943157196045,64,892,585.2013984579826
11219,1.0928949117660522,64,892,585.2013984579826
11220,1.0928893089294434,64,892,585.2013984579826
11221,1.0928845405578613,64,892,585.2013984579826
11222,1.0928913354873657,64,892,585.2013984579826
11223,1.0928834676742554,64,892,585.2013984579826
11224,1.0928884744644165,64,892,585.2013984579826
11225,1.0928770303726196,64,892,585.2013984579826
11226,1.0928860902786255,64,892,585.2013984579826
11227,1.0928705930709839,64,892,585.2013984579826
11228,1.0928714275360107,64,892,585.2013984579826
11229,1.0928692817687988,64,892,585.2013984579826
11230,1.0928707122802734,64,892,585.2013984579826
11231,1.0928727388381958,64,892,585.2013984579826
11232,1.092860460281372,64,892,585.2013984579826
11233,1.0928621292114258,64,892,585.2013984579826
11234,1.0928674936294556,64,892,585.2013984579826
11235,1.0928672552108765,64,892,585.2013984579826
11236,1.0928651094436646,64,892,585.2013984579826
11237,1.0928488969802856,64,892,585.2013984579826
11238,1.0928508043289185,64,892,585.2013984579826
11239,1.092865228652954,64,892,585.2013984579826
11240,1.0928367376327515,64,892,585.2013984579826
11241,1.0928634405136108,64,892,585.2013984579826
11242,1.092850923538208,64,892,585.2013984579826
11243,1.0928508043289185,64,892,585.2013984579826
11244,1.092838168144226,64,892,585.2013984579826
11245,1.0928374528884888,64,892,585.2013984579826
11246,1.0928555727005005,64,892,585.2013984579826
11247,1.0928428173065186,64,892,585.2013984579826
11248,1.092839241027832,64,892,585.2013984579826
11249,1.0928454399108887,64,892,585.2013984579826
11250,1.0928300619125366,64,892,585.2013984579826
11251,1.09284245967865,64,892,585.2013984579826
11252,1.0928289890289307,64,892,585.2013984579826
11253,1.0928308963775635,64,892,585.2013984579826
11254,1.09283447265625,64,892,585.2013984579826
11255,1.0928268432617188,64,892,585.2013984579826
11256,1.0928308963775635,64,892,585.2013984579826
11257,1.0928294658660889,64,892,585.2013984579826
11258,1.0928244590759277,64,892,585.2013984579826
11259,1.0928199291229248,64,892,585.2013984579826
11260,1.0928212404251099,64,892,585.2013984579826
11261,1.0928237438201904,64,892,585.2013984579826
11262,1.0928223133087158,64,892,585.2013984579826
11263,1.092821478843689,64,892,585.2013984579826
11264,1.0928131341934204,64,892,585.2013984579826
11265,1.092816948890686,64,892,585.2013984579826
11266,1.0928171873092651,64,892,585.2013984579826
11267,1.0928051471710205,64,892,585.2013984579826
11268,1.0928066968917847,64,892,585.2013984579826
11269,1.092813491821289,64,892,585.2013984579826
11270,1.0928202867507935,64,892,585.2013984579826
11271,1.0928010940551758,64,892,585.2013984579826
11272,1.0928113460540771,64,892,585.2013984579826
11273,1.0927929878234863,64,892,585.2013984579826
11274,1.0928038358688354,64,892,585.2013984579826
11275,1.0927972793579102,64,892,585.2013984579826
11276,1.0927969217300415,64,892,585.2013984579826
11277,1.0927917957305908,64,892,585.2013984579826
11278,1.0928019285202026,64,892,585.2013984579826
11279,1.0927985906600952,64,892,585.2013984579826
11280,1.0927882194519043,64,892,585.2013984579826
11281,1.0928055047988892,64,892,585.2013984579826
11282,1.092797875404358,64,892,585.2013984579826
11283,1.0927927494049072,64,892,585.2013984579826
11284,1.0927914381027222,64,892,585.2013984579826
11285,1.092782974243164,64,892,585.2013984579826
11286,1.0927917957305908,64,892,585.2013984579826
11287,1.0927754640579224,64,892,585.2013984579826
11288,1.0927753448486328,64,892,585.2013984579826
11289,1.0927706956863403,64,892,585.2013984579826
11290,1.092788577079773,64,892,585.2013984579826
11291,1.0927802324295044,64,892,585.2013984579826
11292,1.09278404712677,64,892,585.2013984579826
11293,1.0927823781967163,64,892,585.2013984579826
11294,1.092769742012024,64,892,585.2013984579826
11295,1.0927621126174927,64,892,585.2013984579826
11296,1.0927798748016357,64,892,585.2013984579826
11297,1.0927705764770508,64,892,585.2013984579826
11298,1.092771053314209,64,892,585.2013984579826
11299,1.0927579402923584,64,892,585.2013984579826
11300,1.0927683115005493,64,892,585.2013984579826
11301,1.0927692651748657,64,892,585.2013984579826
11302,1.0927621126174927,64,892,585.2013984579826
11303,1.0927656888961792,64,892,585.2013984579826
11304,1.0927543640136719,64,892,585.2013984579826
11305,1.0927613973617554,64,892,585.2013984579826
11306,1.0927605628967285,64,892,585.2013984579826
11307,1.0927540063858032,64,892,585.2013984579826
11308,1.092753291130066,64,892,585.2013984579826
11309,1.0927423238754272,64,892,585.2013984579826
11310,1.0927481651306152,64,892,585.2013984579826
11311,1.092746376991272,64,892,585.2013984579826
11312,1.0927536487579346,64,892,585.2013984579826
11313,1.0927520990371704,64,892,585.2013984579826
11314,1.0927457809448242,64,892,585.2013984579826
11315,1.092742919921875,64,892,585.2013984579826
11316,1.0927566289901733,64,892,585.2013984579826
11317,1.0927482843399048,64,892,585.2013984579826
11318,1.0927424430847168,64,892,585.2013984579826
11319,1.092739462852478,64,892,585.2013984579826
11320,1.09274160861969,64,892,585.2013984579826
11321,1.0927412509918213,64,892,585.2013984579826
11322,1.0927376747131348,64,892,585.2013984579826
11323,1.0927362442016602,64,892,585.2013984579826
11324,1.0927276611328125,64,892,585.2013984579826
11325,1.092728853225708,64,892,585.2013984579826
11326,1.0927186012268066,64,892,585.2013984579826
11327,1.0927274227142334,64,892,585.2013984579826
11328,1.0927352905273438,64,892,585.2013984579826
11329,1.0927141904830933,64,892,585.2013984579826
11330,1.0927181243896484,64,892,585.2013984579826
11331,1.0927306413650513,64,892,585.2013984579826
11332,1.0927278995513916,64,892,585.2013984579826
11333,1.0927213430404663,64,892,585.2013984579826
11334,1.092722773551941,64,892,585.2013984579826
11335,1.0927152633666992,64,892,585.2013984579826
11336,1.0927189588546753,64,892,585.2013984579826
11337,1.0927225351333618,64,892,585.2013984579826
11338,1.092726469039917,64,892,585.2013984579826
11339,1.0927071571350098,64,892,585.2013984579826
11340,1.0927107334136963,64,892,585.2013984579826
11341,1.0927097797393799,64,892,585.2013984579826
11342,1.092716932296753,64,892,585.2013984579826
11343,1.0927073955535889,64,892,585.2013984579826
11344,1.092695951461792,64,892,585.2013984579826
11345,1.092700481414795,64,892,585.2013984579826
11346,1.0927081108093262,64,892,585.2013984579826
11347,1.092710018157959,64,892,585.2013984579826
11348,1.0926947593688965,64,892,585.2013984579826
11349,1.0927060842514038,64,892,585.2013984579826
11350,1.092686653137207,64,892,585.2013984579826
11351,1.092703104019165,64,892,585.2013984579826
11352,1.0926929712295532,64,892,585.2013984579826
11353,1.092691421508789,64,892,585.2013984579826
11354,1.0926915407180786,64,892,585.2013984579826
11355,1.0926896333694458,64,892,585.2013984579826
11356,1.0926841497421265,64,892,585.2013984579826
11357,1.0926861763000488,64,892,585.2013984579826
11358,1.0926848649978638,64,892,585.2013984579826
11359,1.0926848649978638,64,892,585.2013984579826
11360,1.0926926136016846,64,892,585.2013984579826
11361,1.0926882028579712,64,892,585.2013984579826
11362,1.09268057346344,64,892,585.2013984579826
11363,1.092692494392395,64,892,585.2013984579826
11364,1.0926827192306519,64,892,585.2013984579826
11365,1.092681884765625,64,892,585.2013984579826
11366,1.0926851034164429,64,892,585.2013984579826
11367,1.0926787853240967,64,892,585.2013984579826
11368,1.092678189277649,64,892,585.2013984579826
11369,1.0926790237426758,64,892,585.2013984579826
11370,1.0926811695098877,64,892,585.2013984579826
11371,1.0926733016967773,64,892,585.2013984579826
11372,1.092668890953064,64,892,585.2013984579826
11373,1.092670202255249,64,892,585.2013984579826
11374,1.0926644802093506,64,892,585.2013984579826
11375,1.0926729440689087,64,892,585.2013984579826
11376,1.0926564931869507,64,892,585.2013984579826
11377,1.092665195465088,64,892,585.2013984579826
11378,1.092668056488037,64,892,585.2013984579826
11379,1.0926673412322998,64,892,585.2013984579826
11380,1.0926659107208252,64,892,585.2013984579826
11381,1.0926645994186401,64,892,585.2013984579826
11382,1.092664122581482,64,892,585.2013984579826
11383,1.0926707983016968,64,892,585.2013984579826
11384,1.0926545858383179,64,892,585.2013984579826
11385,1.092659831047058,64,892,585.2013984579826
11386,1.0926594734191895,64,892,585.2013984579826
11387,1.0926603078842163,64,892,585.2013984579826
11388,1.092660665512085,64,892,585.2013984579826
11389,1.0926506519317627,64,892,585.2013984579826
11390,1.0926495790481567,64,892,585.2013984579826
11391,1.0926581621170044,64,892,585.2013984579826
11392,1.092646837234497,64,892,585.2013984579826
11393,1.0926450490951538,64,892,585.2013984579826
11394,1.0926473140716553,64,892,585.2013984579826
11395,1.0926525592803955,64,892,585.2013984579826
11396,1.0926473140716553,64,892,585.2013984579826
11397,1.0926471948623657,64,892,585.2013984579826
11398,1.092651605606079,64,892,585.2013984579826
11399,1.0926371812820435,64,892,585.2013984579826
11400,1.092643141746521,64,892,585.2013984579826
11401,1.0926382541656494,64,892,585.2013984579826
11402,1.092636227607727,64,892,585.2013984579826
11403,1.092645287513733,64,892,585.2013984579826
11404,1.0926345586776733,64,892,585.2013984579826
11405,1.0926321744918823,64,892,585.2013984579826
11406,1.0926265716552734,64,892,585.2013984579826
11407,1.09263014793396,64,892,585.2013984579826
11408,1.0926302671432495,64,892,585.2013984579826
11409,1.0926268100738525,64,892,585.2013984579826
11410,1.0926249027252197,64,892,585.2013984579826
11411,1.0926287174224854,64,892,585.2013984579826
11412,1.0926250219345093,64,892,585.2013984579826
11413,1.092628836631775,64,892,585.2013984579826
11414,1.092624545097351,64,892,585.2013984579826
11415,1.0926190614700317,64,892,585.2013984579826
11416,1.0926223993301392,64,892,585.2013984579826
11417,1.0926268100738525,64,892,585.2013984579826
11418,1.092616081237793,64,892,585.2013984579826
11419,1.0926159620285034,64,892,585.2013984579826
11420,1.0926200151443481,64,892,585.2013984579826
11421,1.0926209688186646,64,892,585.2013984579826
11422,1.0926246643066406,64,892,585.2013984579826
11423,1.0926072597503662,64,892,585.2013984579826
11424,1.0926111936569214,64,892,585.2013984579826
11425,1.092615008354187,64,892,585.2013984579826
11426,1.0926094055175781,64,892,585.2013984579826
11427,1.0926094055175781,64,892,585.2013984579826
11428,1.0926116704940796,64,892,585.2013984579826
11429,1.0926017761230469,64,892,585.2013984579826
11430,1.092602252960205,64,892,585.2013984579826
11431,1.0926024913787842,64,892,585.2013984579826
11432,1.0926005840301514,64,892,585.2013984579826
11433,1.0926110744476318,64,892,585.2013984579826
11434,1.0926063060760498,64,892,585.2013984579826
11435,1.0926034450531006,64,892,585.2013984579826
11436,1.0925981998443604,64,892,585.2013984579826
11437,1.0925986766815186,64,892,585.2013984579826
11438,1.092592477798462,64,892,585.2013984579826
11439,1.0925817489624023,64,892,585.2013984579826
11440,1.0925869941711426,64,892,585.2013984579826
11441,1.0925911664962769,64,892,585.2013984579826
11442,1.0925960540771484,64,892,585.2013984579826
11443,1.0925891399383545,64,892,585.2013984579826
11444,1.0925878286361694,64,892,585.2013984579826
11445,1.092590093612671,64,892,585.2013984579826
11446,1.0925796031951904,64,892,585.2013984579826
11447,1.092585802078247,64,892,585.2013984579826
11448,1.09260094165802,64,892,585.2013984579826
11449,1.092588186264038,64,892,585.2013984579826
11450,1.0925875902175903,64,892,585.2013984579826
11451,1.0925860404968262,64,892,585.2013984579826
11452,1.0925766229629517,64,892,585.2013984579826
11453,1.092577338218689,64,892,585.2013984579826
11454,1.092577576637268,64,892,585.2013984579826
11455,1.0925753116607666,64,892,585.2013984579826
11456,1.0925816297531128,64,892,585.2013984579826
11457,1.0925819873809814,64,892,585.2013984579826
11458,1.0925796031951904,64,892,585.2013984579826
11459,1.0925743579864502,64,892,585.2013984579826
11460,1.0925787687301636,64,892,585.2013984579826
11461,1.0925748348236084,64,892,585.2013984579826
11462,1.092575192451477,64,892,585.2013984579826
11463,1.0925875902175903,64,892,585.2013984579826
11464,1.0925774574279785,64,892,585.2013984579826
11465,1.0925723314285278,64,892,585.2013984579826
11466,1.0925772190093994,64,892,585.2013984579826
11467,1.092566728591919,64,892,585.2013984579826
11468,1.0925687551498413,64,892,585.2013984579826
11469,1.0925683975219727,64,892,585.2013984579826
11470,1.0925748348236084,64,892,585.2013984579826
11471,1.092567801475525,64,892,585.2013984579826
11472,1.0925644636154175,64,892,585.2013984579826
11473,1.0925631523132324,64,892,585.2013984579826
11474,1.0925695896148682,64,892,585.2013984579826
11475,1.0925699472427368,64,892,585.2013984579826
11476,1.092559576034546,64,892,585.2013984579826
11477,1.0925575494766235,64,892,585.2013984579826
11478,1.0925638675689697,64,892,585.2013984579826
11479,1.0925641059875488,64,892,585.2013984579826
11480,1.0925575494766235,64,892,585.2013984579826
11481,1.0925581455230713,64,892,585.2013984579826
11482,1.0925511121749878,64,892,585.2013984579826
11483,1.0925577878952026,64,892,585.2013984579826
11484,1.0925540924072266,64,892,585.2013984579826
11485,1.0925489664077759,64,892,585.2013984579826
11486,1.0925533771514893,64,892,585.2013984579826
11487,1.0925507545471191,64,892,585.2013984579826
11488,1.0925538539886475,64,892,585.2013984579826
11489,1.09255051612854,64,892,585.2013984579826
11490,1.0925428867340088,64,892,585.2013984579826
11491,1.092542290687561,64,892,585.2013984579826
11492,1.0925463438034058,64,892,585.2013984579826
11493,1.0925437211990356,64,892,585.2013984579826
11494,1.092542290687561,64,892,585.2013984579826
11495,1.0925403833389282,64,892,585.2013984579826
11496,1.0925482511520386,64,892,585.2013984579826
11497,1.0925397872924805,64,892,585.2013984579826
11498,1.0925432443618774,64,892,585.2013984579826
11499,1.0925430059432983,64,892,585.2013984579826
11500,1.0925390720367432,64,892,585.2013984579826
11501,1.0925379991531372,64,892,585.2013984579826
11502,1.0925356149673462,64,892,585.2013984579826
11503,1.0925270318984985,64,892,585.2013984579826
11504,1.0925369262695312,64,892,585.2013984579826
11505,1.0925261974334717,64,892,585.2013984579826
11506,1.092530608177185,64,892,585.2013984579826
11507,1.092519998550415,64,892,585.2013984579826
11508,1.0925198793411255,64,892,585.2013984579826
11509,1.0925313234329224,64,892,585.2013984579826
11510,1.0925202369689941,64,892,585.2013984579826
11511,1.0925192832946777,64,892,585.2013984579826
11512,1.092513918876648,64,892,585.2013984579826
11513,1.092514991760254,64,892,585.2013984579826
11514,1.0925185680389404,64,892,585.2013984579826
11515,1.092513918876648,64,892,585.2013984579826
11516,1.092524528503418,64,892,585.2013984579826
11517,1.0925230979919434,64,892,585.2013984579826
11518,1.0925120115280151,64,892,585.2013984579826
11519,1.0925213098526,64,892,585.2013984579826
11520,1.0925172567367554,64,892,585.2013984579826
11521,1.0925090312957764,64,892,585.2013984579826
11522,1.0925225019454956,64,892,585.2013984579826
11523,1.092508316040039,64,892,585.2013984579826
11524,1.092511773109436,64,892,585.2013984579826
11525,1.0924992561340332,64,892,585.2013984579826
11526,1.0925095081329346,64,892,585.2013984579826
11527,1.0925122499465942,64,892,585.2013984579826
11528,1.0925140380859375,64,892,585.2013984579826
11529,1.0925045013427734,64,892,585.2013984579826
11530,1.0925190448760986,64,892,585.2013984579826
11531,1.0925064086914062,64,892,585.2013984579826
11532,1.0925087928771973,64,892,585.2013984579826
11533,1.0925061702728271,64,892,585.2013984579826
11534,1.0924991369247437,64,892,585.2013984579826
11535,1.092503309249878,64,892,585.2013984579826
11536,1.0925028324127197,64,892,585.2013984579826
11537,1.0925042629241943,64,892,585.2013984579826
11538,1.0924899578094482,64,892,585.2013984579826
11539,1.0924938917160034,64,892,585.2013984579826
11540,1.092508316040039,64,892,585.2013984579826
11541,1.092494010925293,64,892,585.2013984579826
11542,1.0925084352493286,64,892,585.2013984579826
11543,1.0925017595291138,64,892,585.2013984579826
11544,1.0924956798553467,64,892,585.2013984579826
11545,1.0924943685531616,64,892,585.2013984579826
11546,1.0924959182739258,64,892,585.2013984579826
11547,1.09248685836792,64,892,585.2013984579826
11548,1.0924859046936035,64,892,585.2013984579826
11549,1.0924805402755737,64,892,585.2013984579826
11550,1.0924726724624634,64,892,585.2013984579826
11551,1.0924882888793945,64,892,585.2013984579826
11552,1.0924853086471558,64,892,585.2013984579826
11553,1.092474341392517,64,892,585.2013984579826
11554,1.0924874544143677,64,892,585.2013984579826
11555,1.0924850702285767,64,892,585.2013984579826
11556,1.092476725578308,64,892,585.2013984579826
11557,1.092475414276123,64,892,585.2013984579826
11558,1.0924686193466187,64,892,585.2013984579826
11559,1.0924817323684692,64,892,585.2013984579826
11560,1.0924779176712036,64,892,585.2013984579826
11561,1.0924650430679321,64,892,585.2013984579826
11562,1.092472791671753,64,892,585.2013984579826
11563,1.0924736261367798,64,892,585.2013984579826
11564,1.0924665927886963,64,892,585.2013984579826
11565,1.0924736261367798,64,892,585.2013984579826
11566,1.0924725532531738,64,892,585.2013984579826
11567,1.0924794673919678,64,892,585.2013984579826
11568,1.092463493347168,64,892,585.2013984579826
11569,1.0924620628356934,64,892,585.2013984579826
11570,1.0924509763717651,64,892,585.2013984579826
11571,1.092475414276123,64,892,585.2013984579826
11572,1.0924639701843262,64,892,585.2013984579826
11573,1.092469573020935,64,892,585.2013984579826
11574,1.0924760103225708,64,892,585.2013984579826
11575,1.0924570560455322,64,892,585.2013984579826
11576,1.092462182044983,64,892,585.2013984579826
11577,1.0924655199050903,64,892,585.2013984579826
11578,1.0924650430679321,64,892,585.2013984579826
11579,1.0924553871154785,64,892,585.2013984579826
11580,1.0924663543701172,64,892,585.2013984579826
11581,1.0924607515335083,64,892,585.2013984579826
11582,1.092453122138977,64,892,585.2013984579826
11583,1.092460036277771,64,892,585.2013984579826
11584,1.092448353767395,64,892,585.2013984579826
11585,1.0924447774887085,64,892,585.2013984579826
11586,1.092457890510559,64,892,585.2013984579826
11587,1.0924447774887085,64,892,585.2013984579826
11588,1.0924478769302368,64,892,585.2013984579826
11589,1.0924456119537354,64,892,585.2013984579826
11590,1.092456579208374,64,892,585.2013984579826
11591,1.092442512512207,64,892,585.2013984579826
11592,1.0924443006515503,64,892,585.2013984579826
11593,1.0924469232559204,64,892,585.2013984579826
11594,1.092448353767395,64,892,585.2013984579826
11595,1.0924361944198608,64,892,585.2013984579826
11596,1.0924391746520996,64,892,585.2013984579826
11597,1.0924404859542847,64,892,585.2013984579826
11598,1.0924395322799683,64,892,585.2013984579826
11599,1.0924485921859741,64,892,585.2013984579826
11600,1.0924428701400757,64,892,585.2013984579826
11601,1.0924372673034668,64,892,585.2013984579826
11602,1.092441201210022,64,892,585.2013984579826
11603,1.0924383401870728,64,892,585.2013984579826
11604,1.0924369096755981,64,892,585.2013984579826
11605,1.0924432277679443,64,892,585.2013984579826
11606,1.092448115348816,64,892,585.2013984579826
11607,1.0924345254898071,64,892,585.2013984579826
11608,1.09243643283844,64,892,585.2013984579826
11609,1.0924277305603027,64,892,585.2013984579826
11610,1.0924303531646729,64,892,585.2013984579826
11611,1.0924263000488281,64,892,585.2013984579826
11612,1.0924347639083862,64,892,585.2013984579826
11613,1.0924264192581177,64,892,585.2013984579826
11614,1.0924240350723267,64,892,585.2013984579826
11615,1.092437982559204,64,892,585.2013984579826
11616,1.0924286842346191,64,892,585.2013984579826
11617,1.0924302339553833,64,892,585.2013984579826
11618,1.092421293258667,64,892,585.2013984579826
11619,1.0924232006072998,64,892,585.2013984579826
11620,1.0924227237701416,64,892,585.2013984579826
11621,1.0924320220947266,64,892,585.2013984579826
11622,1.0924263000488281,64,892,585.2013984579826
11623,1.092419981956482,64,892,585.2013984579826
11624,1.0924183130264282,64,892,585.2013984579826
11625,1.092411756515503,64,892,585.2013984579826
11626,1.092428207397461,64,892,585.2013984579826
11627,1.0924228429794312,64,892,585.2013984579826
11628,1.092409610748291,64,892,585.2013984579826
11629,1.092419147491455,64,892,585.2013984579826
11630,1.0924147367477417,64,892,585.2013984579826
11631,1.0924190282821655,64,892,585.2013984579826
11632,1.092423677444458,64,892,585.2013984579826
11633,1.0924129486083984,64,892,585.2013984579826
11634,1.0924158096313477,64,892,585.2013984579826
11635,1.0924098491668701,64,892,585.2013984579826
11636,1.092413067817688,64,892,585.2013984579826
11637,1.0924198627471924,64,892,585.2013984579826
11638,1.0924147367477417,64,892,585.2013984579826
11639,1.0923962593078613,64,892,585.2013984579826
11640,1.0924123525619507,64,892,585.2013984579826
11641,1.0924087762832642,64,892,585.2013984579826
11642,1.0924054384231567,64,892,585.2013984579826
11643,1.0924016237258911,64,892,585.2013984579826
11644,1.092411756515503,64,892,585.2013984579826
11645,1.0924041271209717,64,892,585.2013984579826
11646,1.0924049615859985,64,892,585.2013984579826
11647,1.0923947095870972,64,892,585.2013984579826
11648,1.0923954248428345,64,892,585.2013984579826
11649,1.0923988819122314,64,892,585.2013984579826
11650,1.0924052000045776,64,892,585.2013984579826
11651,1.0924021005630493,64,892,585.2013984579826
11652,1.0923967361450195,64,892,585.2013984579826
11653,1.0924094915390015,64,892,585.2013984579826
11654,1.0924030542373657,64,892,585.2013984579826
11655,1.0924090147018433,64,892,585.2013984579826
11656,1.092403531074524,64,892,585.2013984579826
11657,1.0924073457717896,64,892,585.2013984579826
11658,1.0924001932144165,64,892,585.2013984579826
11659,1.0923954248428345,64,892,585.2013984579826
11660,1.0923900604248047,64,892,585.2013984579826
11661,1.0924031734466553,64,892,585.2013984579826
11662,1.092392921447754,64,892,585.2013984579826
11663,1.0923898220062256,64,892,585.2013984579826
11664,1.0923967361450195,64,892,585.2013984579826
11665,1.0923948287963867,64,892,585.2013984579826
11666,1.0923932790756226,64,892,585.2013984579826
11667,1.0923981666564941,64,892,585.2013984579826
11668,1.092393159866333,64,892,585.2013984579826
11669,1.092391014099121,64,892,585.2013984579826
11670,1.092389702796936,64,892,585.2013984579826
11671,1.0923885107040405,64,892,585.2013984579826
11672,1.0923882722854614,64,892,585.2013984579826
11673,1.0923808813095093,64,892,585.2013984579826
11674,1.0923808813095093,64,892,585.2013984579826
11675,1.0923761129379272,64,892,585.2013984579826
11676,1.092387080192566,64,892,585.2013984579826
11677,1.092380404472351,64,892,585.2013984579826
11678,1.0923771858215332,64,892,585.2013984579826
11679,1.0923736095428467,64,892,585.2013984579826
11680,1.0923676490783691,64,892,585.2013984579826
11681,1.0923762321472168,64,892,585.2013984579826
11682,1.092369794845581,64,892,585.2013984579826
11683,1.0923746824264526,64,892,585.2013984579826
11684,1.092376470565796,64,892,585.2013984579826
11685,1.0923765897750854,64,892,585.2013984579826
11686,1.0923727750778198,64,892,585.2013984579826
11687,1.0923781394958496,64,892,585.2013984579826
11688,1.0923776626586914,64,892,585.2013984579826
11689,1.0923669338226318,64,892,585.2013984579826
11690,1.0923750400543213,64,892,585.2013984579826
11691,1.0923715829849243,64,892,585.2013984579826
11692,1.0923627614974976,64,892,585.2013984579826
11693,1.0923831462860107,64,892,585.2013984579826
11694,1.0923599004745483,64,892,585.2013984579826
11695,1.0923658609390259,64,892,585.2013984579826
11696,1.0923693180084229,64,892,585.2013984579826
11697,1.0923575162887573,64,892,585.2013984579826
11698,1.092355489730835,64,892,585.2013984579826
11699,1.0923659801483154,64,892,585.2013984579826
11700,1.092353105545044,64,892,585.2013984579826
11701,1.0923519134521484,64,892,585.2013984579826
11702,1.0923588275909424,64,892,585.2013984579826
11703,1.092367172241211,64,892,585.2013984579826
11704,1.092355728149414,64,892,585.2013984579826
11705,1.092357873916626,64,892,585.2013984579826
11706,1.0923537015914917,64,892,585.2013984579826
11707,1.0923545360565186,64,892,585.2013984579826
11708,1.0923577547073364,64,892,585.2013984579826
11709,1.0923566818237305,64,892,585.2013984579826
11710,1.0923572778701782,64,892,585.2013984579826
11711,1.0923559665679932,64,892,585.2013984579826
11712,1.09234619140625,64,892,585.2013984579826
11713,1.0923405885696411,64,892,585.2013984579826
11714,1.0923560857772827,64,892,585.2013984579826
11715,1.0923494100570679,64,892,585.2013984579826
11716,1.0923575162887573,64,892,585.2013984579826
11717,1.0923470258712769,64,892,585.2013984579826
11718,1.0923539400100708,64,892,585.2013984579826
11719,1.0923383235931396,64,892,585.2013984579826
11720,1.0923337936401367,64,892,585.2013984579826
11721,1.0923371315002441,64,892,585.2013984579826
11722,1.0923405885696411,64,892,585.2013984579826
11723,1.0923436880111694,64,892,585.2013984579826
11724,1.0923454761505127,64,892,585.2013984579826
11725,1.092336654663086,64,892,585.2013984579826
11726,1.092336893081665,64,892,585.2013984579826
11727,1.0923404693603516,64,892,585.2013984579826
11728,1.092336654663086,64,892,585.2013984579826
11729,1.0923389196395874,64,892,585.2013984579826
11730,1.0923353433609009,64,892,585.2013984579826
11731,1.092332124710083,64,892,585.2013984579826
11732,1.0923353433609009,64,892,585.2013984579826
11733,1.0923328399658203,64,892,585.2013984579826
11734,1.092341661453247,64,892,585.2013984579826
11735,1.092337727546692,64,892,585.2013984579826
11736,1.0923314094543457,64,892,585.2013984579826
11737,1.0923289060592651,64,892,585.2013984579826
11738,1.0923365354537964,64,892,585.2013984579826
11739,1.092332363128662,64,892,585.2013984579826
11740,1.0923285484313965,64,892,585.2013984579826
11741,1.0923420190811157,64,892,585.2013984579826
11742,1.0923271179199219,64,892,585.2013984579826
11743,1.0923124551773071,64,892,585.2013984579826
11744,1.0923174619674683,64,892,585.2013984579826
11745,1.0923271179199219,64,892,585.2013984579826
11746,1.092321753501892,64,892,585.2013984579826
11747,1.0923315286636353,64,892,585.2013984579826
11748,1.09232759475708,64,892,585.2013984579826
11749,1.0923177003860474,64,892,585.2013984579826
11750,1.092321515083313,64,892,585.2013984579826
11751,1.092319369316101,64,892,585.2013984579826
11752,1.0923181772232056,64,892,585.2013984579826
11753,1.0923128128051758,64,892,585.2013984579826
11754,1.0923227071762085,64,892,585.2013984579826
11755,1.092318058013916,64,892,585.2013984579826
11756,1.092315673828125,64,892,585.2013984579826
11757,1.0923230648040771,64,892,585.2013984579826
11758,1.092313528060913,64,892,585.2013984579826
11759,1.0923157930374146,64,892,585.2013984579826
11760,1.0923105478286743,64,892,585.2013984579826
11761,1.092315435409546,64,892,585.2013984579826
11762,1.0923094749450684,64,892,585.2013984579826
11763,1.0923163890838623,64,892,585.2013984579826
11764,1.0923089981079102,64,892,585.2013984579826
11765,1.092319130897522,64,892,585.2013984579826
11766,1.092315912246704,64,892,585.2013984579826
11767,1.0923113822937012,64,892,585.2013984579826
11768,1.092301845550537,64,892,585.2013984579826
11769,1.092317819595337,64,892,585.2013984579826
11770,1.092307448387146,64,892,585.2013984579826
11771,1.0923161506652832,64,892,585.2013984579826
11772,1.0923060178756714,64,892,585.2013984579826
11773,1.0923099517822266,64,892,585.2013984579826
11774,1.0923001766204834,64,892,585.2013984579826
11775,1.0923091173171997,64,892,585.2013984579826
11776,1.092305302619934,64,892,585.2013984579826
11777,1.0923032760620117,64,892,585.2013984579826
11778,1.0922982692718506,64,892,585.2013984579826
11779,1.0923031568527222,64,892,585.2013984579826
11780,1.0923099517822266,64,892,585.2013984579826
11781,1.0923128128051758,64,892,585.2013984579826
11782,1.092298984527588,64,892,585.2013984579826
11783,1.0923064947128296,64,892,585.2013984579826
11784,1.092305064201355,64,892,585.2013984579826
11785,1.0923014879226685,64,892,585.2013984579826
11786,1.0922918319702148,64,892,585.2013984579826
11787,1.0922956466674805,64,892,585.2013984579826
11788,1.0922991037368774,64,892,585.2013984579826
11789,1.0922958850860596,64,892,585.2013984579826
11790,1.0923014879226685,64,892,585.2013984579826
11791,1.092298150062561,64,892,585.2013984579826
11792,1.092283844947815,64,892,585.2013984579826
11793,1.0922852754592896,64,892,585.2013984579826
11794,1.0922921895980835,64,892,585.2013984579826
11795,1.0922905206680298,64,892,585.2013984579826
11796,1.092286229133606,64,892,585.2013984579826
11797,1.0922971963882446,64,892,585.2013984579826
11798,1.0922844409942627,64,892,585.2013984579826
11799,1.092294454574585,64,892,585.2013984579826
11800,1.0922842025756836,64,892,585.2013984579826
11801,1.0922846794128418,64,892,585.2013984579826
11802,1.0922842025756836,64,892,585.2013984579826
11803,1.0922993421554565,64,892,585.2013984579826
11804,1.0922894477844238,64,892,585.2013984579826
11805,1.0922901630401611,64,892,585.2013984579826
11806,1.0922764539718628,64,892,585.2013984579826
11807,1.0922883749008179,64,892,585.2013984579826
11808,1.0922925472259521,64,892,585.2013984579826
11809,1.0922906398773193,64,892,585.2013984579826
11810,1.0922901630401611,64,892,585.2013984579826
11811,1.092284083366394,64,892,585.2013984579826
11812,1.0922868251800537,64,892,585.2013984579826
11813,1.0922837257385254,64,892,585.2013984579826
11814,1.0922884941101074,64,892,585.2013984579826
11815,1.0922845602035522,64,892,585.2013984579826
11816,1.0922788381576538,64,892,585.2013984579826
11817,1.0922750234603882,64,892,585.2013984579826
11818,1.0922821760177612,64,892,585.2013984579826
11819,1.092286467552185,64,892,585.2013984579826
11820,1.092280626296997,64,892,585.2013984579826
11821,1.0922715663909912,64,892,585.2013984579826
11822,1.0922808647155762,64,892,585.2013984579826
11823,1.0922784805297852,64,892,585.2013984579826
11824,1.0922691822052002,64,892,585.2013984579826
11825,1.0922648906707764,64,892,585.2013984579826
11826,1.0922701358795166,64,892,585.2013984579826
11827,1.0922589302062988,64,892,585.2013984579826
11828,1.0922725200653076,64,892,585.2013984579826
11829,1.0922685861587524,64,892,585.2013984579826
11830,1.0922666788101196,64,892,585.2013984579826
11831,1.0922666788101196,64,892,585.2013984579826
11832,1.0922757387161255,64,892,585.2013984579826
11833,1.092268466949463,64,892,585.2013984579826
11834,1.0922629833221436,64,892,585.2013984579826
11835,1.0922657251358032,64,892,585.2013984579826
11836,1.0922774076461792,64,892,585.2013984579826
11837,1.0922678709030151,64,892,585.2013984579826
11838,1.0922553539276123,64,892,585.2013984579826
11839,1.0922600030899048,64,892,585.2013984579826
11840,1.0922608375549316,64,892,585.2013984579826
11841,1.0922597646713257,64,892,585.2013984579826
11842,1.092254877090454,64,892,585.2013984579826
11843,1.0922430753707886,64,892,585.2013984579826
11844,1.0922484397888184,64,892,585.2013984579826
11845,1.0922538042068481,64,892,585.2013984579826
11846,1.0922625064849854,64,892,585.2013984579826
11847,1.0922584533691406,64,892,585.2013984579826
11848,1.0922521352767944,64,892,585.2013984579826
11849,1.0922504663467407,64,892,585.2013984579826
11850,1.0922508239746094,64,892,585.2013984579826
11851,1.0922496318817139,64,892,585.2013984579826
11852,1.0922447443008423,64,892,585.2013984579826
11853,1.0922529697418213,64,892,585.2013984579826
11854,1.0922452211380005,64,892,585.2013984579826
11855,1.0922542810440063,64,892,585.2013984579826
11856,1.0922597646713257,64,892,585.2013984579826
11857,1.0922571420669556,64,892,585.2013984579826
11858,1.092259168624878,64,892,585.2013984579826
11859,1.0922552347183228,64,892,585.2013984579826
11860,1.092248797416687,64,892,585.2013984579826
11861,1.092248558998108,64,892,585.2013984579826
11862,1.092237949371338,64,892,585.2013984579826
11863,1.092240810394287,64,892,585.2013984579826
11864,1.0922459363937378,64,892,585.2013984579826
11865,1.0922362804412842,64,892,585.2013984579826
11866,1.092242956161499,64,892,585.2013984579826
11867,1.09224534034729,64,892,585.2013984579826
11868,1.0922553539276123,64,892,585.2013984579826
11869,1.0922414064407349,64,892,585.2013984579826
11870,1.0922424793243408,64,892,585.2013984579826
11871,1.092242956161499,64,892,585.2013984579826
11872,1.0922390222549438,64,892,585.2013984579826
11873,1.0922385454177856,64,892,585.2013984579826
11874,1.0922330617904663,64,892,585.2013984579826
11875,1.0922354459762573,64,892,585.2013984579826
11876,1.0922361612319946,64,892,585.2013984579826
11877,1.0922353267669678,64,892,585.2013984579826
11878,1.092239260673523,64,892,585.2013984579826
11879,1.09224271774292,64,892,585.2013984579826
11880,1.0922341346740723,64,892,585.2013984579826
11881,1.092237949371338,64,892,585.2013984579826
11882,1.09223210811615,64,892,585.2013984579826
11883,1.0922329425811768,64,892,585.2013984579826
11884,1.0922397375106812,64,892,585.2013984579826
11885,1.0922356843948364,64,892,585.2013984579826
11886,1.0922287702560425,64,892,585.2013984579826
11887,1.092236876487732,64,892,585.2013984579826
11888,1.0922257900238037,64,892,585.2013984579826
11889,1.0922315120697021,64,892,585.2013984579826
11890,1.09223210811615,64,892,585.2013984579826
11891,1.0922406911849976,64,892,585.2013984579826
11892,1.0922229290008545,64,892,585.2013984579826
11893,1.0922386646270752,64,892,585.2013984579826
11894,1.092226266860962,64,892,585.2013984579826
11895,1.092233419418335,64,892,585.2013984579826
11896,1.0922287702560425,64,892,585.2013984579826
11897,1.092240810394287,64,892,585.2013984579826
11898,1.0922280550003052,64,892,585.2013984579826
11899,1.0922267436981201,64,892,585.2013984579826
11900,1.092226505279541,64,892,585.2013984579826
11901,1.0922352075576782,64,892,585.2013984579826
11902,1.092223882675171,64,892,585.2013984579826
11903,1.0922350883483887,64,892,585.2013984579826
11904,1.0922291278839111,64,892,585.2013984579826
11905,1.0922271013259888,64,892,585.2013984579826
11906,1.0922237634658813,64,892,585.2013984579826
11907,1.0922311544418335,64,892,585.2013984579826
11908,1.0922203063964844,64,892,585.2013984579826
11909,1.0922245979309082,64,892,585.2013984579826
11910,1.0922210216522217,64,892,585.2013984579826
11911,1.0922123193740845,64,892,585.2013984579826
11912,1.0922168493270874,64,892,585.2013984579826
11913,1.0922189950942993,64,892,585.2013984579826
11914,1.0922168493270874,64,892,585.2013984579826
11915,1.092228651046753,64,892,585.2013984579826
11916,1.092223882675171,64,892,585.2013984579826
11917,1.0922129154205322,64,892,585.2013984579826
11918,1.09220552444458,64,892,585.2013984579826
11919,1.092210292816162,64,892,585.2013984579826
11920,1.0922082662582397,64,892,585.2013984579826
11921,1.0922070741653442,64,892,585.2013984579826
11922,1.0922062397003174,64,892,585.2013984579826
11923,1.09221613407135,64,892,585.2013984579826
11924,1.0922173261642456,64,892,585.2013984579826
11925,1.0922170877456665,64,892,585.2013984579826
11926,1.0922091007232666,64,892,585.2013984579826
11927,1.0922086238861084,64,892,585.2013984579826
11928,1.0922116041183472,64,892,585.2013984579826
11929,1.0922106504440308,64,892,585.2013984579826
11930,1.0922021865844727,64,892,585.2013984579826
11931,1.0922037363052368,64,892,585.2013984579826
11932,1.0922040939331055,64,892,585.2013984579826
11933,1.0922012329101562,64,892,585.2013984579826
11934,1.0922006368637085,64,892,585.2013984579826
11935,1.0922095775604248,64,892,585.2013984579826
11936,1.0922054052352905,64,892,585.2013984579826
11937,1.092206597328186,64,892,585.2013984579826
11938,1.0922091007232666,64,892,585.2013984579826
11939,1.0922108888626099,64,892,585.2013984579826
11940,1.0921961069107056,64,892,585.2013984579826
11941,1.09220552444458,64,892,585.2013984579826
11942,1.0922032594680786,64,892,585.2013984579826
11943,1.092205286026001,64,892,585.2013984579826
11944,1.092201828956604,64,892,585.2013984579826
11945,1.092195987701416,64,892,585.2013984579826
11946,1.0922014713287354,64,892,585.2013984579826
11947,1.0921956300735474,64,892,585.2013984579826
11948,1.0921971797943115,64,892,585.2013984579826
11949,1.0922017097473145,64,892,585.2013984579826
11950,1.0922043323516846,64,892,585.2013984579826
11951,1.0921891927719116,64,892,585.2013984579826
11952,1.0921976566314697,64,892,585.2013984579826
11953,1.0922069549560547,64,892,585.2013984579826
11954,1.0922008752822876,64,892,585.2013984579826
11955,1.0922003984451294,64,892,585.2013984579826
11956,1.0921913385391235,64,892,585.2013984579826
11957,1.0921965837478638,64,892,585.2013984579826
11958,1.0922001600265503,64,892,585.2013984579826
11959,1.09218430519104,64,892,585.2013984579826
11960,1.0921965837478638,64,892,585.2013984579826
11961,1.09219229221344,64,892,585.2013984579826
11962,1.092193841934204,64,892,585.2013984579826
11963,1.0922011137008667,64,892,585.2013984579826
11964,1.0921931266784668,64,892,585.2013984579826
11965,1.0921958684921265,64,892,585.2013984579826
11966,1.0921844244003296,64,892,585.2013984579826
11967,1.092189908027649,64,892,585.2013984579826
11968,1.0921876430511475,64,892,585.2013984579826
11969,1.0921971797943115,64,892,585.2013984579826
11970,1.092189073562622,64,892,585.2013984579826
11971,1.0921815633773804,64,892,585.2013984579826
11972,1.092189073562622,64,892,585.2013984579826
11973,1.0921839475631714,64,892,585.2013984579826
11974,1.0921820402145386,64,892,585.2013984579826
11975,1.0921831130981445,64,892,585.2013984579826
11976,1.0921903848648071,64,892,585.2013984579826
11977,1.0921905040740967,64,892,585.2013984579826
11978,1.0921918153762817,64,892,585.2013984579826
11979,1.0921820402145386,64,892,585.2013984579826
11980,1.0921815633773804,64,892,585.2013984579826
11981,1.0921849012374878,64,892,585.2013984579826
11982,1.0921841859817505,64,892,585.2013984579826
11983,1.0921844244003296,64,892,585.2013984579826
11984,1.0921883583068848,64,892,585.2013984579826
11985,1.0921728610992432,64,892,585.2013984579826
11986,1.092179775238037,64,892,585.2013984579826
11987,1.0921735763549805,64,892,585.2013984579826
11988,1.0921764373779297,64,892,585.2013984579826
11989,1.092178463935852,64,892,585.2013984579826
11990,1.092176914215088,64,892,585.2013984579826
11991,1.0921745300292969,64,892,585.2013984579826
11992,1.092176914215088,64,892,585.2013984579826
11993,1.092171549797058,64,892,585.2013984579826
11994,1.092177391052246,64,892,585.2013984579826
11995,1.0921632051467896,64,892,585.2013984579826
11996,1.0921752452850342,64,892,585.2013984579826
11997,1.0921796560287476,64,892,585.2013984579826
11998,1.0921753644943237,64,892,585.2013984579826
11999,1.092169165611267,64,892,585.2013984579826
12000,1.0921695232391357,64,892,585.2013984579826
12001,1.092174768447876,64,892,585.2013984579826
12002,1.0921754837036133,64,892,585.2013984579826
12003,1.0921697616577148,64,892,585.2013984579826
12004,1.0921640396118164,64,892,585.2013984579826
12005,1.0921658277511597,64,892,585.2013984579826
12006,1.092171311378479,64,892,585.2013984579826
12007,1.0921692848205566,64,892,585.2013984579826
12008,1.0921605825424194,64,892,585.2013984579826
12009,1.092160940170288,64,892,585.2013984579826
12010,1.0921720266342163,64,892,585.2013984579826
12011,1.0921730995178223,64,892,585.2013984579826
12012,1.092165231704712,64,892,585.2013984579826
12013,1.0921670198440552,64,892,585.2013984579826
12014,1.0921645164489746,64,892,585.2013984579826
12015,1.0921659469604492,64,892,585.2013984579826
12016,1.0921685695648193,64,892,585.2013984579826
12017,1.0921595096588135,64,892,585.2013984579826
12018,1.0921603441238403,64,892,585.2013984579826
12019,1.0921630859375,64,892,585.2013984579826
12020,1.092159628868103,64,892,585.2013984579826
12021,1.0921515226364136,64,892,585.2013984579826
12022,1.0921554565429688,64,892,585.2013984579826
12023,1.092147946357727,64,892,585.2013984579826
12024,1.0921517610549927,64,892,585.2013984579826
12025,1.092154622077942,64,892,585.2013984579826
12026,1.0921540260314941,64,892,585.2013984579826
12027,1.0921634435653687,64,892,585.2013984579826
12028,1.0921587944030762,64,892,585.2013984579826
12029,1.092146396636963,64,892,585.2013984579826
12030,1.0921519994735718,64,892,585.2013984579826
12031,1.0921523571014404,64,892,585.2013984579826
12032,1.092150330543518,64,892,585.2013984579826
12033,1.0921558141708374,64,892,585.2013984579826
12034,1.0921471118927002,64,892,585.2013984579826
12035,1.0921393632888794,64,892,585.2013984579826
12036,1.0921536684036255,64,892,585.2013984579826
12037,1.0921553373336792,64,892,585.2013984579826
12038,1.0921496152877808,64,892,585.2013984579826
12039,1.0921497344970703,64,892,585.2013984579826
12040,1.0921423435211182,64,892,585.2013984579826
12041,1.0921450853347778,64,892,585.2013984579826
12042,1.0921396017074585,64,892,585.2013984579826
12043,1.0921354293823242,64,892,585.2013984579826
12044,1.0921469926834106,64,892,585.2013984579826
12045,1.0921533107757568,64,892,585.2013984579826
12046,1.0921381711959839,64,892,585.2013984579826
12047,1.0921400785446167,64,892,585.2013984579826
12048,1.0921424627304077,64,892,585.2013984579826
12049,1.0921303033828735,64,892,585.2013984579826
12050,1.0921525955200195,64,892,585.2013984579826
12051,1.092140793800354,64,892,585.2013984579826
12052,1.0921353101730347,64,892,585.2013984579826
12053,1.092137098312378,64,892,585.2013984579826
12054,1.0921493768692017,64,892,585.2013984579826
12055,1.0921326875686646,64,892,585.2013984579826
12056,1.0921422243118286,64,892,585.2013984579826
12057,1.0921461582183838,64,892,585.2013984579826
12058,1.09214186668396,64,892,585.2013984579826
12059,1.092137336730957,64,892,585.2013984579826
12060,1.0921335220336914,64,892,585.2013984579826
12061,1.0921485424041748,64,892,585.2013984579826
12062,1.0921437740325928,64,892,585.2013984579826
12063,1.0921337604522705,64,892,585.2013984579826
12064,1.0921344757080078,64,892,585.2013984579826
12065,1.092144250869751,64,892,585.2013984579826
12066,1.092134714126587,64,892,585.2013984579826
12067,1.0921465158462524,64,892,585.2013984579826
12068,1.0921342372894287,64,892,585.2013984579826
12069,1.0921366214752197,64,892,585.2013984579826
12070,1.092133641242981,64,892,585.2013984579826
12071,1.0921356678009033,64,892,585.2013984579826
12072,1.0921432971954346,64,892,585.2013984579826
12073,1.0921344757080078,64,892,585.2013984579826
12074,1.09213387966156,64,892,585.2013984579826
12075,1.0921351909637451,64,892,585.2013984579826
12076,1.0921329259872437,64,892,585.2013984579826
12077,1.0921268463134766,64,892,585.2013984579826
12078,1.09213387966156,64,892,585.2013984579826
12079,1.092116117477417,64,892,585.2013984579826
12080,1.0921298265457153,64,892,585.2013984579826
12081,1.0921345949172974,64,892,585.2013984579826
12082,1.0921293497085571,64,892,585.2013984579826
12083,1.0921162366867065,64,892,585.2013984579826
12084,1.0921269655227661,64,892,585.2013984579826
12085,1.0921223163604736,64,892,585.2013984579826
12086,1.092124581336975,64,892,585.2013984579826
12087,1.0921238660812378,64,892,585.2013984579826
12088,1.092126727104187,64,892,585.2013984579826
12089,1.092114806175232,64,892,585.2013984579826
12090,1.0921287536621094,64,892,585.2013984579826
12091,1.0921211242675781,64,892,585.2013984579826
12092,1.0921140909194946,64,892,585.2013984579826
12093,1.0921205282211304,64,892,585.2013984579826
12094,1.092113733291626,64,892,585.2013984579826
12095,1.0921165943145752,64,892,585.2013984579826
12096,1.09211266040802,64,892,585.2013984579826
12097,1.0921114683151245,64,892,585.2013984579826
12098,1.0921134948730469,64,892,585.2013984579826
12099,1.0921088457107544,64,892,585.2013984579826
12100,1.0921080112457275,64,892,585.2013984579826
12101,1.092118740081787,64,892,585.2013984579826
12102,1.0921075344085693,64,892,585.2013984579826
12103,1.0921136140823364,64,892,585.2013984579826
12104,1.0921144485473633,64,892,585.2013984579826
12105,1.0921077728271484,64,892,585.2013984579826
12106,1.0921136140823364,64,892,585.2013984579826
12107,1.0921125411987305,64,892,585.2013984579826
12108,1.0921155214309692,64,892,585.2013984579826
12109,1.092110514640808,64,892,585.2013984579826
12110,1.0921052694320679,64,892,585.2013984579826
12111,1.092104434967041,64,892,585.2013984579826
12112,1.092106819152832,64,892,585.2013984579826
12113,1.0921142101287842,64,892,585.2013984579826
12114,1.0921123027801514,64,892,585.2013984579826
12115,1.0921101570129395,64,892,585.2013984579826
12116,1.0921130180358887,64,892,585.2013984579826
12117,1.0921086072921753,64,892,585.2013984579826
12118,1.0921123027801514,64,892,585.2013984579826
12119,1.092109203338623,64,892,585.2013984579826
12120,1.0921083688735962,64,892,585.2013984579826
12121,1.0921063423156738,64,892,585.2013984579826
12122,1.0921118259429932,64,892,585.2013984579826
12123,1.092110276222229,64,892,585.2013984579826
12124,1.0921074151992798,64,892,585.2013984579826
12125,1.0921069383621216,64,892,585.2013984579826
12126,1.0921050310134888,64,892,585.2013984579826
12127,1.0921190977096558,64,892,585.2013984579826
12128,1.0921072959899902,64,892,585.2013984579826
12129,1.0921095609664917,64,892,585.2013984579826
12130,1.0921032428741455,64,892,585.2013984579826
12131,1.092105507850647,64,892,585.2013984579826
12132,1.0921019315719604,64,892,585.2013984579826
12133,1.0920958518981934,64,892,585.2013984579826
12134,1.092098593711853,64,892,585.2013984579826
12135,1.0921121835708618,64,892,585.2013984579826
12136,1.0921032428741455,64,892,585.2013984579826
12137,1.0921049118041992,64,892,585.2013984579826
12138,1.0921021699905396,64,892,585.2013984579826
12139,1.0920912027359009,64,892,585.2013984579826
12140,1.092094898223877,64,892,585.2013984579826
12141,1.0921025276184082,64,892,585.2013984579826
12142,1.0920993089675903,64,892,585.2013984579826
12143,1.0920991897583008,64,892,585.2013984579826
12144,1.0920950174331665,64,892,585.2013984579826
12145,1.092096209526062,64,892,585.2013984579826
12146,1.0920993089675903,64,892,585.2013984579826
12147,1.092090368270874,64,892,585.2013984579826
12148,1.0920926332473755,64,892,585.2013984579826
12149,1.0920954942703247,64,892,585.2013984579826
12150,1.092089295387268,64,892,585.2013984579826
12151,1.092097282409668,64,892,585.2013984579826
12152,1.0920839309692383,64,892,585.2013984579826
12153,1.0920943021774292,64,892,585.2013984579826
12154,1.092093825340271,64,892,585.2013984579826
12155,1.0920829772949219,64,892,585.2013984579826
12156,1.0920846462249756,64,892,585.2013984579826
12157,1.0920861959457397,64,892,585.2013984579826
12158,1.0920891761779785,64,892,585.2013984579826
12159,1.0920803546905518,64,892,585.2013984579826
12160,1.0920827388763428,64,892,585.2013984579826
12161,1.0920747518539429,64,892,585.2013984579826
12162,1.092076063156128,64,892,585.2013984579826
12163,1.0920829772949219,64,892,585.2013984579826
12164,1.0920802354812622,64,892,585.2013984579826
12165,1.0920745134353638,64,892,585.2013984579826
12166,1.0920711755752563,64,892,585.2013984579826
12167,1.0920836925506592,64,892,585.2013984579826
12168,1.0920771360397339,64,892,585.2013984579826
12169,1.0920848846435547,64,892,585.2013984579826
12170,1.0920898914337158,64,892,585.2013984579826
12171,1.0920782089233398,64,892,585.2013984579826
12172,1.092079758644104,64,892,585.2013984579826
12173,1.0920777320861816,64,892,585.2013984579826
12174,1.0920803546905518,64,892,585.2013984579826
12175,1.0920805931091309,64,892,585.2013984579826
12176,1.092076063156128,64,892,585.2013984579826
12177,1.0920794010162354,64,892,585.2013984579826
12178,1.092070460319519,64,892,585.2013984579826
12179,1.0920886993408203,64,892,585.2013984579826
12180,1.0920723676681519,64,892,585.2013984579826
12181,1.092077612876892,64,892,585.2013984579826
12182,1.0920790433883667,64,892,585.2013984579826
12183,1.0920741558074951,64,892,585.2013984579826
12184,1.0920754671096802,64,892,585.2013984579826
12185,1.0920741558074951,64,892,585.2013984579826
12186,1.09207284450531,64,892,585.2013984579826
12187,1.0920780897140503,64,892,585.2013984579826
12188,1.0920660495758057,64,892,585.2013984579826
12189,1.0920751094818115,64,892,585.2013984579826
12190,1.0920792818069458,64,892,585.2013984579826
12191,1.0920718908309937,64,892,585.2013984579826
12192,1.0920734405517578,64,892,585.2013984579826
12193,1.0920709371566772,64,892,585.2013984579826
12194,1.092070460319519,64,892,585.2013984579826
12195,1.0920817852020264,64,892,585.2013984579826
12196,1.092071771621704,64,892,585.2013984579826
12197,1.092060923576355,64,892,585.2013984579826
12198,1.0920724868774414,64,892,585.2013984579826
12199,1.0920664072036743,64,892,585.2013984579826
12200,1.0920653343200684,64,892,585.2013984579826
12201,1.092065691947937,64,892,585.2013984579826
12202,1.0920706987380981,64,892,585.2013984579826
12203,1.0920581817626953,64,892,585.2013984579826
12204,1.0920605659484863,64,892,585.2013984579826
12205,1.0920653343200684,64,892,585.2013984579826
12206,1.092063069343567,64,892,585.2013984579826
12207,1.092056155204773,64,892,585.2013984579826
12208,1.0920640230178833,64,892,585.2013984579826
12209,1.0920544862747192,64,892,585.2013984579826
12210,1.092050552368164,64,892,585.2013984579826
12211,1.0920608043670654,64,892,585.2013984579826
12212,1.0920616388320923,64,892,585.2013984579826
12213,1.0920623540878296,64,892,585.2013984579826
12214,1.092061161994934,64,892,585.2013984579826
12215,1.0920627117156982,64,892,585.2013984579826
12216,1.0920562744140625,64,892,585.2013984579826
12217,1.0920639038085938,64,892,585.2013984579826
12218,1.0920604467391968,64,892,585.2013984579826
12219,1.0920647382736206,64,892,585.2013984579826
12220,1.0920641422271729,64,892,585.2013984579826
12221,1.0920544862747192,64,892,585.2013984579826
12222,1.0920552015304565,64,892,585.2013984579826
12223,1.0920683145523071,64,892,585.2013984579826
12224,1.092054009437561,64,892,585.2013984579826
12225,1.0920569896697998,64,892,585.2013984579826
12226,1.0920488834381104,64,892,585.2013984579826
12227,1.0920541286468506,64,892,585.2013984579826
12228,1.0920531749725342,64,892,585.2013984579826
12229,1.092054843902588,64,892,585.2013984579826
12230,1.0920617580413818,64,892,585.2013984579826
12231,1.0920472145080566,64,892,585.2013984579826
12232,1.0920454263687134,64,892,585.2013984579826
12233,1.0920462608337402,64,892,585.2013984579826
12234,1.0920629501342773,64,892,585.2013984579826
12235,1.0920442342758179,64,892,585.2013984579826
12236,1.092050313949585,64,892,585.2013984579826
12237,1.092057704925537,64,892,585.2013984579826
12238,1.092056393623352,64,892,585.2013984579826
12239,1.0920525789260864,64,892,585.2013984579826
12240,1.0920573472976685,64,892,585.2013984579826
12241,1.0920499563217163,64,892,585.2013984579826
12242,1.0920509099960327,64,892,585.2013984579826
12243,1.0920509099960327,64,892,585.2013984579826
12244,1.0920454263687134,64,892,585.2013984579826
12245,1.0920403003692627,64,892,585.2013984579826
12246,1.0920499563217163,64,892,585.2013984579826
12247,1.092047095298767,64,892,585.2013984579826
12248,1.0920499563217163,64,892,585.2013984579826
12249,1.0920472145080566,64,892,585.2013984579826
12250,1.0920441150665283,64,892,585.2013984579826
12251,1.0920449495315552,64,892,585.2013984579826
12252,1.092041254043579,64,892,585.2013984579826
12253,1.0920445919036865,64,892,585.2013984579826
12254,1.0920506715774536,64,892,585.2013984579826
12255,1.0920391082763672,64,892,585.2013984579826
12256,1.0920406579971313,64,892,585.2013984579826
12257,1.0920476913452148,64,892,585.2013984579826
12258,1.0920528173446655,64,892,585.2013984579826
12259,1.0920320749282837,64,892,585.2013984579826
12260,1.0920363664627075,64,892,585.2013984579826
12261,1.0920474529266357,64,892,585.2013984579826
12262,1.0920404195785522,64,892,585.2013984579826
12263,1.0920464992523193,64,892,585.2013984579826
12264,1.0920432806015015,64,892,585.2013984579826
12265,1.0920400619506836,64,892,585.2013984579826
12266,1.092043161392212,64,892,585.2013984579826
12267,1.0920406579971313,64,892,585.2013984579826
12268,1.0920331478118896,64,892,585.2013984579826
12269,1.0920459032058716,64,892,585.2013984579826
12270,1.0920478105545044,64,892,585.2013984579826
12271,1.0920451879501343,64,892,585.2013984579826
12272,1.092037320137024,64,892,585.2013984579826
12273,1.0920287370681763,64,892,585.2013984579826
12274,1.092029333114624,64,892,585.2013984579826
12275,1.0920463800430298,64,892,585.2013984579826
12276,1.0920214653015137,64,892,585.2013984579826
12277,1.0920400619506836,64,892,585.2013984579826
12278,1.092038631439209,64,892,585.2013984579826
12279,1.0920261144638062,64,892,585.2013984579826
12280,1.0920318365097046,64,892,585.2013984579826
12281,1.0920225381851196,64,892,585.2013984579826
12282,1.0920264720916748,64,892,585.2013984579826
12283,1.0920354127883911,64,892,585.2013984579826
12284,1.092028260231018,64,892,585.2013984579826
12285,1.0920268297195435,64,892,585.2013984579826
12286,1.0920350551605225,64,892,585.2013984579826
12287,1.0920331478118896,64,892,585.2013984579826
12288,1.092031717300415,64,892,585.2013984579826
12289,1.0920382738113403,64,892,585.2013984579826
12290,1.0920295715332031,64,892,585.2013984579826
12291,1.0920233726501465,64,892,585.2013984579826
12292,1.0920193195343018,64,892,585.2013984579826
12293,1.0920321941375732,64,892,585.2013984579826
12294,1.0920262336730957,64,892,585.2013984579826
12295,1.092026948928833,64,892,585.2013984579826
12296,1.0920147895812988,64,892,585.2013984579826
12297,1.092029094696045,64,892,585.2013984579826
12298,1.0920219421386719,64,892,585.2013984579826
12299,1.0920268297195435,64,892,585.2013984579826
12300,1.09201979637146,64,892,585.2013984579826
12301,1.0920196771621704,64,892,585.2013984579826
12302,1.0920196771621704,64,892,585.2013984579826
12303,1.092010498046875,64,892,585.2013984579826
12304,1.092026710510254,64,892,585.2013984579826
12305,1.0920206308364868,64,892,585.2013984579826
12306,1.0920194387435913,64,892,585.2013984579826
12307,1.0920145511627197,64,892,585.2013984579826
12308,1.0920175313949585,64,892,585.2013984579826
12309,1.0920203924179077,64,892,585.2013984579826
12310,1.092020034790039,64,892,585.2013984579826
12311,1.0920088291168213,64,892,585.2013984579826
12312,1.0920252799987793,64,892,585.2013984579826
12313,1.0920116901397705,64,892,585.2013984579826
12314,1.0920137166976929,64,892,585.2013984579826
12315,1.0920201539993286,64,892,585.2013984579826
12316,1.0920263528823853,64,892,585.2013984579826
12317,1.0920195579528809,64,892,585.2013984579826
12318,1.0920231342315674,64,892,585.2013984579826
12319,1.09202241897583,64,892,585.2013984579826
12320,1.0920257568359375,64,892,585.2013984579826
12321,1.0920133590698242,64,892,585.2013984579826
12322,1.0920214653015137,64,892,585.2013984579826
12323,1.0920181274414062,64,892,585.2013984579826
12324,1.0920180082321167,64,892,585.2013984579826
12325,1.092010736465454,64,892,585.2013984579826
12326,1.0920056104660034,64,892,585.2013984579826
12327,1.0920169353485107,64,892,585.2013984579826
12328,1.0920144319534302,64,892,585.2013984579826
12329,1.0920120477676392,64,892,585.2013984579826
12330,1.092010259628296,64,892,585.2013984579826
12331,1.0920088291168213,64,892,585.2013984579826
12332,1.0920048952102661,64,892,585.2013984579826
12333,1.0920133590698242,64,892,585.2013984579826
12334,1.0920004844665527,64,892,585.2013984579826
12335,1.092015266418457,64,892,585.2013984579826
12336,1.092009425163269,64,892,585.2013984579826
12337,1.092005729675293,64,892,585.2013984579826
12338,1.092006802558899,64,892,585.2013984579826
12339,1.0920097827911377,64,892,585.2013984579826
12340,1.0920168161392212,64,892,585.2013984579826
12341,1.092010259628296,64,892,585.2013984579826
12342,1.0920135974884033,64,892,585.2013984579826
12343,1.092010736465454,64,892,585.2013984579826
12344,1.0920110940933228,64,892,585.2013984579826
12345,1.0920045375823975,64,892,585.2013984579826
12346,1.0920121669769287,64,892,585.2013984579826
12347,1.0920037031173706,64,892,585.2013984579826
12348,1.0919996500015259,64,892,585.2013984579826
12349,1.0920053720474243,64,892,585.2013984579826
12350,1.0920078754425049,64,892,585.2013984579826
12351,1.0920112133026123,64,892,585.2013984579826
12352,1.09200918674469,64,892,585.2013984579826
12353,1.0919992923736572,64,892,585.2013984579826
12354,1.091996669769287,64,892,585.2013984579826
12355,1.0920026302337646,64,892,585.2013984579826
12356,1.0919989347457886,64,892,585.2013984579826
12357,1.0919935703277588,64,892,585.2013984579826
12358,1.0919976234436035,64,892,585.2013984579826
12359,1.0919947624206543,64,892,585.2013984579826
12360,1.0919954776763916,64,892,585.2013984579826
12361,1.0919954776763916,64,892,585.2013984579826
12362,1.0920063257217407,64,892,585.2013984579826
12363,1.091995120048523,64,892,585.2013984579826
12364,1.0919991731643677,64,892,585.2013984579826
12365,1.0920029878616333,64,892,585.2013984579826
12366,1.0920041799545288,64,892,585.2013984579826
12367,1.091994285583496,64,892,585.2013984579826
12368,1.0919917821884155,64,892,585.2013984579826
12369,1.0919885635375977,64,892,585.2013984579826
12370,1.0919857025146484,64,892,585.2013984579826
12371,1.0919991731643677,64,892,585.2013984579826
12372,1.091996669769287,64,892,585.2013984579826
12373,1.0919890403747559,64,892,585.2013984579826
12374,1.0920002460479736,64,892,585.2013984579826
12375,1.0919952392578125,64,892,585.2013984579826
12376,1.0919959545135498,64,892,585.2013984579826
12377,1.0919926166534424,64,892,585.2013984579826
12378,1.0919831991195679,64,892,585.2013984579826
12379,1.0919923782348633,64,892,585.2013984579826
12380,1.0919907093048096,64,892,585.2013984579826
12381,1.0919960737228394,64,892,585.2013984579826
12382,1.0919890403747559,64,892,585.2013984579826
12383,1.0920023918151855,64,892,585.2013984579826
12384,1.0919950008392334,64,892,585.2013984579826
12385,1.0919880867004395,64,892,585.2013984579826
12386,1.091978669166565,64,892,585.2013984579826
12387,1.0919984579086304,64,892,585.2013984579826
12388,1.0919907093048096,64,892,585.2013984579826
12389,1.0920066833496094,64,892,585.2013984579826
12390,1.0920006036758423,64,892,585.2013984579826
12391,1.0919859409332275,64,892,585.2013984579826
12392,1.0919963121414185,64,892,585.2013984579826
12393,1.0919874906539917,64,892,585.2013984579826
12394,1.0919872522354126,64,892,585.2013984579826
12395,1.0919886827468872,64,892,585.2013984579826
12396,1.091991662979126,64,892,585.2013984579826
12397,1.0919855833053589,64,892,585.2013984579826
12398,1.091989278793335,64,892,585.2013984579826
12399,1.0919841527938843,64,892,585.2013984579826
12400,1.0919798612594604,64,892,585.2013984579826
12401,1.0919861793518066,64,892,585.2013984579826
12402,1.091983675956726,64,892,585.2013984579826
12403,1.0919877290725708,64,892,585.2013984579826
12404,1.0919840335845947,64,892,585.2013984579826
12405,1.0919877290725708,64,892,585.2013984579826
12406,1.0919849872589111,64,892,585.2013984579826
12407,1.0919852256774902,64,892,585.2013984579826
12408,1.091981053352356,64,892,585.2013984579826
12409,1.09198796749115,64,892,585.2013984579826
12410,1.0919809341430664,64,892,585.2013984579826
12411,1.0919855833053589,64,892,585.2013984579826
12412,1.0919857025146484,64,892,585.2013984579826
12413,1.0919774770736694,64,892,585.2013984579826
12414,1.091975450515747,64,892,585.2013984579826
12415,1.0919874906539917,64,892,585.2013984579826
12416,1.0919908285140991,64,892,585.2013984579826
12417,1.0919885635375977,64,892,585.2013984579826
12418,1.0919784307479858,64,892,585.2013984579826
12419,1.0919716358184814,64,892,585.2013984579826
12420,1.0919808149337769,64,892,585.2013984579826
12421,1.091975212097168,64,892,585.2013984579826
12422,1.0919713973999023,64,892,585.2013984579826
12423,1.0919805765151978,64,892,585.2013984579826
12424,1.091977834701538,64,892,585.2013984579826
12425,1.091974139213562,64,892,585.2013984579826
12426,1.0919675827026367,64,892,585.2013984579826
12427,1.091970682144165,64,892,585.2013984579826
12428,1.0919768810272217,64,892,585.2013984579826
12429,1.091967225074768,64,892,585.2013984579826
12430,1.0919638872146606,64,892,585.2013984579826
12431,1.0919674634933472,64,892,585.2013984579826
12432,1.0919737815856934,64,892,585.2013984579826
12433,1.0919734239578247,64,892,585.2013984579826
12434,1.0919791460037231,64,892,585.2013984579826
12435,1.091981053352356,64,892,585.2013984579826
12436,1.091975450515747,64,892,585.2013984579826
12437,1.091975450515747,64,892,585.2013984579826
12438,1.0919711589813232,64,892,585.2013984579826
12439,1.091971755027771,64,892,585.2013984579826
12440,1.0919665098190308,64,892,585.2013984579826
12441,1.0919755697250366,64,892,585.2013984579826
12442,1.0919747352600098,64,892,585.2013984579826
12443,1.0919662714004517,64,892,585.2013984579826
12444,1.0919710397720337,64,892,585.2013984579826
12445,1.0919694900512695,64,892,585.2013984579826
12446,1.0919697284698486,64,892,585.2013984579826
12447,1.091953992843628,64,892,585.2013984579826
12448,1.0919663906097412,64,892,585.2013984579826
12449,1.0919619798660278,64,892,585.2013984579826
12450,1.0919667482376099,64,892,585.2013984579826
12451,1.0919592380523682,64,892,585.2013984579826
12452,1.0919725894927979,64,892,585.2013984579826
12453,1.0919697284698486,64,892,585.2013984579826
12454,1.0919643640518188,64,892,585.2013984579826
12455,1.0919640064239502,64,892,585.2013984579826
12456,1.091964840888977,64,892,585.2013984579826
12457,1.0919678211212158,64,892,585.2013984579826
12458,1.0919588804244995,64,892,585.2013984579826
12459,1.0919584035873413,64,892,585.2013984579826
12460,1.0919688940048218,64,892,585.2013984579826
12461,1.0919649600982666,64,892,585.2013984579826
12462,1.0919793844223022,64,892,585.2013984579826
12463,1.0919690132141113,64,892,585.2013984579826
12464,1.0919699668884277,64,892,585.2013984579826
12465,1.0919697284698486,64,892,585.2013984579826
12466,1.0919607877731323,64,892,585.2013984579826
12467,1.0919638872146606,64,892,585.2013984579826
12468,1.0919561386108398,64,892,585.2013984579826
12469,1.0919628143310547,64,892,585.2013984579826
12470,1.0919550657272339,64,892,585.2013984579826
12471,1.0919535160064697,64,892,585.2013984579826
12472,1.091965913772583,64,892,585.2013984579826
12473,1.091965913772583,64,892,585.2013984579826
12474,1.091955304145813,64,892,585.2013984579826
12475,1.0919626951217651,64,892,585.2013984579826
12476,1.0919556617736816,64,892,585.2013984579826
12477,1.091940999031067,64,892,585.2013984579826
12478,1.09195876121521,64,892,585.2013984579826
12479,1.0919559001922607,64,892,585.2013984579826
12480,1.0919461250305176,64,892,585.2013984579826
12481,1.0919525623321533,64,892,585.2013984579826
12482,1.0919475555419922,64,892,585.2013984579826
12483,1.09194815158844,64,892,585.2013984579826
12484,1.091965675354004,64,892,585.2013984579826
12485,1.0919523239135742,64,892,585.2013984579826
12486,1.091950535774231,64,892,585.2013984579826
12487,1.0919537544250488,64,892,585.2013984579826
12488,1.0919468402862549,64,892,585.2013984579826
12489,1.0919545888900757,64,892,585.2013984579826
12490,1.091949701309204,64,892,585.2013984579826
12491,1.0919629335403442,64,892,585.2013984579826
12492,1.0919517278671265,64,892,585.2013984579826
12493,1.0919467210769653,64,892,585.2013984579826
12494,1.0919599533081055,64,892,585.2013984579826
12495,1.0919533967971802,64,892,585.2013984579826
12496,1.0919547080993652,64,892,585.2013984579826
12497,1.091951847076416,64,892,585.2013984579826
12498,1.0919530391693115,64,892,585.2013984579826
12499,1.0919438600540161,64,892,585.2013984579826
12500,1.0919498205184937,64,892,585.2013984579826
12501,1.0919620990753174,64,892,585.2013984579826
12502,1.0919462442398071,64,892,585.2013984579826
12503,1.0919424295425415,64,892,585.2013984579826
12504,1.0919454097747803,64,892,585.2013984579826
12505,1.091944932937622,64,892,585.2013984579826
12506,1.0919463634490967,64,892,585.2013984579826
12507,1.0919376611709595,64,892,585.2013984579826
12508,1.091936469078064,64,892,585.2013984579826
12509,1.0919382572174072,64,892,585.2013984579826
12510,1.091953158378601,64,892,585.2013984579826
12511,1.0919480323791504,64,892,585.2013984579826
12512,1.0919508934020996,64,892,585.2013984579826
12513,1.0919493436813354,64,892,585.2013984579826
12514,1.0919378995895386,64,892,585.2013984579826
12515,1.0919424295425415,64,892,585.2013984579826
12516,1.091947078704834,64,892,585.2013984579826
12517,1.0919462442398071,64,892,585.2013984579826
12518,1.0919464826583862,64,892,585.2013984579826
12519,1.091940999031067,64,892,585.2013984579826
12520,1.0919408798217773,64,892,585.2013984579826
12521,1.091945767402649,64,892,585.2013984579826
12522,1.0919384956359863,64,892,585.2013984579826
12523,1.091944694519043,64,892,585.2013984579826
12524,1.0919408798217773,64,892,585.2013984579826
12525,1.0919408798217773,64,892,585.2013984579826
12526,1.0919432640075684,64,892,585.2013984579826
12527,1.091939926147461,64,892,585.2013984579826
12528,1.0919307470321655,64,892,585.2013984579826
12529,1.091934323310852,64,892,585.2013984579826
12530,1.0919491052627563,64,892,585.2013984579826
12531,1.0919448137283325,64,892,585.2013984579826
12532,1.0919370651245117,64,892,585.2013984579826
12533,1.091935396194458,64,892,585.2013984579826
12534,1.0919193029403687,64,892,585.2013984579826
12535,1.0919405221939087,64,892,585.2013984579826
12536,1.09192955493927,64,892,585.2013984579826
12537,1.0919336080551147,64,892,585.2013984579826
12538,1.0919358730316162,64,892,585.2013984579826
12539,1.091928482055664,64,892,585.2013984579826
12540,1.091928243637085,64,892,585.2013984579826
12541,1.0919357538223267,64,892,585.2013984579826
12542,1.0919283628463745,64,892,585.2013984579826
12543,1.0919278860092163,64,892,585.2013984579826
12544,1.0919302701950073,64,892,585.2013984579826
12545,1.0919281244277954,64,892,585.2013984579826
12546,1.0919411182403564,64,892,585.2013984579826
12547,1.0919280052185059,64,892,585.2013984579826
12548,1.0919314622879028,64,892,585.2013984579826
12549,1.0919294357299805,64,892,585.2013984579826
12550,1.0919344425201416,64,892,585.2013984579826
12551,1.0919322967529297,64,892,585.2013984579826
12552,1.0919363498687744,64,892,585.2013984579826
12553,1.0919420719146729,64,892,585.2013984579826
12554,1.0919392108917236,64,892,585.2013984579826
12555,1.0919374227523804,64,892,585.2013984579826
12556,1.0919243097305298,64,892,585.2013984579826
12557,1.0919296741485596,64,892,585.2013984579826
12558,1.091943383216858,64,892,585.2013984579826
12559,1.0919325351715088,64,892,585.2013984579826
12560,1.0919270515441895,64,892,585.2013984579826
12561,1.091930866241455,64,892,585.2013984579826
12562,1.0919386148452759,64,892,585.2013984579826
12563,1.0919286012649536,64,892,585.2013984579826
12564,1.0919383764266968,64,892,585.2013984579826
12565,1.0919321775436401,64,892,585.2013984579826
12566,1.0919361114501953,64,892,585.2013984579826
12567,1.0919359922409058,64,892,585.2013984579826
12568,1.0919262170791626,64,892,585.2013984579826
12569,1.0919228792190552,64,892,585.2013984579826
12570,1.091923713684082,64,892,585.2013984579826
12571,1.0919325351715088,64,892,585.2013984579826
12572,1.0919405221939087,64,892,585.2013984579826
12573,1.0919275283813477,64,892,585.2013984579826
12574,1.091931939125061,64,892,585.2013984579826
12575,1.0919283628463745,64,892,585.2013984579826
12576,1.0919257402420044,64,892,585.2013984579826
12577,1.091921091079712,64,892,585.2013984579826
12578,1.0919290781021118,64,892,585.2013984579826
12579,1.091931939125061,64,892,585.2013984579826
12580,1.0919286012649536,64,892,585.2013984579826
12581,1.0919263362884521,64,892,585.2013984579826
12582,1.0919265747070312,64,892,585.2013984579826
12583,1.0919277667999268,64,892,585.2013984579826
12584,1.091925859451294,64,892,585.2013984579826
12585,1.0919111967086792,64,892,585.2013984579826
12586,1.0919288396835327,64,892,585.2013984579826
12587,1.0919256210327148,64,892,585.2013984579826
12588,1.0919270515441895,64,892,585.2013984579826
12589,1.0919184684753418,64,892,585.2013984579826
12590,1.0919218063354492,64,892,585.2013984579826
12591,1.0919228792190552,64,892,585.2013984579826
12592,1.0919159650802612,64,892,585.2013984579826
12593,1.0919153690338135,64,892,585.2013984579826
12594,1.0919166803359985,64,892,585.2013984579826
12595,1.091920256614685,64,892,585.2013984579826
12596,1.0919100046157837,64,892,585.2013984579826
12597,1.0919076204299927,64,892,585.2013984579826
12598,1.0919133424758911,64,892,585.2013984579826
12599,1.0919209718704224,64,892,585.2013984579826
12600,1.0919123888015747,64,892,585.2013984579826
12601,1.0919147729873657,64,892,585.2013984579826
12602,1.0919169187545776,64,892,585.2013984579826
12603,1.0919216871261597,64,892,585.2013984579826
12604,1.091916561126709,64,892,585.2013984579826
12605,1.091915488243103,64,892,585.2013984579826
