,losses,betas,port,computing_time
0,269.92608642578125,4,892,603.0904969159747
1,134.44004821777344,4,892,603.0904969159747
2,63.546749114990234,4,892,603.0904969159747
3,31.049198150634766,4,892,603.0904969159747
4,16.823205947875977,4,892,603.0904969159747
5,10.320028305053711,4,892,603.0904969159747
6,7.083488464355469,4,892,603.0904969159747
7,5.319665908813477,4,892,603.0904969159747
8,4.276113510131836,4,892,603.0904969159747
9,3.614607810974121,4,892,603.0904969159747
10,3.171250104904175,4,892,603.0904969159747
11,2.8604159355163574,4,892,603.0904969159747
12,2.634361982345581,4,892,603.0904969159747
13,2.4646453857421875,4,892,603.0904969159747
14,2.3335766792297363,4,892,603.0904969159747
15,2.229576826095581,4,892,603.0904969159747
16,2.1448140144348145,4,892,603.0904969159747
17,2.0738227367401123,4,892,603.0904969159747
18,2.0127382278442383,4,892,603.0904969159747
19,1.9587397575378418,4,892,603.0904969159747
20,1.9098389148712158,4,892,603.0904969159747
21,1.8645539283752441,4,892,603.0904969159747
22,1.821933627128601,4,892,603.0904969159747
23,1.7813845872879028,4,892,603.0904969159747
24,1.7425851821899414,4,892,603.0904969159747
25,1.7056219577789307,4,892,603.0904969159747
26,1.6705929040908813,4,892,603.0904969159747
27,1.6377464532852173,4,892,603.0904969159747
28,1.6073907613754272,4,892,603.0904969159747
29,1.5796077251434326,4,892,603.0904969159747
30,1.5545817613601685,4,892,603.0904969159747
31,1.5322047472000122,4,892,603.0904969159747
32,1.5123531818389893,4,892,603.0904969159747
33,1.4948091506958008,4,892,603.0904969159747
34,1.4793426990509033,4,892,603.0904969159747
35,1.465580701828003,4,892,603.0904969159747
36,1.4533298015594482,4,892,603.0904969159747
37,1.442301869392395,4,892,603.0904969159747
38,1.4322646856307983,4,892,603.0904969159747
39,1.4230061769485474,4,892,603.0904969159747
40,1.4143463373184204,4,892,603.0904969159747
41,1.4061250686645508,4,892,603.0904969159747
42,1.3982619047164917,4,892,603.0904969159747
43,1.3906598091125488,4,892,603.0904969159747
44,1.3833457231521606,4,892,603.0904969159747
45,1.3762938976287842,4,892,603.0904969159747
46,1.3695552349090576,4,892,603.0904969159747
47,1.3631489276885986,4,892,603.0904969159747
48,1.3570646047592163,4,892,603.0904969159747
49,1.3513038158416748,4,892,603.0904969159747
50,1.345768690109253,4,892,603.0904969159747
51,1.34036386013031,4,892,603.0904969159747
52,1.3349913358688354,4,892,603.0904969159747
53,1.3295807838439941,4,892,603.0904969159747
54,1.3240478038787842,4,892,603.0904969159747
55,1.3184047937393188,4,892,603.0904969159747
56,1.3127449750900269,4,892,603.0904969159747
57,1.3072999715805054,4,892,603.0904969159747
58,1.302236557006836,4,892,603.0904969159747
59,1.2977467775344849,4,892,603.0904969159747
60,1.2939131259918213,4,892,603.0904969159747
61,1.2907400131225586,4,892,603.0904969159747
62,1.2881197929382324,4,892,603.0904969159747
63,1.2859710454940796,4,892,603.0904969159747
64,1.2841720581054688,4,892,603.0904969159747
65,1.2826539278030396,4,892,603.0904969159747
66,1.281341791152954,4,892,603.0904969159747
67,1.2801799774169922,4,892,603.0904969159747
68,1.2791348695755005,4,892,603.0904969159747
69,1.278212308883667,4,892,603.0904969159747
70,1.2773503065109253,4,892,603.0904969159747
71,1.2765493392944336,4,892,603.0904969159747
72,1.2757856845855713,4,892,603.0904969159747
73,1.275101900100708,4,892,603.0904969159747
74,1.274424433708191,4,892,603.0904969159747
75,1.273787021636963,4,892,603.0904969159747
76,1.2731719017028809,4,892,603.0904969159747
77,1.2725666761398315,4,892,603.0904969159747
78,1.2719910144805908,4,892,603.0904969159747
79,1.2714335918426514,4,892,603.0904969159747
80,1.2708945274353027,4,892,603.0904969159747
81,1.27036714553833,4,892,603.0904969159747
82,1.2698489427566528,4,892,603.0904969159747
83,1.2693368196487427,4,892,603.0904969159747
84,1.268837332725525,4,892,603.0904969159747
85,1.2683382034301758,4,892,603.0904969159747
86,1.2678468227386475,4,892,603.0904969159747
87,1.2673786878585815,4,892,603.0904969159747
88,1.2668988704681396,4,892,603.0904969159747
89,1.2664361000061035,4,892,603.0904969159747
90,1.2659714221954346,4,892,603.0904969159747
91,1.2655231952667236,4,892,603.0904969159747
92,1.2650682926177979,4,892,603.0904969159747
93,1.2646209001541138,4,892,603.0904969159747
94,1.2641630172729492,4,892,603.0904969159747
95,1.263731837272644,4,892,603.0904969159747
96,1.2632842063903809,4,892,603.0904969159747
97,1.262848973274231,4,892,603.0904969159747
98,1.262412667274475,4,892,603.0904969159747
99,1.2619787454605103,4,892,603.0904969159747
100,1.2615433931350708,4,892,603.0904969159747
101,1.2611123323440552,4,892,603.0904969159747
102,1.2606886625289917,4,892,603.0904969159747
103,1.2602626085281372,4,892,603.0904969159747
104,1.2598406076431274,4,892,603.0904969159747
105,1.259422779083252,4,892,603.0904969159747
106,1.258986473083496,4,892,603.0904969159747
107,1.2585711479187012,4,892,603.0904969159747
108,1.2581596374511719,4,892,603.0904969159747
109,1.2577524185180664,4,892,603.0904969159747
110,1.2573257684707642,4,892,603.0904969159747
111,1.2568986415863037,4,892,603.0904969159747
112,1.256493330001831,4,892,603.0904969159747
113,1.2560796737670898,4,892,603.0904969159747
114,1.2556676864624023,4,892,603.0904969159747
115,1.255262851715088,4,892,603.0904969159747
116,1.2548441886901855,4,892,603.0904969159747
117,1.2544487714767456,4,892,603.0904969159747
118,1.254033088684082,4,892,603.0904969159747
119,1.2536371946334839,4,892,603.0904969159747
120,1.2532318830490112,4,892,603.0904969159747
121,1.2528380155563354,4,892,603.0904969159747
122,1.2524343729019165,4,892,603.0904969159747
123,1.25202476978302,4,892,603.0904969159747
124,1.2516367435455322,4,892,603.0904969159747
125,1.2512319087982178,4,892,603.0904969159747
126,1.2508456707000732,4,892,603.0904969159747
127,1.2504453659057617,4,892,603.0904969159747
128,1.2500568628311157,4,892,603.0904969159747
129,1.2496612071990967,4,892,603.0904969159747
130,1.2492995262145996,4,892,603.0904969159747
131,1.2489105463027954,4,892,603.0904969159747
132,1.2485284805297852,4,892,603.0904969159747
133,1.2481569051742554,4,892,603.0904969159747
134,1.2477675676345825,4,892,603.0904969159747
135,1.247407078742981,4,892,603.0904969159747
136,1.2470288276672363,4,892,603.0904969159747
137,1.2466566562652588,4,892,603.0904969159747
138,1.2462931871414185,4,892,603.0904969159747
139,1.245911955833435,4,892,603.0904969159747
140,1.2455613613128662,4,892,603.0904969159747
141,1.2451903820037842,4,892,603.0904969159747
142,1.2448394298553467,4,892,603.0904969159747
143,1.2444829940795898,4,892,603.0904969159747
144,1.2441322803497314,4,892,603.0904969159747
145,1.243776559829712,4,892,603.0904969159747
146,1.2434371709823608,4,892,603.0904969159747
147,1.2430766820907593,4,892,603.0904969159747
148,1.2427384853363037,4,892,603.0904969159747
149,1.2423938512802124,4,892,603.0904969159747
150,1.2420539855957031,4,892,603.0904969159747
151,1.2417116165161133,4,892,603.0904969159747
152,1.241370677947998,4,892,603.0904969159747
153,1.2410342693328857,4,892,603.0904969159747
154,1.2406911849975586,4,892,603.0904969159747
155,1.2403584718704224,4,892,603.0904969159747
156,1.240025520324707,4,892,603.0904969159747
157,1.239696979522705,4,892,603.0904969159747
158,1.239371418952942,4,892,603.0904969159747
159,1.2390373945236206,4,892,603.0904969159747
160,1.2387123107910156,4,892,603.0904969159747
161,1.2383840084075928,4,892,603.0904969159747
162,1.2380621433258057,4,892,603.0904969159747
163,1.2377381324768066,4,892,603.0904969159747
164,1.237419843673706,4,892,603.0904969159747
165,1.2371037006378174,4,892,603.0904969159747
166,1.236780047416687,4,892,603.0904969159747
167,1.2364673614501953,4,892,603.0904969159747
168,1.2361500263214111,4,892,603.0904969159747
169,1.2358336448669434,4,892,603.0904969159747
170,1.235532283782959,4,892,603.0904969159747
171,1.2352195978164673,4,892,603.0904969159747
172,1.234907627105713,4,892,603.0904969159747
173,1.2345854043960571,4,892,603.0904969159747
174,1.234292984008789,4,892,603.0904969159747
175,1.2339754104614258,4,892,603.0904969159747
176,1.2336697578430176,4,892,603.0904969159747
177,1.23336923122406,4,892,603.0904969159747
178,1.2330503463745117,4,892,603.0904969159747
179,1.232757806777954,4,892,603.0904969159747
180,1.2324508428573608,4,892,603.0904969159747
181,1.232155442237854,4,892,603.0904969159747
182,1.2318588495254517,4,892,603.0904969159747
183,1.2315500974655151,4,892,603.0904969159747
184,1.2312506437301636,4,892,603.0904969159747
185,1.2309627532958984,4,892,603.0904969159747
186,1.2306655645370483,4,892,603.0904969159747
187,1.230369210243225,4,892,603.0904969159747
188,1.2300792932510376,4,892,603.0904969159747
189,1.2297860383987427,4,892,603.0904969159747
190,1.229493498802185,4,892,603.0904969159747
191,1.229193925857544,4,892,603.0904969159747
192,1.228901982307434,4,892,603.0904969159747
193,1.2286169528961182,4,892,603.0904969159747
194,1.228328824043274,4,892,603.0904969159747
195,1.228035569190979,4,892,603.0904969159747
196,1.227748155593872,4,892,603.0904969159747
197,1.227465271949768,4,892,603.0904969159747
198,1.2271912097930908,4,892,603.0904969159747
199,1.2268937826156616,4,892,603.0904969159747
200,1.22661554813385,4,892,603.0904969159747
201,1.226343035697937,4,892,603.0904969159747
202,1.2260520458221436,4,892,603.0904969159747
203,1.2257720232009888,4,892,603.0904969159747
204,1.2254990339279175,4,892,603.0904969159747
205,1.2252099514007568,4,892,603.0904969159747
206,1.2249349355697632,4,892,603.0904969159747
207,1.2246477603912354,4,892,603.0904969159747
208,1.224371075630188,4,892,603.0904969159747
209,1.2241133451461792,4,892,603.0904969159747
210,1.2238339185714722,4,892,603.0904969159747
211,1.2235485315322876,4,892,603.0904969159747
212,1.223278522491455,4,892,603.0904969159747
213,1.2230204343795776,4,892,603.0904969159747
214,1.222741961479187,4,892,603.0904969159747
215,1.2224782705307007,4,892,603.0904969159747
216,1.22221040725708,4,892,603.0904969159747
217,1.2219347953796387,4,892,603.0904969159747
218,1.2216780185699463,4,892,603.0904969159747
219,1.221411108970642,4,892,603.0904969159747
220,1.221150279045105,4,892,603.0904969159747
221,1.2208832502365112,4,892,603.0904969159747
222,1.2206194400787354,4,892,603.0904969159747
223,1.2203571796417236,4,892,603.0904969159747
224,1.2201062440872192,4,892,603.0904969159747
225,1.2198377847671509,4,892,603.0904969159747
226,1.2195876836776733,4,892,603.0904969159747
227,1.2193275690078735,4,892,603.0904969159747
228,1.2190719842910767,4,892,603.0904969159747
229,1.2188153266906738,4,892,603.0904969159747
230,1.2185600996017456,4,892,603.0904969159747
231,1.2183043956756592,4,892,603.0904969159747
232,1.218050241470337,4,892,603.0904969159747
233,1.217807412147522,4,892,603.0904969159747
234,1.217560887336731,4,892,603.0904969159747
235,1.2173089981079102,4,892,603.0904969159747
236,1.21706223487854,4,892,603.0904969159747
237,1.2168161869049072,4,892,603.0904969159747
238,1.2165725231170654,4,892,603.0904969159747
239,1.2163244485855103,4,892,603.0904969159747
240,1.2160743474960327,4,892,603.0904969159747
241,1.2158259153366089,4,892,603.0904969159747
242,1.2155917882919312,4,892,603.0904969159747
243,1.2153602838516235,4,892,603.0904969159747
244,1.2151100635528564,4,892,603.0904969159747
245,1.2148762941360474,4,892,603.0904969159747
246,1.2146353721618652,4,892,603.0904969159747
247,1.2144008874893188,4,892,603.0904969159747
248,1.2141636610031128,4,892,603.0904969159747
249,1.2139261960983276,4,892,603.0904969159747
250,1.2136999368667603,4,892,603.0904969159747
251,1.213464379310608,4,892,603.0904969159747
252,1.2132405042648315,4,892,603.0904969159747
253,1.212998628616333,4,892,603.0904969159747
254,1.2127721309661865,4,892,603.0904969159747
255,1.2125458717346191,4,892,603.0904969159747
256,1.212323784828186,4,892,603.0904969159747
257,1.2120903730392456,4,892,603.0904969159747
258,1.2118617296218872,4,892,603.0904969159747
259,1.2116390466690063,4,892,603.0904969159747
260,1.2114205360412598,4,892,603.0904969159747
261,1.2111921310424805,4,892,603.0904969159747
262,1.2109664678573608,4,892,603.0904969159747
263,1.2107540369033813,4,892,603.0904969159747
264,1.2105259895324707,4,892,603.0904969159747
265,1.210310697555542,4,892,603.0904969159747
266,1.2100943326950073,4,892,603.0904969159747
267,1.2098733186721802,4,892,603.0904969159747
268,1.2096530199050903,4,892,603.0904969159747
269,1.20944344997406,4,892,603.0904969159747
270,1.209229588508606,4,892,603.0904969159747
271,1.2090197801589966,4,892,603.0904969159747
272,1.208802580833435,4,892,603.0904969159747
273,1.2085872888565063,4,892,603.0904969159747
274,1.2083760499954224,4,892,603.0904969159747
275,1.2081611156463623,4,892,603.0904969159747
276,1.207947850227356,4,892,603.0904969159747
277,1.207744836807251,4,892,603.0904969159747
278,1.20753812789917,4,892,603.0904969159747
279,1.2073363065719604,4,892,603.0904969159747
280,1.2071309089660645,4,892,603.0904969159747
281,1.206918478012085,4,892,603.0904969159747
282,1.2067219018936157,4,892,603.0904969159747
283,1.2065083980560303,4,892,603.0904969159747
284,1.2063111066818237,4,892,603.0904969159747
285,1.2061125040054321,4,892,603.0904969159747
286,1.205912470817566,4,892,603.0904969159747
287,1.2057151794433594,4,892,603.0904969159747
288,1.2055063247680664,4,892,603.0904969159747
289,1.2053062915802002,4,892,603.0904969159747
290,1.2051094770431519,4,892,603.0904969159747
291,1.204910159111023,4,892,603.0904969159747
292,1.2047199010849,4,892,603.0904969159747
293,1.2045141458511353,4,892,603.0904969159747
294,1.2043153047561646,4,892,603.0904969159747
295,1.2041198015213013,4,892,603.0904969159747
296,1.203936219215393,4,892,603.0904969159747
297,1.203731894493103,4,892,603.0904969159747
298,1.2035472393035889,4,892,603.0904969159747
299,1.2033497095108032,4,892,603.0904969159747
300,1.2031651735305786,4,892,603.0904969159747
301,1.2029660940170288,4,892,603.0904969159747
302,1.2027791738510132,4,892,603.0904969159747
303,1.2025847434997559,4,892,603.0904969159747
304,1.2023977041244507,4,892,603.0904969159747
305,1.2021971940994263,4,892,603.0904969159747
306,1.2020127773284912,4,892,603.0904969159747
307,1.201832890510559,4,892,603.0904969159747
308,1.2016350030899048,4,892,603.0904969159747
309,1.2014575004577637,4,892,603.0904969159747
310,1.2012618780136108,4,892,603.0904969159747
311,1.201070785522461,4,892,603.0904969159747
312,1.200901746749878,4,892,603.0904969159747
313,1.200716495513916,4,892,603.0904969159747
314,1.200533390045166,4,892,603.0904969159747
315,1.200339674949646,4,892,603.0904969159747
316,1.2001625299453735,4,892,603.0904969159747
317,1.1999799013137817,4,892,603.0904969159747
318,1.1998049020767212,4,892,603.0904969159747
319,1.1996235847473145,4,892,603.0904969159747
320,1.1994342803955078,4,892,603.0904969159747
321,1.1992541551589966,4,892,603.0904969159747
322,1.1990724802017212,4,892,603.0904969159747
323,1.198899507522583,4,892,603.0904969159747
324,1.198713779449463,4,892,603.0904969159747
325,1.1985375881195068,4,892,603.0904969159747
326,1.1983612775802612,4,892,603.0904969159747
327,1.198190689086914,4,892,603.0904969159747
328,1.19800865650177,4,892,603.0904969159747
329,1.197831392288208,4,892,603.0904969159747
330,1.197662115097046,4,892,603.0904969159747
331,1.1974834203720093,4,892,603.0904969159747
332,1.1972984075546265,4,892,603.0904969159747
333,1.19712495803833,4,892,603.0904969159747
334,1.1969512701034546,4,892,603.0904969159747
335,1.196779727935791,4,892,603.0904969159747
336,1.1966133117675781,4,892,603.0904969159747
337,1.1964324712753296,4,892,603.0904969159747
338,1.1962635517120361,4,892,603.0904969159747
339,1.1960866451263428,4,892,603.0904969159747
340,1.1959172487258911,4,892,603.0904969159747
341,1.1957488059997559,4,892,603.0904969159747
342,1.1955790519714355,4,892,603.0904969159747
343,1.195403814315796,4,892,603.0904969159747
344,1.195238709449768,4,892,603.0904969159747
345,1.195059061050415,4,892,603.0904969159747
346,1.1948912143707275,4,892,603.0904969159747
347,1.1947252750396729,4,892,603.0904969159747
348,1.1945586204528809,4,892,603.0904969159747
349,1.1943883895874023,4,892,603.0904969159747
350,1.194218635559082,4,892,603.0904969159747
351,1.1940456628799438,4,892,603.0904969159747
352,1.1938765048980713,4,892,603.0904969159747
353,1.1937137842178345,4,892,603.0904969159747
354,1.1935433149337769,4,892,603.0904969159747
355,1.1933848857879639,4,892,603.0904969159747
356,1.1932213306427002,4,892,603.0904969159747
357,1.193049430847168,4,892,603.0904969159747
358,1.1928752660751343,4,892,603.0904969159747
359,1.1927218437194824,4,892,603.0904969159747
360,1.1925486326217651,4,892,603.0904969159747
361,1.1923871040344238,4,892,603.0904969159747
362,1.1922249794006348,4,892,603.0904969159747
363,1.1920562982559204,4,892,603.0904969159747
364,1.1919008493423462,4,892,603.0904969159747
365,1.19174063205719,4,892,603.0904969159747
366,1.1915664672851562,4,892,603.0904969159747
367,1.1914020776748657,4,892,603.0904969159747
368,1.1912462711334229,4,892,603.0904969159747
369,1.191082239151001,4,892,603.0904969159747
370,1.190921664237976,4,892,603.0904969159747
371,1.190752625465393,4,892,603.0904969159747
372,1.1906061172485352,4,892,603.0904969159747
373,1.1904338598251343,4,892,603.0904969159747
374,1.190276861190796,4,892,603.0904969159747
375,1.1901201009750366,4,892,603.0904969159747
376,1.1899513006210327,4,892,603.0904969159747
377,1.1897906064987183,4,892,603.0904969159747
378,1.1896377801895142,4,892,603.0904969159747
379,1.1894798278808594,4,892,603.0904969159747
380,1.189316987991333,4,892,603.0904969159747
381,1.1891618967056274,4,892,603.0904969159747
382,1.1890075206756592,4,892,603.0904969159747
383,1.1888455152511597,4,892,603.0904969159747
384,1.188693881034851,4,892,603.0904969159747
385,1.1885308027267456,4,892,603.0904969159747
386,1.1883682012557983,4,892,603.0904969159747
387,1.1882253885269165,4,892,603.0904969159747
388,1.1880557537078857,4,892,603.0904969159747
389,1.1879113912582397,4,892,603.0904969159747
390,1.1877424716949463,4,892,603.0904969159747
391,1.187593936920166,4,892,603.0904969159747
392,1.1874366998672485,4,892,603.0904969159747
393,1.1872875690460205,4,892,603.0904969159747
394,1.1871284246444702,4,892,603.0904969159747
395,1.1869680881500244,4,892,603.0904969159747
396,1.1868183612823486,4,892,603.0904969159747
397,1.186661958694458,4,892,603.0904969159747
398,1.1865109205245972,4,892,603.0904969159747
399,1.1863622665405273,4,892,603.0904969159747
400,1.1862053871154785,4,892,603.0904969159747
401,1.186051845550537,4,892,603.0904969159747
402,1.185900330543518,4,892,603.0904969159747
403,1.1857454776763916,4,892,603.0904969159747
404,1.185595989227295,4,892,603.0904969159747
405,1.1854405403137207,4,892,603.0904969159747
406,1.1852842569351196,4,892,603.0904969159747
407,1.1851288080215454,4,892,603.0904969159747
408,1.1849849224090576,4,892,603.0904969159747
409,1.1848326921463013,4,892,603.0904969159747
410,1.184686541557312,4,892,603.0904969159747
411,1.1845393180847168,4,892,603.0904969159747
412,1.1843881607055664,4,892,603.0904969159747
413,1.1842350959777832,4,892,603.0904969159747
414,1.184080719947815,4,892,603.0904969159747
415,1.1839359998703003,4,892,603.0904969159747
416,1.183783769607544,4,892,603.0904969159747
417,1.1836419105529785,4,892,603.0904969159747
418,1.1834895610809326,4,892,603.0904969159747
419,1.1833460330963135,4,892,603.0904969159747
420,1.1831958293914795,4,892,603.0904969159747
421,1.1830477714538574,4,892,603.0904969159747
422,1.1829036474227905,4,892,603.0904969159747
423,1.1827442646026611,4,892,603.0904969159747
424,1.182598352432251,4,892,603.0904969159747
425,1.1824541091918945,4,892,603.0904969159747
426,1.182311773300171,4,892,603.0904969159747
427,1.1821705102920532,4,892,603.0904969159747
428,1.1820244789123535,4,892,603.0904969159747
429,1.181880235671997,4,892,603.0904969159747
430,1.1817280054092407,4,892,603.0904969159747
431,1.1815762519836426,4,892,603.0904969159747
432,1.1814392805099487,4,892,603.0904969159747
433,1.1812912225723267,4,892,603.0904969159747
434,1.1811500787734985,4,892,603.0904969159747
435,1.1810111999511719,4,892,603.0904969159747
436,1.1808568239212036,4,892,603.0904969159747
437,1.1807202100753784,4,892,603.0904969159747
438,1.180577278137207,4,892,603.0904969159747
439,1.180429458618164,4,892,603.0904969159747
440,1.180286169052124,4,892,603.0904969159747
441,1.1801449060440063,4,892,603.0904969159747
442,1.1800028085708618,4,892,603.0904969159747
443,1.1798592805862427,4,892,603.0904969159747
444,1.179721474647522,4,892,603.0904969159747
445,1.1795783042907715,4,892,603.0904969159747
446,1.179433822631836,4,892,603.0904969159747
447,1.1792930364608765,4,892,603.0904969159747
448,1.1791470050811768,4,892,603.0904969159747
449,1.1790132522583008,4,892,603.0904969159747
450,1.1788716316223145,4,892,603.0904969159747
451,1.1787300109863281,4,892,603.0904969159747
452,1.1785966157913208,4,892,603.0904969159747
453,1.1784552335739136,4,892,603.0904969159747
454,1.1783173084259033,4,892,603.0904969159747
455,1.1781821250915527,4,892,603.0904969159747
456,1.1780407428741455,4,892,603.0904969159747
457,1.1778979301452637,4,892,603.0904969159747
458,1.1777619123458862,4,892,603.0904969159747
459,1.1776193380355835,4,892,603.0904969159747
460,1.1774851083755493,4,892,603.0904969159747
461,1.1773486137390137,4,892,603.0904969159747
462,1.1772115230560303,4,892,603.0904969159747
463,1.1770812273025513,4,892,603.0904969159747
464,1.1769399642944336,4,892,603.0904969159747
465,1.1768053770065308,4,892,603.0904969159747
466,1.1766657829284668,4,892,603.0904969159747
467,1.1765296459197998,4,892,603.0904969159747
468,1.176397442817688,4,892,603.0904969159747
469,1.176265835762024,4,892,603.0904969159747
470,1.1761322021484375,4,892,603.0904969159747
471,1.1759909391403198,4,892,603.0904969159747
472,1.1758614778518677,4,892,603.0904969159747
473,1.1757252216339111,4,892,603.0904969159747
474,1.1755945682525635,4,892,603.0904969159747
475,1.1754584312438965,4,892,603.0904969159747
476,1.1753287315368652,4,892,603.0904969159747
477,1.1751946210861206,4,892,603.0904969159747
478,1.1750589609146118,4,892,603.0904969159747
479,1.1749286651611328,4,892,603.0904969159747
480,1.1747932434082031,4,892,603.0904969159747
481,1.1746615171432495,4,892,603.0904969159747
482,1.1745319366455078,4,892,603.0904969159747
483,1.1744012832641602,4,892,603.0904969159747
484,1.1742768287658691,4,892,603.0904969159747
485,1.1741420030593872,4,892,603.0904969159747
486,1.1740102767944336,4,892,603.0904969159747
487,1.173872947692871,4,892,603.0904969159747
488,1.173745036125183,4,892,603.0904969159747
489,1.1736207008361816,4,892,603.0904969159747
490,1.1734907627105713,4,892,603.0904969159747
491,1.173367977142334,4,892,603.0904969159747
492,1.1732372045516968,4,892,603.0904969159747
493,1.1731044054031372,4,892,603.0904969159747
494,1.172974944114685,4,892,603.0904969159747
495,1.1728417873382568,4,892,603.0904969159747
496,1.1727243661880493,4,892,603.0904969159747
497,1.1725890636444092,4,892,603.0904969159747
498,1.1724677085876465,4,892,603.0904969159747
499,1.1723366975784302,4,892,603.0904969159747
500,1.172217607498169,4,892,603.0904969159747
501,1.1720900535583496,4,892,603.0904969159747
502,1.1719651222229004,4,892,603.0904969159747
503,1.1718394756317139,4,892,603.0904969159747
504,1.171717643737793,4,892,603.0904969159747
505,1.1715925931930542,4,892,603.0904969159747
506,1.1714686155319214,4,892,603.0904969159747
507,1.1713398694992065,4,892,603.0904969159747
508,1.1712177991867065,4,892,603.0904969159747
509,1.171097755432129,4,892,603.0904969159747
510,1.1709662675857544,4,892,603.0904969159747
511,1.1708506345748901,4,892,603.0904969159747
512,1.170720100402832,4,892,603.0904969159747
513,1.1705926656723022,4,892,603.0904969159747
514,1.1704736948013306,4,892,603.0904969159747
515,1.1703529357910156,4,892,603.0904969159747
516,1.1702293157577515,4,892,603.0904969159747
517,1.1701115369796753,4,892,603.0904969159747
518,1.1699885129928589,4,892,603.0904969159747
519,1.169867992401123,4,892,603.0904969159747
520,1.1697438955307007,4,892,603.0904969159747
521,1.1696301698684692,4,892,603.0904969159747
522,1.1695045232772827,4,892,603.0904969159747
523,1.1693902015686035,4,892,603.0904969159747
524,1.1692684888839722,4,892,603.0904969159747
525,1.1691550016403198,4,892,603.0904969159747
526,1.1690332889556885,4,892,603.0904969159747
527,1.16891348361969,4,892,603.0904969159747
528,1.1687954664230347,4,892,603.0904969159747
529,1.16867995262146,4,892,603.0904969159747
530,1.1685600280761719,4,892,603.0904969159747
531,1.168436050415039,4,892,603.0904969159747
532,1.1683239936828613,4,892,603.0904969159747
533,1.1682096719741821,4,892,603.0904969159747
534,1.168092966079712,4,892,603.0904969159747
535,1.167978286743164,4,892,603.0904969159747
536,1.1678565740585327,4,892,603.0904969159747
537,1.167739748954773,4,892,603.0904969159747
538,1.1676287651062012,4,892,603.0904969159747
539,1.167510986328125,4,892,603.0904969159747
540,1.1673964262008667,4,892,603.0904969159747
541,1.1672875881195068,4,892,603.0904969159747
542,1.1671655178070068,4,892,603.0904969159747
543,1.1670591831207275,4,892,603.0904969159747
544,1.166945219039917,4,892,603.0904969159747
545,1.1668308973312378,4,892,603.0904969159747
546,1.166725516319275,4,892,603.0904969159747
547,1.1665964126586914,4,892,603.0904969159747
548,1.1664953231811523,4,892,603.0904969159747
549,1.166380763053894,4,892,603.0904969159747
550,1.1662715673446655,4,892,603.0904969159747
551,1.1661553382873535,4,892,603.0904969159747
552,1.166050910949707,4,892,603.0904969159747
553,1.1659353971481323,4,892,603.0904969159747
554,1.1658209562301636,4,892,603.0904969159747
555,1.1657088994979858,4,892,603.0904969159747
556,1.1656047105789185,4,892,603.0904969159747
557,1.1655004024505615,4,892,603.0904969159747
558,1.1653861999511719,4,892,603.0904969159747
559,1.165276050567627,4,892,603.0904969159747
560,1.1651651859283447,4,892,603.0904969159747
561,1.1650595664978027,4,892,603.0904969159747
562,1.1649521589279175,4,892,603.0904969159747
563,1.164850115776062,4,892,603.0904969159747
564,1.1647335290908813,4,892,603.0904969159747
565,1.1646270751953125,4,892,603.0904969159747
566,1.1645172834396362,4,892,603.0904969159747
567,1.1644113063812256,4,892,603.0904969159747
568,1.1643098592758179,4,892,603.0904969159747
569,1.1641989946365356,4,892,603.0904969159747
570,1.1640923023223877,4,892,603.0904969159747
571,1.1639914512634277,4,892,603.0904969159747
572,1.1638824939727783,4,892,603.0904969159747
573,1.1637781858444214,4,892,603.0904969159747
574,1.1636799573898315,4,892,603.0904969159747
575,1.1635687351226807,4,892,603.0904969159747
576,1.1634641885757446,4,892,603.0904969159747
577,1.1633639335632324,4,892,603.0904969159747
578,1.1632591485977173,4,892,603.0904969159747
579,1.1631532907485962,4,892,603.0904969159747
580,1.163055658340454,4,892,603.0904969159747
581,1.1629414558410645,4,892,603.0904969159747
582,1.1628458499908447,4,892,603.0904969159747
583,1.162744402885437,4,892,603.0904969159747
584,1.162647008895874,4,892,603.0904969159747
585,1.1625415086746216,4,892,603.0904969159747
586,1.1624411344528198,4,892,603.0904969159747
587,1.1623378992080688,4,892,603.0904969159747
588,1.162238359451294,4,892,603.0904969159747
589,1.1621345281600952,4,892,603.0904969159747
590,1.1620389223098755,4,892,603.0904969159747
591,1.1619393825531006,4,892,603.0904969159747
592,1.1618380546569824,4,892,603.0904969159747
593,1.1617343425750732,4,892,603.0904969159747
594,1.1616406440734863,4,892,603.0904969159747
595,1.161548376083374,4,892,603.0904969159747
596,1.1614456176757812,4,892,603.0904969159747
597,1.161350131034851,4,892,603.0904969159747
598,1.1612434387207031,4,892,603.0904969159747
599,1.1611497402191162,4,892,603.0904969159747
600,1.1610510349273682,4,892,603.0904969159747
601,1.1609565019607544,4,892,603.0904969159747
602,1.1608593463897705,4,892,603.0904969159747
603,1.1607639789581299,4,892,603.0904969159747
604,1.1606643199920654,4,892,603.0904969159747
605,1.1605693101882935,4,892,603.0904969159747
606,1.1604784727096558,4,892,603.0904969159747
607,1.1603810787200928,4,892,603.0904969159747
608,1.1602768898010254,4,892,603.0904969159747
609,1.1601871252059937,4,892,603.0904969159747
610,1.1600925922393799,4,892,603.0904969159747
611,1.1600013971328735,4,892,603.0904969159747
612,1.1599018573760986,4,892,603.0904969159747
613,1.1598122119903564,4,892,603.0904969159747
614,1.1597144603729248,4,892,603.0904969159747
615,1.1596252918243408,4,892,603.0904969159747
616,1.1595304012298584,4,892,603.0904969159747
617,1.159435510635376,4,892,603.0904969159747
618,1.1593505144119263,4,892,603.0904969159747
619,1.1592466831207275,4,892,603.0904969159747
620,1.1591551303863525,4,892,603.0904969159747
621,1.1590608358383179,4,892,603.0904969159747
622,1.1589750051498413,4,892,603.0904969159747
623,1.158877968788147,4,892,603.0904969159747
624,1.1587870121002197,4,892,603.0904969159747
625,1.1586973667144775,4,892,603.0904969159747
626,1.1586073637008667,4,892,603.0904969159747
627,1.1585114002227783,4,892,603.0904969159747
628,1.1584280729293823,4,892,603.0904969159747
629,1.1583330631256104,4,892,603.0904969159747
630,1.1582462787628174,4,892,603.0904969159747
631,1.1581547260284424,4,892,603.0904969159747
632,1.1580640077590942,4,892,603.0904969159747
633,1.1579779386520386,4,892,603.0904969159747
634,1.1578855514526367,4,892,603.0904969159747
635,1.157796025276184,4,892,603.0904969159747
636,1.1577069759368896,4,892,603.0904969159747
637,1.1576189994812012,4,892,603.0904969159747
638,1.1575336456298828,4,892,603.0904969159747
639,1.1574450731277466,4,892,603.0904969159747
640,1.1573524475097656,4,892,603.0904969159747
641,1.1572647094726562,4,892,603.0904969159747
642,1.157179355621338,4,892,603.0904969159747
643,1.1570947170257568,4,892,603.0904969159747
644,1.157006025314331,4,892,603.0904969159747
645,1.1569234132766724,4,892,603.0904969159747
646,1.1568374633789062,4,892,603.0904969159747
647,1.1567490100860596,4,892,603.0904969159747
648,1.156662106513977,4,892,603.0904969159747
649,1.1565669775009155,4,892,603.0904969159747
650,1.1564897298812866,4,892,603.0904969159747
651,1.1564035415649414,4,892,603.0904969159747
652,1.1563140153884888,4,892,603.0904969159747
653,1.1562294960021973,4,892,603.0904969159747
654,1.1561449766159058,4,892,603.0904969159747
655,1.1560651063919067,4,892,603.0904969159747
656,1.1559762954711914,4,892,603.0904969159747
657,1.1558870077133179,4,892,603.0904969159747
658,1.155800461769104,4,892,603.0904969159747
659,1.1557153463363647,4,892,603.0904969159747
660,1.1556389331817627,4,892,603.0904969159747
661,1.1555559635162354,4,892,603.0904969159747
662,1.155472755432129,4,892,603.0904969159747
663,1.1553871631622314,4,892,603.0904969159747
664,1.1553032398223877,4,892,603.0904969159747
665,1.1552225351333618,4,892,603.0904969159747
666,1.1551381349563599,4,892,603.0904969159747
667,1.1550506353378296,4,892,603.0904969159747
668,1.1549761295318604,4,892,603.0904969159747
669,1.1548832654953003,4,892,603.0904969159747
670,1.154802680015564,4,892,603.0904969159747
671,1.1547216176986694,4,892,603.0904969159747
672,1.1546434164047241,4,892,603.0904969159747
673,1.1545581817626953,4,892,603.0904969159747
674,1.1544830799102783,4,892,603.0904969159747
675,1.1543960571289062,4,892,603.0904969159747
676,1.1543179750442505,4,892,603.0904969159747
677,1.1542332172393799,4,892,603.0904969159747
678,1.1541523933410645,4,892,603.0904969159747
679,1.1540707349777222,4,892,603.0904969159747
680,1.1539947986602783,4,892,603.0904969159747
681,1.1539099216461182,4,892,603.0904969159747
682,1.1538281440734863,4,892,603.0904969159747
683,1.1537452936172485,4,892,603.0904969159747
684,1.1536675691604614,4,892,603.0904969159747
685,1.1535875797271729,4,892,603.0904969159747
686,1.1535100936889648,4,892,603.0904969159747
687,1.1534268856048584,4,892,603.0904969159747
688,1.1533483266830444,4,892,603.0904969159747
689,1.1532721519470215,4,892,603.0904969159747
690,1.1531928777694702,4,892,603.0904969159747
691,1.1531140804290771,4,892,603.0904969159747
692,1.15303373336792,4,892,603.0904969159747
693,1.152950406074524,4,892,603.0904969159747
694,1.1528770923614502,4,892,603.0904969159747
695,1.1527955532073975,4,892,603.0904969159747
696,1.1527174711227417,4,892,603.0904969159747
697,1.1526421308517456,4,892,603.0904969159747
698,1.1525568962097168,4,892,603.0904969159747
699,1.1524810791015625,4,892,603.0904969159747
700,1.1523988246917725,4,892,603.0904969159747
701,1.1523232460021973,4,892,603.0904969159747
702,1.1522464752197266,4,892,603.0904969159747
703,1.1521718502044678,4,892,603.0904969159747
704,1.1520930528640747,4,892,603.0904969159747
705,1.152016043663025,4,892,603.0904969159747
706,1.1519320011138916,4,892,603.0904969159747
707,1.1518585681915283,4,892,603.0904969159747
708,1.1517831087112427,4,892,603.0904969159747
709,1.1517086029052734,4,892,603.0904969159747
710,1.1516363620758057,4,892,603.0904969159747
711,1.1515504121780396,4,892,603.0904969159747
712,1.1514747142791748,4,892,603.0904969159747
713,1.151397705078125,4,892,603.0904969159747
714,1.1513242721557617,4,892,603.0904969159747
715,1.151249885559082,4,892,603.0904969159747
716,1.1511703729629517,4,892,603.0904969159747
717,1.1511002779006958,4,892,603.0904969159747
718,1.1510190963745117,4,892,603.0904969159747
719,1.1509432792663574,4,892,603.0904969159747
720,1.1508598327636719,4,892,603.0904969159747
721,1.1507898569107056,4,892,603.0904969159747
722,1.1507140398025513,4,892,603.0904969159747
723,1.1506398916244507,4,892,603.0904969159747
724,1.1505634784698486,4,892,603.0904969159747
725,1.1504899263381958,4,892,603.0904969159747
726,1.1504148244857788,4,892,603.0904969159747
727,1.1503384113311768,4,892,603.0904969159747
728,1.150262475013733,4,892,603.0904969159747
729,1.1501829624176025,4,892,603.0904969159747
730,1.1501128673553467,4,892,603.0904969159747
731,1.1500378847122192,4,892,603.0904969159747
732,1.149965763092041,4,892,603.0904969159747
733,1.1498857736587524,4,892,603.0904969159747
734,1.1498152017593384,4,892,603.0904969159747
735,1.1497435569763184,4,892,603.0904969159747
736,1.149672031402588,4,892,603.0904969159747
737,1.149595022201538,4,892,603.0904969159747
738,1.1495202779769897,4,892,603.0904969159747
739,1.1494477987289429,4,892,603.0904969159747
740,1.14937162399292,4,892,603.0904969159747
741,1.1492990255355835,4,892,603.0904969159747
742,1.1492208242416382,4,892,603.0904969159747
743,1.1491488218307495,4,892,603.0904969159747
744,1.149072527885437,4,892,603.0904969159747
745,1.1489981412887573,4,892,603.0904969159747
746,1.1489332914352417,4,892,603.0904969159747
747,1.1488571166992188,4,892,603.0904969159747
748,1.1487854719161987,4,892,603.0904969159747
749,1.1487103700637817,4,892,603.0904969159747
750,1.1486401557922363,4,892,603.0904969159747
751,1.1485669612884521,4,892,603.0904969159747
752,1.1484901905059814,4,892,603.0904969159747
753,1.1484251022338867,4,892,603.0904969159747
754,1.1483486890792847,4,892,603.0904969159747
755,1.1482757329940796,4,892,603.0904969159747
756,1.1482058763504028,4,892,603.0904969159747
757,1.1481302976608276,4,892,603.0904969159747
758,1.1480607986450195,4,892,603.0904969159747
759,1.1479915380477905,4,892,603.0904969159747
760,1.147921085357666,4,892,603.0904969159747
761,1.1478468179702759,4,892,603.0904969159747
762,1.1477667093276978,4,892,603.0904969159747
763,1.1476988792419434,4,892,603.0904969159747
764,1.1476290225982666,4,892,603.0904969159747
765,1.147558569908142,4,892,603.0904969159747
766,1.1474875211715698,4,892,603.0904969159747
767,1.1474096775054932,4,892,603.0904969159747
768,1.1473420858383179,4,892,603.0904969159747
769,1.1472725868225098,4,892,603.0904969159747
770,1.1472036838531494,4,892,603.0904969159747
771,1.1471290588378906,4,892,603.0904969159747
772,1.147062063217163,4,892,603.0904969159747
773,1.146986722946167,4,892,603.0904969159747
774,1.1469191312789917,4,892,603.0904969159747
775,1.1468435525894165,4,892,603.0904969159747
776,1.146777629852295,4,892,603.0904969159747
777,1.1467036008834839,4,892,603.0904969159747
778,1.1466333866119385,4,892,603.0904969159747
779,1.1465665102005005,4,892,603.0904969159747
780,1.1464853286743164,4,892,603.0904969159747
781,1.1464282274246216,4,892,603.0904969159747
782,1.146353006362915,4,892,603.0904969159747
783,1.146273136138916,4,892,603.0904969159747
784,1.1462047100067139,4,892,603.0904969159747
785,1.1461377143859863,4,892,603.0904969159747
786,1.1460686922073364,4,892,603.0904969159747
787,1.145994782447815,4,892,603.0904969159747
788,1.1459242105484009,4,892,603.0904969159747
789,1.1458613872528076,4,892,603.0904969159747
790,1.1457890272140503,4,892,603.0904969159747
791,1.14572012424469,4,892,603.0904969159747
792,1.1456539630889893,4,892,603.0904969159747
793,1.1455790996551514,4,892,603.0904969159747
794,1.1455128192901611,4,892,603.0904969159747
795,1.145444631576538,4,892,603.0904969159747
796,1.1453765630722046,4,892,603.0904969159747
797,1.1453056335449219,4,892,603.0904969159747
798,1.1452339887619019,4,892,603.0904969159747
799,1.1451681852340698,4,892,603.0904969159747
800,1.1451002359390259,4,892,603.0904969159747
801,1.1450287103652954,4,892,603.0904969159747
802,1.144964575767517,4,892,603.0904969159747
803,1.1448928117752075,4,892,603.0904969159747
804,1.1448235511779785,4,892,603.0904969159747
805,1.1447540521621704,4,892,603.0904969159747
806,1.1446895599365234,4,892,603.0904969159747
807,1.144618272781372,4,892,603.0904969159747
808,1.1445503234863281,4,892,603.0904969159747
809,1.1444755792617798,4,892,603.0904969159747
810,1.144412875175476,4,892,603.0904969159747
811,1.1443387269973755,4,892,603.0904969159747
812,1.1442722082138062,4,892,603.0904969159747
813,1.1442070007324219,4,892,603.0904969159747
814,1.1441375017166138,4,892,603.0904969159747
815,1.1440719366073608,4,892,603.0904969159747
816,1.1440075635910034,4,892,603.0904969159747
817,1.1439305543899536,4,892,603.0904969159747
818,1.143864393234253,4,892,603.0904969159747
819,1.143804669380188,4,892,603.0904969159747
820,1.1437323093414307,4,892,603.0904969159747
821,1.1436657905578613,4,892,603.0904969159747
822,1.1435918807983398,4,892,603.0904969159747
823,1.1435258388519287,4,892,603.0904969159747
824,1.1434669494628906,4,892,603.0904969159747
825,1.1433905363082886,4,892,603.0904969159747
826,1.1433308124542236,4,892,603.0904969159747
827,1.1432629823684692,4,892,603.0904969159747
828,1.1431938409805298,4,892,603.0904969159747
829,1.1431242227554321,4,892,603.0904969159747
830,1.143059492111206,4,892,603.0904969159747
831,1.1429898738861084,4,892,603.0904969159747
832,1.142926812171936,4,892,603.0904969159747
833,1.1428583860397339,4,892,603.0904969159747
834,1.1427922248840332,4,892,603.0904969159747
835,1.1427271366119385,4,892,603.0904969159747
836,1.1426595449447632,4,892,603.0904969159747
837,1.1425931453704834,4,892,603.0904969159747
838,1.1425297260284424,4,892,603.0904969159747
839,1.1424579620361328,4,892,603.0904969159747
840,1.1423940658569336,4,892,603.0904969159747
841,1.1423296928405762,4,892,603.0904969159747
842,1.142260193824768,4,892,603.0904969159747
843,1.142194390296936,4,892,603.0904969159747
844,1.1421265602111816,4,892,603.0904969159747
845,1.1420658826828003,4,892,603.0904969159747
846,1.1419966220855713,4,892,603.0904969159747
847,1.1419320106506348,4,892,603.0904969159747
848,1.141868233680725,4,892,603.0904969159747
849,1.1418007612228394,4,892,603.0904969159747
850,1.1417359113693237,4,892,603.0904969159747
851,1.1416726112365723,4,892,603.0904969159747
852,1.1416077613830566,4,892,603.0904969159747
853,1.1415431499481201,4,892,603.0904969159747
854,1.1414735317230225,4,892,603.0904969159747
855,1.141409993171692,4,892,603.0904969159747
856,1.141344428062439,4,892,603.0904969159747
857,1.1412808895111084,4,892,603.0904969159747
858,1.1412158012390137,4,892,603.0904969159747
859,1.1411497592926025,4,892,603.0904969159747
860,1.141082763671875,4,892,603.0904969159747
861,1.141014575958252,4,892,603.0904969159747
862,1.1409534215927124,4,892,603.0904969159747
863,1.1408870220184326,4,892,603.0904969159747
864,1.140826940536499,4,892,603.0904969159747
865,1.1407650709152222,4,892,603.0904969159747
866,1.1406975984573364,4,892,603.0904969159747
867,1.1406383514404297,4,892,603.0904969159747
868,1.1405701637268066,4,892,603.0904969159747
869,1.140511155128479,4,892,603.0904969159747
870,1.1404436826705933,4,892,603.0904969159747
871,1.1403754949569702,4,892,603.0904969159747
872,1.1403133869171143,4,892,603.0904969159747
873,1.1402525901794434,4,892,603.0904969159747
874,1.140184760093689,4,892,603.0904969159747
875,1.1401234865188599,4,892,603.0904969159747
876,1.1400567293167114,4,892,603.0904969159747
877,1.139992594718933,4,892,603.0904969159747
878,1.1399296522140503,4,892,603.0904969159747
879,1.1398693323135376,4,892,603.0904969159747
880,1.139804720878601,4,892,603.0904969159747
881,1.139737606048584,4,892,603.0904969159747
882,1.1396747827529907,4,892,603.0904969159747
883,1.139611005783081,4,892,603.0904969159747
884,1.1395472288131714,4,892,603.0904969159747
885,1.1394916772842407,4,892,603.0904969159747
886,1.1394232511520386,4,892,603.0904969159747
887,1.1393567323684692,4,892,603.0904969159747
888,1.1392978429794312,4,892,603.0904969159747
889,1.1392347812652588,4,892,603.0904969159747
890,1.1391735076904297,4,892,603.0904969159747
891,1.1391125917434692,4,892,603.0904969159747
892,1.1390506029129028,4,892,603.0904969159747
893,1.1389830112457275,4,892,603.0904969159747
894,1.1389223337173462,4,892,603.0904969159747
895,1.138857126235962,4,892,603.0904969159747
896,1.1387914419174194,4,892,603.0904969159747
897,1.138735055923462,4,892,603.0904969159747
898,1.138672947883606,4,892,603.0904969159747
899,1.1386120319366455,4,892,603.0904969159747
900,1.1385498046875,4,892,603.0904969159747
901,1.1384820938110352,4,892,603.0904969159747
902,1.1384265422821045,4,892,603.0904969159747
903,1.1383626461029053,4,892,603.0904969159747
904,1.1383005380630493,4,892,603.0904969159747
905,1.1382423639297485,4,892,603.0904969159747
906,1.138177514076233,4,892,603.0904969159747
907,1.1381220817565918,4,892,603.0904969159747
908,1.1380529403686523,4,892,603.0904969159747
909,1.1379908323287964,4,892,603.0904969159747
910,1.1379355192184448,4,892,603.0904969159747
911,1.1378705501556396,4,892,603.0904969159747
912,1.1378122568130493,4,892,603.0904969159747
913,1.137751579284668,4,892,603.0904969159747
914,1.1376912593841553,4,892,603.0904969159747
915,1.1376323699951172,4,892,603.0904969159747
916,1.137568712234497,4,892,603.0904969159747
917,1.1375077962875366,4,892,603.0904969159747
918,1.1374491453170776,4,892,603.0904969159747
919,1.1373848915100098,4,892,603.0904969159747
920,1.1373246908187866,4,892,603.0904969159747
921,1.1372681856155396,4,892,603.0904969159747
922,1.1372064352035522,4,892,603.0904969159747
923,1.1371386051177979,4,892,603.0904969159747
924,1.1370810270309448,4,892,603.0904969159747
925,1.1370210647583008,4,892,603.0904969159747
926,1.1369673013687134,4,892,603.0904969159747
927,1.136904239654541,4,892,603.0904969159747
928,1.1368436813354492,4,892,603.0904969159747
929,1.1367840766906738,4,892,603.0904969159747
930,1.1367210149765015,4,892,603.0904969159747
931,1.1366692781448364,4,892,603.0904969159747
932,1.136602520942688,4,892,603.0904969159747
933,1.1365448236465454,4,892,603.0904969159747
934,1.1364892721176147,4,892,603.0904969159747
935,1.136433720588684,4,892,603.0904969159747
936,1.1363693475723267,4,892,603.0904969159747
937,1.1363033056259155,4,892,603.0904969159747
938,1.1362477540969849,4,892,603.0904969159747
939,1.1361911296844482,4,892,603.0904969159747
940,1.1361290216445923,4,892,603.0904969159747
941,1.136073112487793,4,892,603.0904969159747
942,1.1360113620758057,4,892,603.0904969159747
943,1.1359525918960571,4,892,603.0904969159747
944,1.135896921157837,4,892,603.0904969159747
945,1.1358362436294556,4,892,603.0904969159747
946,1.1357812881469727,4,892,603.0904969159747
947,1.1357240676879883,4,892,603.0904969159747
948,1.1356608867645264,4,892,603.0904969159747
949,1.1356046199798584,4,892,603.0904969159747
950,1.135549783706665,4,892,603.0904969159747
951,1.1354899406433105,4,892,603.0904969159747
952,1.135430097579956,4,892,603.0904969159747
953,1.1353700160980225,4,892,603.0904969159747
954,1.1353102922439575,4,892,603.0904969159747
955,1.135256052017212,4,892,603.0904969159747
956,1.1351996660232544,4,892,603.0904969159747
957,1.1351398229599,4,892,603.0904969159747
958,1.135081171989441,4,892,603.0904969159747
959,1.1350289583206177,4,892,603.0904969159747
960,1.134963870048523,4,892,603.0904969159747
961,1.1349117755889893,4,892,603.0904969159747
962,1.1348540782928467,4,892,603.0904969159747
963,1.1347942352294922,4,892,603.0904969159747
964,1.134741187095642,4,892,603.0904969159747
965,1.1346806287765503,4,892,603.0904969159747
966,1.1346267461776733,4,892,603.0904969159747
967,1.1345665454864502,4,892,603.0904969159747
968,1.1345068216323853,4,892,603.0904969159747
969,1.1344504356384277,4,892,603.0904969159747
970,1.1343977451324463,4,892,603.0904969159747
971,1.1343395709991455,4,892,603.0904969159747
972,1.1342841386795044,4,892,603.0904969159747
973,1.1342227458953857,4,892,603.0904969159747
974,1.1341720819473267,4,892,603.0904969159747
975,1.1341115236282349,4,892,603.0904969159747
976,1.1340619325637817,4,892,603.0904969159747
977,1.13400399684906,4,892,603.0904969159747
978,1.1339467763900757,4,892,603.0904969159747
979,1.1338950395584106,4,892,603.0904969159747
980,1.1338343620300293,4,892,603.0904969159747
981,1.1337745189666748,4,892,603.0904969159747
982,1.1337238550186157,4,892,603.0904969159747
983,1.1336638927459717,4,892,603.0904969159747
984,1.1336098909378052,4,892,603.0904969159747
985,1.1335530281066895,4,892,603.0904969159747
986,1.1334972381591797,4,892,603.0904969159747
987,1.1334463357925415,4,892,603.0904969159747
988,1.1333895921707153,4,892,603.0904969159747
989,1.1333348751068115,4,892,603.0904969159747
990,1.133279800415039,4,892,603.0904969159747
991,1.1332268714904785,4,892,603.0904969159747
992,1.1331703662872314,4,892,603.0904969159747
993,1.1331144571304321,4,892,603.0904969159747
994,1.1330608129501343,4,892,603.0904969159747
995,1.133002758026123,4,892,603.0904969159747
996,1.132955551147461,4,892,603.0904969159747
997,1.132901668548584,4,892,603.0904969159747
998,1.1328444480895996,4,892,603.0904969159747
999,1.1327887773513794,4,892,603.0904969159747
1000,1.1327362060546875,4,892,603.0904969159747
1001,1.1326786279678345,4,892,603.0904969159747
1002,1.1326271295547485,4,892,603.0904969159747
1003,1.1325665712356567,4,892,603.0904969159747
1004,1.1325172185897827,4,892,603.0904969159747
1005,1.1324644088745117,4,892,603.0904969159747
1006,1.132407546043396,4,892,603.0904969159747
1007,1.1323553323745728,4,892,603.0904969159747
1008,1.1323007345199585,4,892,603.0904969159747
1009,1.1322526931762695,4,892,603.0904969159747
1010,1.1321989297866821,4,892,603.0904969159747
1011,1.132138967514038,4,892,603.0904969159747
1012,1.1320899724960327,4,892,603.0904969159747
1013,1.1320366859436035,4,892,603.0904969159747
1014,1.131985068321228,4,892,603.0904969159747
1015,1.1319303512573242,4,892,603.0904969159747
1016,1.1318711042404175,4,892,603.0904969159747
1017,1.131820797920227,4,892,603.0904969159747
1018,1.131771445274353,4,892,603.0904969159747
1019,1.1317137479782104,4,892,603.0904969159747
1020,1.131667137145996,4,892,603.0904969159747
1021,1.1316114664077759,4,892,603.0904969159747
1022,1.1315619945526123,4,892,603.0904969159747
1023,1.131508469581604,4,892,603.0904969159747
1024,1.13144850730896,4,892,603.0904969159747
1025,1.1314003467559814,4,892,603.0904969159747
1026,1.131354570388794,4,892,603.0904969159747
1027,1.1312952041625977,4,892,603.0904969159747
1028,1.1312447786331177,4,892,603.0904969159747
1029,1.1311944723129272,4,892,603.0904969159747
1030,1.1311423778533936,4,892,603.0904969159747
1031,1.1310874223709106,4,892,603.0904969159747
1032,1.1310369968414307,4,892,603.0904969159747
1033,1.1309876441955566,4,892,603.0904969159747
1034,1.1309319734573364,4,892,603.0904969159747
1035,1.1308822631835938,4,892,603.0904969159747
1036,1.1308319568634033,4,892,603.0904969159747
1037,1.1307817697525024,4,892,603.0904969159747
1038,1.1307251453399658,4,892,603.0904969159747
1039,1.1306767463684082,4,892,603.0904969159747
1040,1.1306226253509521,4,892,603.0904969159747
1041,1.1305768489837646,4,892,603.0904969159747
1042,1.1305265426635742,4,892,603.0904969159747
1043,1.1304709911346436,4,892,603.0904969159747
1044,1.130422592163086,4,892,603.0904969159747
1045,1.1303688287734985,4,892,603.0904969159747
1046,1.1303203105926514,4,892,603.0904969159747
1047,1.1302672624588013,4,892,603.0904969159747
1048,1.1302177906036377,4,892,603.0904969159747
1049,1.1301686763763428,4,892,603.0904969159747
1050,1.130113124847412,4,892,603.0904969159747
1051,1.1300721168518066,4,892,603.0904969159747
1052,1.1300169229507446,4,892,603.0904969159747
1053,1.129967451095581,4,892,603.0904969159747
1054,1.1299136877059937,4,892,603.0904969159747
1055,1.129868507385254,4,892,603.0904969159747
1056,1.1298164129257202,4,892,603.0904969159747
1057,1.1297688484191895,4,892,603.0904969159747
1058,1.1297187805175781,4,892,603.0904969159747
1059,1.1296696662902832,4,892,603.0904969159747
1060,1.129618763923645,4,892,603.0904969159747
1061,1.1295742988586426,4,892,603.0904969159747
1062,1.1295249462127686,4,892,603.0904969159747
1063,1.1294652223587036,4,892,603.0904969159747
1064,1.1294245719909668,4,892,603.0904969159747
1065,1.1293710470199585,4,892,603.0904969159747
1066,1.1293199062347412,4,892,603.0904969159747
1067,1.1292777061462402,4,892,603.0904969159747
1068,1.1292243003845215,4,892,603.0904969159747
1069,1.1291775703430176,4,892,603.0904969159747
1070,1.129129409790039,4,892,603.0904969159747
1071,1.1290817260742188,4,892,603.0904969159747
1072,1.129030466079712,4,892,603.0904969159747
1073,1.128981351852417,4,892,603.0904969159747
1074,1.1289329528808594,4,892,603.0904969159747
1075,1.1288853883743286,4,892,603.0904969159747
1076,1.1288353204727173,4,892,603.0904969159747
1077,1.1287860870361328,4,892,603.0904969159747
1078,1.1287453174591064,4,892,603.0904969159747
1079,1.1286914348602295,4,892,603.0904969159747
1080,1.1286412477493286,4,892,603.0904969159747
1081,1.1285932064056396,4,892,603.0904969159747
1082,1.128551959991455,4,892,603.0904969159747
1083,1.1284977197647095,4,892,603.0904969159747
1084,1.128452181816101,4,892,603.0904969159747
1085,1.128405213356018,4,892,603.0904969159747
1086,1.1283570528030396,4,892,603.0904969159747
1087,1.1283115148544312,4,892,603.0904969159747
1088,1.1282600164413452,4,892,603.0904969159747
1089,1.1282076835632324,4,892,603.0904969159747
1090,1.1281638145446777,4,892,603.0904969159747
1091,1.1281193494796753,4,892,603.0904969159747
1092,1.1280704736709595,4,892,603.0904969159747
1093,1.1280299425125122,4,892,603.0904969159747
1094,1.127976417541504,4,892,603.0904969159747
1095,1.1279332637786865,4,892,603.0904969159747
1096,1.1278895139694214,4,892,603.0904969159747
1097,1.1278489828109741,4,892,603.0904969159747
1098,1.1277896165847778,4,892,603.0904969159747
1099,1.1277433633804321,4,892,603.0904969159747
1100,1.1276963949203491,4,892,603.0904969159747
1101,1.1276534795761108,4,892,603.0904969159747
1102,1.1276068687438965,4,892,603.0904969159747
1103,1.1275596618652344,4,892,603.0904969159747
1104,1.1275132894515991,4,892,603.0904969159747
1105,1.1274676322937012,4,892,603.0904969159747
1106,1.1274216175079346,4,892,603.0904969159747
1107,1.1273738145828247,4,892,603.0904969159747
1108,1.127328872680664,4,892,603.0904969159747
1109,1.127284288406372,4,892,603.0904969159747
1110,1.127241611480713,4,892,603.0904969159747
1111,1.1271913051605225,4,892,603.0904969159747
1112,1.1271426677703857,4,892,603.0904969159747
1113,1.127098560333252,4,892,603.0904969159747
1114,1.1270508766174316,4,892,603.0904969159747
1115,1.1270126104354858,4,892,603.0904969159747
1116,1.126967191696167,4,892,603.0904969159747
1117,1.1269196271896362,4,892,603.0904969159747
1118,1.1268744468688965,4,892,603.0904969159747
1119,1.126826286315918,4,892,603.0904969159747
1120,1.1267852783203125,4,892,603.0904969159747
1121,1.1267400979995728,4,892,603.0904969159747
1122,1.1266933679580688,4,892,603.0904969159747
1123,1.1266499757766724,4,892,603.0904969159747
1124,1.1266028881072998,4,892,603.0904969159747
1125,1.126560926437378,4,892,603.0904969159747
1126,1.1265164613723755,4,892,603.0904969159747
1127,1.1264715194702148,4,892,603.0904969159747
1128,1.126429557800293,4,892,603.0904969159747
1129,1.12638521194458,4,892,603.0904969159747
1130,1.1263370513916016,4,892,603.0904969159747
1131,1.1262866258621216,4,892,603.0904969159747
1132,1.126248836517334,4,892,603.0904969159747
1133,1.126208782196045,4,892,603.0904969159747
1134,1.1261614561080933,4,892,603.0904969159747
1135,1.1261130571365356,4,892,603.0904969159747
1136,1.126075029373169,4,892,603.0904969159747
1137,1.1260290145874023,4,892,603.0904969159747
1138,1.125986933708191,4,892,603.0904969159747
1139,1.1259347200393677,4,892,603.0904969159747
1140,1.1258914470672607,4,892,603.0904969159747
1141,1.1258467435836792,4,892,603.0904969159747
1142,1.1258060932159424,4,892,603.0904969159747
1143,1.1257619857788086,4,892,603.0904969159747
1144,1.1257224082946777,4,892,603.0904969159747
1145,1.1256846189498901,4,892,603.0904969159747
1146,1.125639796257019,4,892,603.0904969159747
1147,1.1255977153778076,4,892,603.0904969159747
1148,1.1255475282669067,4,892,603.0904969159747
1149,1.1255030632019043,4,892,603.0904969159747
1150,1.1254658699035645,4,892,603.0904969159747
1151,1.1254196166992188,4,892,603.0904969159747
1152,1.1253710985183716,4,892,603.0904969159747
1153,1.1253286600112915,4,892,603.0904969159747
1154,1.1252857446670532,4,892,603.0904969159747
1155,1.1252514123916626,4,892,603.0904969159747
1156,1.125204086303711,4,892,603.0904969159747
1157,1.1251592636108398,4,892,603.0904969159747
1158,1.1251181364059448,4,892,603.0904969159747
1159,1.125084638595581,4,892,603.0904969159747
1160,1.125037431716919,4,892,603.0904969159747
1161,1.1249980926513672,4,892,603.0904969159747
1162,1.1249494552612305,4,892,603.0904969159747
1163,1.124908208847046,4,892,603.0904969159747
1164,1.1248681545257568,4,892,603.0904969159747
1165,1.1248199939727783,4,892,603.0904969159747
1166,1.1247800588607788,4,892,603.0904969159747
1167,1.1247379779815674,4,892,603.0904969159747
1168,1.1246979236602783,4,892,603.0904969159747
1169,1.1246602535247803,4,892,603.0904969159747
1170,1.1246070861816406,4,892,603.0904969159747
1171,1.1245768070220947,4,892,603.0904969159747
1172,1.1245269775390625,4,892,603.0904969159747
1173,1.124488353729248,4,892,603.0904969159747
1174,1.1244415044784546,4,892,603.0904969159747
1175,1.1244022846221924,4,892,603.0904969159747
1176,1.1243654489517212,4,892,603.0904969159747
1177,1.1243232488632202,4,892,603.0904969159747
1178,1.1242856979370117,4,892,603.0904969159747
1179,1.1242430210113525,4,892,603.0904969159747
1180,1.1242022514343262,4,892,603.0904969159747
1181,1.1241600513458252,4,892,603.0904969159747
1182,1.1241191625595093,4,892,603.0904969159747
1183,1.1240705251693726,4,892,603.0904969159747
1184,1.124031662940979,4,892,603.0904969159747
1185,1.1239910125732422,4,892,603.0904969159747
1186,1.123947024345398,4,892,603.0904969159747
1187,1.1239126920700073,4,892,603.0904969159747
1188,1.1238744258880615,4,892,603.0904969159747
1189,1.1238329410552979,4,892,603.0904969159747
1190,1.1237891912460327,4,892,603.0904969159747
1191,1.123746633529663,4,892,603.0904969159747
1192,1.1237096786499023,4,892,603.0904969159747
1193,1.1236690282821655,4,892,603.0904969159747
1194,1.123633623123169,4,892,603.0904969159747
1195,1.1235889196395874,4,892,603.0904969159747
1196,1.1235488653182983,4,892,603.0904969159747
1197,1.1235078573226929,4,892,603.0904969159747
1198,1.1234666109085083,4,892,603.0904969159747
1199,1.1234313249588013,4,892,603.0904969159747
1200,1.1233880519866943,4,892,603.0904969159747
1201,1.1233453750610352,4,892,603.0904969159747
1202,1.1233021020889282,4,892,603.0904969159747
1203,1.1232659816741943,4,892,603.0904969159747
1204,1.123221755027771,4,892,603.0904969159747
1205,1.1231818199157715,4,892,603.0904969159747
1206,1.1231499910354614,4,892,603.0904969159747
1207,1.123105525970459,4,892,603.0904969159747
1208,1.1230716705322266,4,892,603.0904969159747
1209,1.123032808303833,4,892,603.0904969159747
1210,1.122990608215332,4,892,603.0904969159747
1211,1.1229456663131714,4,892,603.0904969159747
1212,1.1229143142700195,4,892,603.0904969159747
1213,1.1228678226470947,4,892,603.0904969159747
1214,1.1228362321853638,4,892,603.0904969159747
1215,1.122793197631836,4,892,603.0904969159747
1216,1.122750997543335,4,892,603.0904969159747
1217,1.1227152347564697,4,892,603.0904969159747
1218,1.1226692199707031,4,892,603.0904969159747
1219,1.1226375102996826,4,892,603.0904969159747
1220,1.1225929260253906,4,892,603.0904969159747
1221,1.1225590705871582,4,892,603.0904969159747
1222,1.1225203275680542,4,892,603.0904969159747
1223,1.1224828958511353,4,892,603.0904969159747
1224,1.1224490404129028,4,892,603.0904969159747
1225,1.1224032640457153,4,892,603.0904969159747
1226,1.1223649978637695,4,892,603.0904969159747
1227,1.122326374053955,4,892,603.0904969159747
1228,1.1222813129425049,4,892,603.0904969159747
1229,1.1222505569458008,4,892,603.0904969159747
1230,1.1222068071365356,4,892,603.0904969159747
1231,1.122175931930542,4,892,603.0904969159747
1232,1.1221362352371216,4,892,603.0904969159747
1233,1.122101902961731,4,892,603.0904969159747
1234,1.1220613718032837,4,892,603.0904969159747
1235,1.122020959854126,4,892,603.0904969159747
1236,1.1219837665557861,4,892,603.0904969159747
1237,1.121944785118103,4,892,603.0904969159747
1238,1.1219029426574707,4,892,603.0904969159747
1239,1.1218655109405518,4,892,603.0904969159747
1240,1.1218290328979492,4,892,603.0904969159747
1241,1.1217907667160034,4,892,603.0904969159747
1242,1.1217525005340576,4,892,603.0904969159747
1243,1.1217186450958252,4,892,603.0904969159747
1244,1.1216844320297241,4,892,603.0904969159747
1245,1.1216423511505127,4,892,603.0904969159747
1246,1.1216087341308594,4,892,603.0904969159747
1247,1.121567726135254,4,892,603.0904969159747
1248,1.1215276718139648,4,892,603.0904969159747
1249,1.121485948562622,4,892,603.0904969159747
1250,1.1214464902877808,4,892,603.0904969159747
1251,1.1214165687561035,4,892,603.0904969159747
1252,1.12138032913208,4,892,603.0904969159747
1253,1.1213459968566895,4,892,603.0904969159747
1254,1.1213011741638184,4,892,603.0904969159747
1255,1.1212648153305054,4,892,603.0904969159747
1256,1.1212328672409058,4,892,603.0904969159747
1257,1.121191143989563,4,892,603.0904969159747
1258,1.1211575269699097,4,892,603.0904969159747
1259,1.1211187839508057,4,892,603.0904969159747
1260,1.1210829019546509,4,892,603.0904969159747
1261,1.1210458278656006,4,892,603.0904969159747
1262,1.1210123300552368,4,892,603.0904969159747
1263,1.120971918106079,4,892,603.0904969159747
1264,1.1209372282028198,4,892,603.0904969159747
1265,1.1209006309509277,4,892,603.0904969159747
1266,1.1208605766296387,4,892,603.0904969159747
1267,1.1208261251449585,4,892,603.0904969159747
1268,1.1207859516143799,4,892,603.0904969159747
1269,1.1207510232925415,4,892,603.0904969159747
1270,1.1207127571105957,4,892,603.0904969159747
1271,1.1206752061843872,4,892,603.0904969159747
1272,1.1206417083740234,4,892,603.0904969159747
1273,1.1206032037734985,4,892,603.0904969159747
1274,1.1205713748931885,4,892,603.0904969159747
1275,1.1205354928970337,4,892,603.0904969159747
1276,1.120497703552246,4,892,603.0904969159747
1277,1.120458722114563,4,892,603.0904969159747
1278,1.1204259395599365,4,892,603.0904969159747
1279,1.1203924417495728,4,892,603.0904969159747
1280,1.1203538179397583,4,892,603.0904969159747
1281,1.1203172206878662,4,892,603.0904969159747
1282,1.1202841997146606,4,892,603.0904969159747
1283,1.1202402114868164,4,892,603.0904969159747
1284,1.1202161312103271,4,892,603.0904969159747
1285,1.120176911354065,4,892,603.0904969159747
1286,1.1201387643814087,4,892,603.0904969159747
1287,1.1201059818267822,4,892,603.0904969159747
1288,1.1200662851333618,4,892,603.0904969159747
1289,1.120034098625183,4,892,603.0904969159747
1290,1.1199955940246582,4,892,603.0904969159747
1291,1.1199570894241333,4,892,603.0904969159747
1292,1.1199218034744263,4,892,603.0904969159747
1293,1.1198853254318237,4,892,603.0904969159747
1294,1.1198503971099854,4,892,603.0904969159747
1295,1.1198188066482544,4,892,603.0904969159747
1296,1.1197845935821533,4,892,603.0904969159747
1297,1.1197487115859985,4,892,603.0904969159747
1298,1.1197144985198975,4,892,603.0904969159747
1299,1.1196750402450562,4,892,603.0904969159747
1300,1.1196422576904297,4,892,603.0904969159747
1301,1.119604468345642,4,892,603.0904969159747
1302,1.119572401046753,4,892,603.0904969159747
1303,1.119539737701416,4,892,603.0904969159747
1304,1.1195025444030762,4,892,603.0904969159747
1305,1.1194707155227661,4,892,603.0904969159747
1306,1.1194287538528442,4,892,603.0904969159747
1307,1.1193954944610596,4,892,603.0904969159747
1308,1.1193572282791138,4,892,603.0904969159747
1309,1.1193212270736694,4,892,603.0904969159747
1310,1.1192930936813354,4,892,603.0904969159747
1311,1.1192547082901,4,892,603.0904969159747
1312,1.1192225217819214,4,892,603.0904969159747
1313,1.1191880702972412,4,892,603.0904969159747
1314,1.1191486120224,4,892,603.0904969159747
1315,1.1191128492355347,4,892,603.0904969159747
1316,1.1190780401229858,4,892,603.0904969159747
1317,1.1190438270568848,4,892,603.0904969159747
1318,1.119015097618103,4,892,603.0904969159747
1319,1.1189824342727661,4,892,603.0904969159747
1320,1.118949294090271,4,892,603.0904969159747
1321,1.118911862373352,4,892,603.0904969159747
1322,1.118876576423645,4,892,603.0904969159747
1323,1.118841528892517,4,892,603.0904969159747
1324,1.1188100576400757,4,892,603.0904969159747
1325,1.1187714338302612,4,892,603.0904969159747
1326,1.1187423467636108,4,892,603.0904969159747
1327,1.118704080581665,4,892,603.0904969159747
1328,1.118673324584961,4,892,603.0904969159747
1329,1.1186357736587524,4,892,603.0904969159747
1330,1.1186033487319946,4,892,603.0904969159747
1331,1.118573784828186,4,892,603.0904969159747
1332,1.1185365915298462,4,892,603.0904969159747
1333,1.1184989213943481,4,892,603.0904969159747
1334,1.1184602975845337,4,892,603.0904969159747
1335,1.1184306144714355,4,892,603.0904969159747
1336,1.118399739265442,4,892,603.0904969159747
1337,1.1183613538742065,4,892,603.0904969159747
1338,1.1183286905288696,4,892,603.0904969159747
1339,1.1182959079742432,4,892,603.0904969159747
1340,1.1182684898376465,4,892,603.0904969159747
1341,1.1182279586791992,4,892,603.0904969159747
1342,1.1181979179382324,4,892,603.0904969159747
1343,1.1181573867797852,4,892,603.0904969159747
1344,1.118119239807129,4,892,603.0904969159747
1345,1.1180894374847412,4,892,603.0904969159747
1346,1.1180616617202759,4,892,603.0904969159747
1347,1.1180258989334106,4,892,603.0904969159747
1348,1.1180007457733154,4,892,603.0904969159747
1349,1.1179653406143188,4,892,603.0904969159747
1350,1.1179314851760864,4,892,603.0904969159747
1351,1.1178923845291138,4,892,603.0904969159747
1352,1.1178607940673828,4,892,603.0904969159747
1353,1.1178221702575684,4,892,603.0904969159747
1354,1.1177927255630493,4,892,603.0904969159747
1355,1.1177592277526855,4,892,603.0904969159747
1356,1.117730736732483,4,892,603.0904969159747
1357,1.117693543434143,4,892,603.0904969159747
1358,1.1176598072052002,4,892,603.0904969159747
1359,1.1176263093948364,4,892,603.0904969159747
1360,1.1175960302352905,4,892,603.0904969159747
1361,1.1175628900527954,4,892,603.0904969159747
1362,1.1175307035446167,4,892,603.0904969159747
1363,1.1174967288970947,4,892,603.0904969159747
1364,1.117468237876892,4,892,603.0904969159747
1365,1.1174304485321045,4,892,603.0904969159747
1366,1.1173955202102661,4,892,603.0904969159747
1367,1.1173653602600098,4,892,603.0904969159747
1368,1.1173337697982788,4,892,603.0904969159747
1369,1.1172970533370972,4,892,603.0904969159747
1370,1.1172693967819214,4,892,603.0904969159747
1371,1.1172337532043457,4,892,603.0904969159747
1372,1.117199182510376,4,892,603.0904969159747
1373,1.11716628074646,4,892,603.0904969159747
1374,1.1171361207962036,4,892,603.0904969159747
1375,1.1171026229858398,4,892,603.0904969159747
1376,1.1170681715011597,4,892,603.0904969159747
1377,1.1170400381088257,4,892,603.0904969159747
1378,1.1170095205307007,4,892,603.0904969159747
1379,1.116973638534546,4,892,603.0904969159747
1380,1.116942286491394,4,892,603.0904969159747
1381,1.116907000541687,4,892,603.0904969159747
1382,1.1168744564056396,4,892,603.0904969159747
1383,1.1168383359909058,4,892,603.0904969159747
1384,1.1168098449707031,4,892,603.0904969159747
1385,1.1167755126953125,4,892,603.0904969159747
1386,1.116747498512268,4,892,603.0904969159747
1387,1.1167089939117432,4,892,603.0904969159747
1388,1.1166805028915405,4,892,603.0904969159747
1389,1.1166486740112305,4,892,603.0904969159747
1390,1.1166138648986816,4,892,603.0904969159747
1391,1.1165813207626343,4,892,603.0904969159747
1392,1.1165530681610107,4,892,603.0904969159747
1393,1.116518259048462,4,892,603.0904969159747
1394,1.1164898872375488,4,892,603.0904969159747
1395,1.1164597272872925,4,892,603.0904969159747
1396,1.1164162158966064,4,892,603.0904969159747
1397,1.1163887977600098,4,892,603.0904969159747
1398,1.1163630485534668,4,892,603.0904969159747
1399,1.1163276433944702,4,892,603.0904969159747
1400,1.1162949800491333,4,892,603.0904969159747
1401,1.1162638664245605,4,892,603.0904969159747
1402,1.1162282228469849,4,892,603.0904969159747
1403,1.1162006855010986,4,892,603.0904969159747
1404,1.1161689758300781,4,892,603.0904969159747
1405,1.1161359548568726,4,892,603.0904969159747
1406,1.1160995960235596,4,892,603.0904969159747
1407,1.1160736083984375,4,892,603.0904969159747
1408,1.1160364151000977,4,892,603.0904969159747
1409,1.1160085201263428,4,892,603.0904969159747
1410,1.1159759759902954,4,892,603.0904969159747
1411,1.1159411668777466,4,892,603.0904969159747
1412,1.1159169673919678,4,892,603.0904969159747
1413,1.1158831119537354,4,892,603.0904969159747
1414,1.1158499717712402,4,892,603.0904969159747
1415,1.1158125400543213,4,892,603.0904969159747
1416,1.1157829761505127,4,892,603.0904969159747
1417,1.115753173828125,4,892,603.0904969159747
1418,1.115716814994812,4,892,603.0904969159747
1419,1.1156867742538452,4,892,603.0904969159747
1420,1.115660548210144,4,892,603.0904969159747
1421,1.1156319379806519,4,892,603.0904969159747
1422,1.1156013011932373,4,892,603.0904969159747
1423,1.115561604499817,4,892,603.0904969159747
1424,1.1155352592468262,4,892,603.0904969159747
1425,1.115500569343567,4,892,603.0904969159747
1426,1.1154741048812866,4,892,603.0904969159747
1427,1.1154398918151855,4,892,603.0904969159747
1428,1.1154125928878784,4,892,603.0904969159747
1429,1.1153804063796997,4,892,603.0904969159747
1430,1.1153455972671509,4,892,603.0904969159747
1431,1.1153150796890259,4,892,603.0904969159747
1432,1.1152831315994263,4,892,603.0904969159747
1433,1.1152509450912476,4,892,603.0904969159747
1434,1.1152164936065674,4,892,603.0904969159747
1435,1.1151933670043945,4,892,603.0904969159747
1436,1.1151553392410278,4,892,603.0904969159747
1437,1.115130066871643,4,892,603.0904969159747
1438,1.1150931119918823,4,892,603.0904969159747
1439,1.1150619983673096,4,892,603.0904969159747
1440,1.1150312423706055,4,892,603.0904969159747
1441,1.1150063276290894,4,892,603.0904969159747
1442,1.1149739027023315,4,892,603.0904969159747
1443,1.1149414777755737,4,892,603.0904969159747
1444,1.1149095296859741,4,892,603.0904969159747
1445,1.1148778200149536,4,892,603.0904969159747
1446,1.1148486137390137,4,892,603.0904969159747
1447,1.1148135662078857,4,892,603.0904969159747
1448,1.1147840023040771,4,892,603.0904969159747
1449,1.1147500276565552,4,892,603.0904969159747
1450,1.1147264242172241,4,892,603.0904969159747
1451,1.1146974563598633,4,892,603.0904969159747
1452,1.1146571636199951,4,892,603.0904969159747
1453,1.114629864692688,4,892,603.0904969159747
1454,1.1145966053009033,4,892,603.0904969159747
1455,1.1145689487457275,4,892,603.0904969159747
1456,1.1145384311676025,4,892,603.0904969159747
1457,1.1145098209381104,4,892,603.0904969159747
1458,1.1144723892211914,4,892,603.0904969159747
1459,1.1144471168518066,4,892,603.0904969159747
1460,1.1144156455993652,4,892,603.0904969159747
1461,1.1143813133239746,4,892,603.0904969159747
1462,1.1143591403961182,4,892,603.0904969159747
1463,1.1143237352371216,4,892,603.0904969159747
1464,1.114294171333313,4,892,603.0904969159747
1465,1.1142579317092896,4,892,603.0904969159747
1466,1.1142359972000122,4,892,603.0904969159747
1467,1.1142042875289917,4,892,603.0904969159747
1468,1.1141626834869385,4,892,603.0904969159747
1469,1.1141356229782104,4,892,603.0904969159747
1470,1.1141070127487183,4,892,603.0904969159747
1471,1.114079236984253,4,892,603.0904969159747
1472,1.1140481233596802,4,892,603.0904969159747
1473,1.1140215396881104,4,892,603.0904969159747
1474,1.1139893531799316,4,892,603.0904969159747
1475,1.113962173461914,4,892,603.0904969159747
1476,1.1139318943023682,4,892,603.0904969159747
1477,1.1138975620269775,4,892,603.0904969159747
1478,1.1138646602630615,4,892,603.0904969159747
1479,1.1138311624526978,4,892,603.0904969159747
1480,1.1138073205947876,4,892,603.0904969159747
1481,1.1137722730636597,4,892,603.0904969159747
1482,1.1137464046478271,4,892,603.0904969159747
1483,1.1137124300003052,4,892,603.0904969159747
1484,1.1136791706085205,4,892,603.0904969159747
1485,1.113652229309082,4,892,603.0904969159747
1486,1.113621711730957,4,892,603.0904969159747
1487,1.1135945320129395,4,892,603.0904969159747
1488,1.1135667562484741,4,892,603.0904969159747
1489,1.1135319471359253,4,892,603.0904969159747
1490,1.1134960651397705,4,892,603.0904969159747
1491,1.1134742498397827,4,892,603.0904969159747
1492,1.11344313621521,4,892,603.0904969159747
1493,1.1134109497070312,4,892,603.0904969159747
1494,1.1133829355239868,4,892,603.0904969159747
1495,1.113349437713623,4,892,603.0904969159747
1496,1.1133248805999756,4,892,603.0904969159747
1497,1.113290548324585,4,892,603.0904969159747
1498,1.1132607460021973,4,892,603.0904969159747
1499,1.113229513168335,4,892,603.0904969159747
1500,1.11320161819458,4,892,603.0904969159747
1501,1.113167643547058,4,892,603.0904969159747
1502,1.1131418943405151,4,892,603.0904969159747
1503,1.1131165027618408,4,892,603.0904969159747
1504,1.1130784749984741,4,892,603.0904969159747
1505,1.1130506992340088,4,892,603.0904969159747
1506,1.1130231618881226,4,892,603.0904969159747
1507,1.1129961013793945,4,892,603.0904969159747
1508,1.1129672527313232,4,892,603.0904969159747
1509,1.1129359006881714,4,892,603.0904969159747
1510,1.1129083633422852,4,892,603.0904969159747
1511,1.1128690242767334,4,892,603.0904969159747
1512,1.1128449440002441,4,892,603.0904969159747
1513,1.1128095388412476,4,892,603.0904969159747
1514,1.1127851009368896,4,892,603.0904969159747
1515,1.1127554178237915,4,892,603.0904969159747
1516,1.1127294301986694,4,892,603.0904969159747
1517,1.1126939058303833,4,892,603.0904969159747
1518,1.1126627922058105,4,892,603.0904969159747
1519,1.1126320362091064,4,892,603.0904969159747
1520,1.112610936164856,4,892,603.0904969159747
1521,1.1125710010528564,4,892,603.0904969159747
1522,1.1125457286834717,4,892,603.0904969159747
1523,1.1125200986862183,4,892,603.0904969159747
1524,1.1124826669692993,4,892,603.0904969159747
1525,1.1124515533447266,4,892,603.0904969159747
1526,1.1124248504638672,4,892,603.0904969159747
1527,1.1123985052108765,4,892,603.0904969159747
1528,1.112366795539856,4,892,603.0904969159747
1529,1.1123387813568115,4,892,603.0904969159747
1530,1.1123101711273193,4,892,603.0904969159747
1531,1.1122736930847168,4,892,603.0904969159747
1532,1.1122418642044067,4,892,603.0904969159747
1533,1.1122167110443115,4,892,603.0904969159747
1534,1.1121902465820312,4,892,603.0904969159747
1535,1.1121588945388794,4,892,603.0904969159747
1536,1.1121317148208618,4,892,603.0904969159747
1537,1.112099528312683,4,892,603.0904969159747
1538,1.1120691299438477,4,892,603.0904969159747
1539,1.1120400428771973,4,892,603.0904969159747
1540,1.112013339996338,4,892,603.0904969159747
1541,1.1119792461395264,4,892,603.0904969159747
1542,1.1119450330734253,4,892,603.0904969159747
1543,1.1119143962860107,4,892,603.0904969159747
1544,1.111885905265808,4,892,603.0904969159747
1545,1.1118592023849487,4,892,603.0904969159747
1546,1.111829400062561,4,892,603.0904969159747
1547,1.1118073463439941,4,892,603.0904969159747
1548,1.1117724180221558,4,892,603.0904969159747
1549,1.1117463111877441,4,892,603.0904969159747
1550,1.1117154359817505,4,892,603.0904969159747
1551,1.1116845607757568,4,892,603.0904969159747
1552,1.1116557121276855,4,892,603.0904969159747
1553,1.111629843711853,4,892,603.0904969159747
1554,1.1115970611572266,4,892,603.0904969159747
1555,1.1115691661834717,4,892,603.0904969159747
1556,1.1115388870239258,4,892,603.0904969159747
1557,1.1115108728408813,4,892,603.0904969159747
1558,1.111474871635437,4,892,603.0904969159747
1559,1.1114494800567627,4,892,603.0904969159747
1560,1.111423134803772,4,892,603.0904969159747
1561,1.1113884449005127,4,892,603.0904969159747
1562,1.1113609075546265,4,892,603.0904969159747
1563,1.1113303899765015,4,892,603.0904969159747
1564,1.1112983226776123,4,892,603.0904969159747
1565,1.1112717390060425,4,892,603.0904969159747
1566,1.1112473011016846,4,892,603.0904969159747
1567,1.1112133264541626,4,892,603.0904969159747
1568,1.1111799478530884,4,892,603.0904969159747
1569,1.1111536026000977,4,892,603.0904969159747
1570,1.1111246347427368,4,892,603.0904969159747
1571,1.111097812652588,4,892,603.0904969159747
1572,1.111066222190857,4,892,603.0904969159747
1573,1.1110385656356812,4,892,603.0904969159747
1574,1.1110060214996338,4,892,603.0904969159747
1575,1.1109777688980103,4,892,603.0904969159747
1576,1.1109471321105957,4,892,603.0904969159747
1577,1.1109235286712646,4,892,603.0904969159747
1578,1.1108901500701904,4,892,603.0904969159747
1579,1.1108630895614624,4,892,603.0904969159747
1580,1.1108318567276,4,892,603.0904969159747
1581,1.1108065843582153,4,892,603.0904969159747
1582,1.1107767820358276,4,892,603.0904969159747
1583,1.1107481718063354,4,892,603.0904969159747
1584,1.1107181310653687,4,892,603.0904969159747
1585,1.1106911897659302,4,892,603.0904969159747
1586,1.1106560230255127,4,892,603.0904969159747
1587,1.1106287240982056,4,892,603.0904969159747
1588,1.1105979681015015,4,892,603.0904969159747
1589,1.1105676889419556,4,892,603.0904969159747
1590,1.110543966293335,4,892,603.0904969159747
1591,1.1105155944824219,4,892,603.0904969159747
1592,1.1104846000671387,4,892,603.0904969159747
1593,1.110459566116333,4,892,603.0904969159747
1594,1.1104261875152588,4,892,603.0904969159747
1595,1.1104012727737427,4,892,603.0904969159747
1596,1.1103706359863281,4,892,603.0904969159747
1597,1.1103384494781494,4,892,603.0904969159747
1598,1.110305666923523,4,892,603.0904969159747
1599,1.1102827787399292,4,892,603.0904969159747
1600,1.110251784324646,4,892,603.0904969159747
1601,1.1102192401885986,4,892,603.0904969159747
1602,1.110193133354187,4,892,603.0904969159747
1603,1.1101634502410889,4,892,603.0904969159747
1604,1.1101378202438354,4,892,603.0904969159747
1605,1.1101016998291016,4,892,603.0904969159747
1606,1.1100729703903198,4,892,603.0904969159747
1607,1.1100449562072754,4,892,603.0904969159747
1608,1.1100258827209473,4,892,603.0904969159747
1609,1.109989047050476,4,892,603.0904969159747
1610,1.1099599599838257,4,892,603.0904969159747
1611,1.1099352836608887,4,892,603.0904969159747
1612,1.1099048852920532,4,892,603.0904969159747
1613,1.1098772287368774,4,892,603.0904969159747
1614,1.109843134880066,4,892,603.0904969159747
1615,1.109816312789917,4,892,603.0904969159747
1616,1.1097795963287354,4,892,603.0904969159747
1617,1.1097583770751953,4,892,603.0904969159747
1618,1.1097224950790405,4,892,603.0904969159747
1619,1.109697699546814,4,892,603.0904969159747
1620,1.1096687316894531,4,892,603.0904969159747
1621,1.109640121459961,4,892,603.0904969159747
1622,1.1096079349517822,4,892,603.0904969159747
1623,1.1095857620239258,4,892,603.0904969159747
1624,1.1095589399337769,4,892,603.0904969159747
1625,1.1095287799835205,4,892,603.0904969159747
1626,1.1094956398010254,4,892,603.0904969159747
1627,1.1094696521759033,4,892,603.0904969159747
1628,1.1094388961791992,4,892,603.0904969159747
1629,1.109415054321289,4,892,603.0904969159747
1630,1.1093848943710327,4,892,603.0904969159747
1631,1.1093553304672241,4,892,603.0904969159747
1632,1.1093229055404663,4,892,603.0904969159747
1633,1.1092973947525024,4,892,603.0904969159747
1634,1.1092736721038818,4,892,603.0904969159747
1635,1.1092371940612793,4,892,603.0904969159747
1636,1.109209656715393,4,892,603.0904969159747
1637,1.1091787815093994,4,892,603.0904969159747
1638,1.1091569662094116,4,892,603.0904969159747
1639,1.1091221570968628,4,892,603.0904969159747
1640,1.109099268913269,4,892,603.0904969159747
1641,1.1090664863586426,4,892,603.0904969159747
1642,1.109038233757019,4,892,603.0904969159747
1643,1.1090117692947388,4,892,603.0904969159747
1644,1.1089763641357422,4,892,603.0904969159747
1645,1.1089529991149902,4,892,603.0904969159747
1646,1.1089293956756592,4,892,603.0904969159747
1647,1.1088942289352417,4,892,603.0904969159747
1648,1.10886812210083,4,892,603.0904969159747
1649,1.1088426113128662,4,892,603.0904969159747
1650,1.10881769657135,4,892,603.0904969159747
1651,1.1087837219238281,4,892,603.0904969159747
1652,1.1087560653686523,4,892,603.0904969159747
1653,1.108728289604187,4,892,603.0904969159747
1654,1.1086971759796143,4,892,603.0904969159747
1655,1.1086691617965698,4,892,603.0904969159747
1656,1.1086410284042358,4,892,603.0904969159747
1657,1.1086097955703735,4,892,603.0904969159747
1658,1.1085870265960693,4,892,603.0904969159747
1659,1.1085524559020996,4,892,603.0904969159747
1660,1.1085280179977417,4,892,603.0904969159747
1661,1.108495831489563,4,892,603.0904969159747
1662,1.108471393585205,4,892,603.0904969159747
1663,1.108436107635498,4,892,603.0904969159747
1664,1.1084131002426147,4,892,603.0904969159747
1665,1.108385682106018,4,892,603.0904969159747
1666,1.1083570718765259,4,892,603.0904969159747
1667,1.1083279848098755,4,892,603.0904969159747
1668,1.108302116394043,4,892,603.0904969159747
1669,1.108272910118103,4,892,603.0904969159747
1670,1.108244776725769,4,892,603.0904969159747
1671,1.10821533203125,4,892,603.0904969159747
1672,1.1081860065460205,4,892,603.0904969159747
1673,1.108155369758606,4,892,603.0904969159747
1674,1.1081228256225586,4,892,603.0904969159747
1675,1.1081082820892334,4,892,603.0904969159747
1676,1.1080726385116577,4,892,603.0904969159747
1677,1.108044981956482,4,892,603.0904969159747
1678,1.1080175638198853,4,892,603.0904969159747
1679,1.107990026473999,4,892,603.0904969159747
1680,1.1079635620117188,4,892,603.0904969159747
1681,1.1079257726669312,4,892,603.0904969159747
1682,1.1079097986221313,4,892,603.0904969159747
1683,1.1078765392303467,4,892,603.0904969159747
1684,1.107847809791565,4,892,603.0904969159747
1685,1.1078224182128906,4,892,603.0904969159747
1686,1.1077871322631836,4,892,603.0904969159747
1687,1.107769250869751,4,892,603.0904969159747
1688,1.1077395677566528,4,892,603.0904969159747
1689,1.107710838317871,4,892,603.0904969159747
1690,1.1076842546463013,4,892,603.0904969159747
1691,1.1076492071151733,4,892,603.0904969159747
1692,1.107620120048523,4,892,603.0904969159747
1693,1.1075942516326904,4,892,603.0904969159747
1694,1.107566475868225,4,892,603.0904969159747
1695,1.1075396537780762,4,892,603.0904969159747
1696,1.107511043548584,4,892,603.0904969159747
1697,1.107486605644226,4,892,603.0904969159747
1698,1.1074556112289429,4,892,603.0904969159747
1699,1.1074289083480835,4,892,603.0904969159747
1700,1.107400894165039,4,892,603.0904969159747
1701,1.107370376586914,4,892,603.0904969159747
1702,1.1073378324508667,4,892,603.0904969159747
1703,1.107316017150879,4,892,603.0904969159747
1704,1.1072849035263062,4,892,603.0904969159747
1705,1.107262134552002,4,892,603.0904969159747
1706,1.1072332859039307,4,892,603.0904969159747
1707,1.1072075366973877,4,892,603.0904969159747
1708,1.1071836948394775,4,892,603.0904969159747
1709,1.1071531772613525,4,892,603.0904969159747
1710,1.1071213483810425,4,892,603.0904969159747
1711,1.1070926189422607,4,892,603.0904969159747
1712,1.1070717573165894,4,892,603.0904969159747
1713,1.1070417165756226,4,892,603.0904969159747
1714,1.1070150136947632,4,892,603.0904969159747
1715,1.106980800628662,4,892,603.0904969159747
1716,1.1069529056549072,4,892,603.0904969159747
1717,1.1069297790527344,4,892,603.0904969159747
1718,1.1069061756134033,4,892,603.0904969159747
1719,1.1068750619888306,4,892,603.0904969159747
1720,1.1068460941314697,4,892,603.0904969159747
1721,1.1068204641342163,4,892,603.0904969159747
1722,1.1067930459976196,4,892,603.0904969159747
1723,1.1067627668380737,4,892,603.0904969159747
1724,1.106737494468689,4,892,603.0904969159747
1725,1.1067055463790894,4,892,603.0904969159747
1726,1.106685996055603,4,892,603.0904969159747
1727,1.1066492795944214,4,892,603.0904969159747
1728,1.106623649597168,4,892,603.0904969159747
1729,1.1066001653671265,4,892,603.0904969159747
1730,1.1065725088119507,4,892,603.0904969159747
1731,1.1065491437911987,4,892,603.0904969159747
1732,1.1065189838409424,4,892,603.0904969159747
1733,1.1064947843551636,4,892,603.0904969159747
1734,1.1064612865447998,4,892,603.0904969159747
1735,1.1064395904541016,4,892,603.0904969159747
1736,1.1064101457595825,4,892,603.0904969159747
1737,1.1063807010650635,4,892,603.0904969159747
1738,1.1063607931137085,4,892,603.0904969159747
1739,1.1063299179077148,4,892,603.0904969159747
1740,1.1062994003295898,4,892,603.0904969159747
1741,1.106271505355835,4,892,603.0904969159747
1742,1.106248378753662,4,892,603.0904969159747
1743,1.1062201261520386,4,892,603.0904969159747
1744,1.1062015295028687,4,892,603.0904969159747
1745,1.106162667274475,4,892,603.0904969159747
1746,1.106140375137329,4,892,603.0904969159747
1747,1.1061099767684937,4,892,603.0904969159747
1748,1.1060854196548462,4,892,603.0904969159747
1749,1.106056809425354,4,892,603.0904969159747
1750,1.106024146080017,4,892,603.0904969159747
1751,1.1060031652450562,4,892,603.0904969159747
1752,1.1059744358062744,4,892,603.0904969159747
1753,1.1059520244598389,4,892,603.0904969159747
1754,1.1059235334396362,4,892,603.0904969159747
1755,1.1058956384658813,4,892,603.0904969159747
1756,1.1058647632598877,4,892,603.0904969159747
1757,1.1058427095413208,4,892,603.0904969159747
1758,1.1058175563812256,4,892,603.0904969159747
1759,1.1057915687561035,4,892,603.0904969159747
1760,1.105763554573059,4,892,603.0904969159747
1761,1.1057355403900146,4,892,603.0904969159747
1762,1.105708122253418,4,892,603.0904969159747
1763,1.105684518814087,4,892,603.0904969159747
1764,1.1056575775146484,4,892,603.0904969159747
1765,1.1056253910064697,4,892,603.0904969159747
1766,1.1056040525436401,4,892,603.0904969159747
1767,1.105582356452942,4,892,603.0904969159747
1768,1.105555772781372,4,892,603.0904969159747
1769,1.10552978515625,4,892,603.0904969159747
1770,1.1054936647415161,4,892,603.0904969159747
1771,1.1054716110229492,4,892,603.0904969159747
1772,1.1054459810256958,4,892,603.0904969159747
1773,1.1054129600524902,4,892,603.0904969159747
1774,1.105391502380371,4,892,603.0904969159747
1775,1.1053619384765625,4,892,603.0904969159747
1776,1.1053410768508911,4,892,603.0904969159747
1777,1.1053098440170288,4,892,603.0904969159747
1778,1.1052888631820679,4,892,603.0904969159747
1779,1.1052592992782593,4,892,603.0904969159747
1780,1.105234146118164,4,892,603.0904969159747
1781,1.105210542678833,4,892,603.0904969159747
1782,1.1051812171936035,4,892,603.0904969159747
1783,1.1051541566848755,4,892,603.0904969159747
1784,1.1051307916641235,4,892,603.0904969159747
1785,1.1051056385040283,4,892,603.0904969159747
1786,1.105078935623169,4,892,603.0904969159747
1787,1.1050540208816528,4,892,603.0904969159747
1788,1.1050277948379517,4,892,603.0904969159747
1789,1.1049984693527222,4,892,603.0904969159747
1790,1.104974389076233,4,892,603.0904969159747
1791,1.10495126247406,4,892,603.0904969159747
1792,1.1049184799194336,4,892,603.0904969159747
1793,1.1049033403396606,4,892,603.0904969159747
1794,1.1048691272735596,4,892,603.0904969159747
1795,1.1048448085784912,4,892,603.0904969159747
1796,1.104821801185608,4,892,603.0904969159747
1797,1.104792594909668,4,892,603.0904969159747
1798,1.1047676801681519,4,892,603.0904969159747
1799,1.1047455072402954,4,892,603.0904969159747
1800,1.104714274406433,4,892,603.0904969159747
1801,1.1046922206878662,4,892,603.0904969159747
1802,1.1046638488769531,4,892,603.0904969159747
1803,1.104638695716858,4,892,603.0904969159747
1804,1.1046171188354492,4,892,603.0904969159747
1805,1.104591965675354,4,892,603.0904969159747
1806,1.104568600654602,4,892,603.0904969159747
1807,1.1045351028442383,4,892,603.0904969159747
1808,1.1045130491256714,4,892,603.0904969159747
1809,1.1044927835464478,4,892,603.0904969159747
1810,1.1044648885726929,4,892,603.0904969159747
1811,1.1044367551803589,4,892,603.0904969159747
1812,1.104407548904419,4,892,603.0904969159747
1813,1.1043862104415894,4,892,603.0904969159747
1814,1.1043626070022583,4,892,603.0904969159747
1815,1.1043428182601929,4,892,603.0904969159747
1816,1.1043081283569336,4,892,603.0904969159747
1817,1.1042869091033936,4,892,603.0904969159747
1818,1.1042670011520386,4,892,603.0904969159747
1819,1.1042366027832031,4,892,603.0904969159747
1820,1.1042101383209229,4,892,603.0904969159747
1821,1.1041876077651978,4,892,603.0904969159747
1822,1.1041555404663086,4,892,603.0904969159747
1823,1.1041332483291626,4,892,603.0904969159747
1824,1.1041136980056763,4,892,603.0904969159747
1825,1.1040890216827393,4,892,603.0904969159747
1826,1.104063630104065,4,892,603.0904969159747
1827,1.10403573513031,4,892,603.0904969159747
1828,1.1040165424346924,4,892,603.0904969159747
1829,1.1039866209030151,4,892,603.0904969159747
1830,1.103963851928711,4,892,603.0904969159747
1831,1.1039363145828247,4,892,603.0904969159747
1832,1.1039115190505981,4,892,603.0904969159747
1833,1.1038883924484253,4,892,603.0904969159747
1834,1.1038600206375122,4,892,603.0904969159747
1835,1.1038419008255005,4,892,603.0904969159747
1836,1.10381281375885,4,892,603.0904969159747
1837,1.1037931442260742,4,892,603.0904969159747
1838,1.1037613153457642,4,892,603.0904969159747
1839,1.1037406921386719,4,892,603.0904969159747
1840,1.1037112474441528,4,892,603.0904969159747
1841,1.1036930084228516,4,892,603.0904969159747
1842,1.1036661863327026,4,892,603.0904969159747
1843,1.1036440134048462,4,892,603.0904969159747
1844,1.1036158800125122,4,892,603.0904969159747
1845,1.1035932302474976,4,892,603.0904969159747
1846,1.1035752296447754,4,892,603.0904969159747
1847,1.1035420894622803,4,892,603.0904969159747
1848,1.1035144329071045,4,892,603.0904969159747
1849,1.1034961938858032,4,892,603.0904969159747
1850,1.1034727096557617,4,892,603.0904969159747
1851,1.1034449338912964,4,892,603.0904969159747
1852,1.1034225225448608,4,892,603.0904969159747
1853,1.1033995151519775,4,892,603.0904969159747
1854,1.1033741235733032,4,892,603.0904969159747
1855,1.10335373878479,4,892,603.0904969159747
1856,1.1033308506011963,4,892,603.0904969159747
1857,1.1033023595809937,4,892,603.0904969159747
1858,1.1032772064208984,4,892,603.0904969159747
1859,1.1032516956329346,4,892,603.0904969159747
1860,1.1032310724258423,4,892,603.0904969159747
1861,1.103205919265747,4,892,603.0904969159747
1862,1.103184461593628,4,892,603.0904969159747
1863,1.1031596660614014,4,892,603.0904969159747
1864,1.1031343936920166,4,892,603.0904969159747
1865,1.1031126976013184,4,892,603.0904969159747
1866,1.1030911207199097,4,892,603.0904969159747
1867,1.103065013885498,4,892,603.0904969159747
1868,1.1030374765396118,4,892,603.0904969159747
1869,1.1030176877975464,4,892,603.0904969159747
1870,1.1029915809631348,4,892,603.0904969159747
1871,1.1029713153839111,4,892,603.0904969159747
1872,1.1029410362243652,4,892,603.0904969159747
1873,1.1029188632965088,4,892,603.0904969159747
1874,1.1028947830200195,4,892,603.0904969159747
1875,1.1028716564178467,4,892,603.0904969159747
1876,1.1028554439544678,4,892,603.0904969159747
1877,1.1028300523757935,4,892,603.0904969159747
1878,1.1028026342391968,4,892,603.0904969159747
1879,1.1027730703353882,4,892,603.0904969159747
1880,1.1027567386627197,4,892,603.0904969159747
1881,1.102736473083496,4,892,603.0904969159747
1882,1.1027082204818726,4,892,603.0904969159747
1883,1.1026854515075684,4,892,603.0904969159747
1884,1.1026667356491089,4,892,603.0904969159747
1885,1.1026428937911987,4,892,603.0904969159747
1886,1.1026184558868408,4,892,603.0904969159747
1887,1.102592945098877,4,892,603.0904969159747
1888,1.1025718450546265,4,892,603.0904969159747
1889,1.1025460958480835,4,892,603.0904969159747
1890,1.1025238037109375,4,892,603.0904969159747
1891,1.1025052070617676,4,892,603.0904969159747
1892,1.102479338645935,4,892,603.0904969159747
1893,1.10245943069458,4,892,603.0904969159747
1894,1.1024365425109863,4,892,603.0904969159747
1895,1.102411150932312,4,892,603.0904969159747
1896,1.1023836135864258,4,892,603.0904969159747
1897,1.1023602485656738,4,892,603.0904969159747
1898,1.1023434400558472,4,892,603.0904969159747
1899,1.1023210287094116,4,892,603.0904969159747
1900,1.102296233177185,4,892,603.0904969159747
1901,1.1022752523422241,4,892,603.0904969159747
1902,1.102248191833496,4,892,603.0904969159747
1903,1.1022316217422485,4,892,603.0904969159747
1904,1.1022077798843384,4,892,603.0904969159747
1905,1.1021860837936401,4,892,603.0904969159747
1906,1.1021593809127808,4,892,603.0904969159747
1907,1.1021363735198975,4,892,603.0904969159747
1908,1.1021158695220947,4,892,603.0904969159747
1909,1.1020961999893188,4,892,603.0904969159747
1910,1.1020718812942505,4,892,603.0904969159747
1911,1.1020464897155762,4,892,603.0904969159747
1912,1.1020270586013794,4,892,603.0904969159747
1913,1.1020033359527588,4,892,603.0904969159747
1914,1.101983904838562,4,892,603.0904969159747
1915,1.1019643545150757,4,892,603.0904969159747
1916,1.101940631866455,4,892,603.0904969159747
1917,1.1019105911254883,4,892,603.0904969159747
1918,1.101892113685608,4,892,603.0904969159747
1919,1.1018694639205933,4,892,603.0904969159747
1920,1.1018486022949219,4,892,603.0904969159747
1921,1.1018271446228027,4,892,603.0904969159747
1922,1.1018000841140747,4,892,603.0904969159747
1923,1.1017802953720093,4,892,603.0904969159747
1924,1.101753830909729,4,892,603.0904969159747
1925,1.1017321348190308,4,892,603.0904969159747
1926,1.101712942123413,4,892,603.0904969159747
1927,1.1016901731491089,4,892,603.0904969159747
1928,1.1016656160354614,4,892,603.0904969159747
1929,1.101645588874817,4,892,603.0904969159747
1930,1.101624608039856,4,892,603.0904969159747
1931,1.101599931716919,4,892,603.0904969159747
1932,1.1015851497650146,4,892,603.0904969159747
1933,1.1015582084655762,4,892,603.0904969159747
1934,1.1015453338623047,4,892,603.0904969159747
1935,1.101519227027893,4,892,603.0904969159747
1936,1.1014896631240845,4,892,603.0904969159747
1937,1.101472020149231,4,892,603.0904969159747
1938,1.1014569997787476,4,892,603.0904969159747
1939,1.1014281511306763,4,892,603.0904969159747
1940,1.101407527923584,4,892,603.0904969159747
1941,1.1013859510421753,4,892,603.0904969159747
1942,1.1013659238815308,4,892,603.0904969159747
1943,1.1013412475585938,4,892,603.0904969159747
1944,1.1013240814208984,4,892,603.0904969159747
1945,1.1013059616088867,4,892,603.0904969159747
1946,1.1012756824493408,4,892,603.0904969159747
1947,1.1012572050094604,4,892,603.0904969159747
1948,1.101232886314392,4,892,603.0904969159747
1949,1.1012091636657715,4,892,603.0904969159747
1950,1.101196527481079,4,892,603.0904969159747
1951,1.1011736392974854,4,892,603.0904969159747
1952,1.1011486053466797,4,892,603.0904969159747
1953,1.1011279821395874,4,892,603.0904969159747
1954,1.1011080741882324,4,892,603.0904969159747
1955,1.1010884046554565,4,892,603.0904969159747
1956,1.1010665893554688,4,892,603.0904969159747
1957,1.101042628288269,4,892,603.0904969159747
1958,1.1010246276855469,4,892,603.0904969159747
1959,1.1010000705718994,4,892,603.0904969159747
1960,1.1009801626205444,4,892,603.0904969159747
1961,1.1009602546691895,4,892,603.0904969159747
1962,1.1009401082992554,4,892,603.0904969159747
1963,1.1009191274642944,4,892,603.0904969159747
1964,1.1008985042572021,4,892,603.0904969159747
1965,1.1008752584457397,4,892,603.0904969159747
1966,1.1008551120758057,4,892,603.0904969159747
1967,1.1008291244506836,4,892,603.0904969159747
1968,1.1008131504058838,4,892,603.0904969159747
1969,1.1007930040359497,4,892,603.0904969159747
1970,1.1007674932479858,4,892,603.0904969159747
1971,1.1007499694824219,4,892,603.0904969159747
1972,1.1007283926010132,4,892,603.0904969159747
1973,1.1007094383239746,4,892,603.0904969159747
1974,1.1006873846054077,4,892,603.0904969159747
1975,1.1006619930267334,4,892,603.0904969159747
1976,1.100643277168274,4,892,603.0904969159747
1977,1.1006218194961548,4,892,603.0904969159747
1978,1.1006035804748535,4,892,603.0904969159747
1979,1.1005840301513672,4,892,603.0904969159747
1980,1.1005659103393555,4,892,603.0904969159747
1981,1.100544810295105,4,892,603.0904969159747
1982,1.1005204916000366,4,892,603.0904969159747
1983,1.100508451461792,4,892,603.0904969159747
1984,1.1004834175109863,4,892,603.0904969159747
1985,1.100464940071106,4,892,603.0904969159747
1986,1.1004389524459839,4,892,603.0904969159747
1987,1.1004199981689453,4,892,603.0904969159747
1988,1.100396990776062,4,892,603.0904969159747
1989,1.10038161277771,4,892,603.0904969159747
1990,1.1003600358963013,4,892,603.0904969159747
1991,1.1003392934799194,4,892,603.0904969159747
1992,1.1003223657608032,4,892,603.0904969159747
1993,1.1002953052520752,4,892,603.0904969159747
1994,1.1002813577651978,4,892,603.0904969159747
1995,1.1002620458602905,4,892,603.0904969159747
1996,1.100239872932434,4,892,603.0904969159747
1997,1.1002167463302612,4,892,603.0904969159747
1998,1.1001920700073242,4,892,603.0904969159747
1999,1.100175380706787,4,892,603.0904969159747
2000,1.1001553535461426,4,892,603.0904969159747
2001,1.100137710571289,4,892,603.0904969159747
2002,1.1001169681549072,4,892,603.0904969159747
2003,1.100098729133606,4,892,603.0904969159747
2004,1.1000784635543823,4,892,603.0904969159747
2005,1.1000579595565796,4,892,603.0904969159747
2006,1.100036382675171,4,892,603.0904969159747
2007,1.100022554397583,4,892,603.0904969159747
2008,1.100000262260437,4,892,603.0904969159747
2009,1.0999794006347656,4,892,603.0904969159747
2010,1.0999563932418823,4,892,603.0904969159747
2011,1.0999418497085571,4,892,603.0904969159747
2012,1.099914312362671,4,892,603.0904969159747
2013,1.0998958349227905,4,892,603.0904969159747
2014,1.0998793840408325,4,892,603.0904969159747
2015,1.0998563766479492,4,892,603.0904969159747
2016,1.0998386144638062,4,892,603.0904969159747
2017,1.0998207330703735,4,892,603.0904969159747
2018,1.099798321723938,4,892,603.0904969159747
2019,1.099778175354004,4,892,603.0904969159747
2020,1.0997587442398071,4,892,603.0904969159747
2021,1.0997401475906372,4,892,603.0904969159747
2022,1.0997189283370972,4,892,603.0904969159747
2023,1.0997049808502197,4,892,603.0904969159747
2024,1.0996825695037842,4,892,603.0904969159747
2025,1.0996601581573486,4,892,603.0904969159747
2026,1.0996414422988892,4,892,603.0904969159747
2027,1.0996248722076416,4,892,603.0904969159747
2028,1.0996004343032837,4,892,603.0904969159747
2029,1.0995866060256958,4,892,603.0904969159747
2030,1.0995677709579468,4,892,603.0904969159747
2031,1.0995430946350098,4,892,603.0904969159747
2032,1.0995268821716309,4,892,603.0904969159747
2033,1.0995084047317505,4,892,603.0904969159747
2034,1.099486231803894,4,892,603.0904969159747
2035,1.0994657278060913,4,892,603.0904969159747
2036,1.0994502305984497,4,892,603.0904969159747
2037,1.0994359254837036,4,892,603.0904969159747
2038,1.0994126796722412,4,892,603.0904969159747
2039,1.0993937253952026,4,892,603.0904969159747
2040,1.0993796586990356,4,892,603.0904969159747
2041,1.0993573665618896,4,892,603.0904969159747
2042,1.0993354320526123,4,892,603.0904969159747
2043,1.0993142127990723,4,892,603.0904969159747
2044,1.0992950201034546,4,892,603.0904969159747
2045,1.099279761314392,4,892,603.0904969159747
2046,1.0992605686187744,4,892,603.0904969159747
2047,1.0992372035980225,4,892,603.0904969159747
2048,1.0992218255996704,4,892,603.0904969159747
2049,1.0992045402526855,4,892,603.0904969159747
2050,1.0991820096969604,4,892,603.0904969159747
2051,1.0991710424423218,4,892,603.0904969159747
2052,1.0991450548171997,4,892,603.0904969159747
2053,1.099130392074585,4,892,603.0904969159747
2054,1.099110722541809,4,892,603.0904969159747
2055,1.099084734916687,4,892,603.0904969159747
2056,1.099071979522705,4,892,603.0904969159747
2057,1.099051594734192,4,892,603.0904969159747
2058,1.0990345478057861,4,892,603.0904969159747
2059,1.0990147590637207,4,892,603.0904969159747
2060,1.098991870880127,4,892,603.0904969159747
2061,1.0989850759506226,4,892,603.0904969159747
2062,1.0989619493484497,4,892,603.0904969159747
2063,1.098943829536438,4,892,603.0904969159747
2064,1.0989277362823486,4,892,603.0904969159747
2065,1.0989073514938354,4,892,603.0904969159747
2066,1.0988893508911133,4,892,603.0904969159747
2067,1.0988678932189941,4,892,603.0904969159747
2068,1.0988454818725586,4,892,603.0904969159747
2069,1.0988272428512573,4,892,603.0904969159747
2070,1.0988162755966187,4,892,603.0904969159747
2071,1.098796010017395,4,892,603.0904969159747
2072,1.0987772941589355,4,892,603.0904969159747
2073,1.0987604856491089,4,892,603.0904969159747
2074,1.0987393856048584,4,892,603.0904969159747
2075,1.0987247228622437,4,892,603.0904969159747
2076,1.0987021923065186,4,892,603.0904969159747
2077,1.098687767982483,4,892,603.0904969159747
2078,1.0986655950546265,4,892,603.0904969159747
2079,1.0986474752426147,4,892,603.0904969159747
2080,1.0986320972442627,4,892,603.0904969159747
2081,1.0986133813858032,4,892,603.0904969159747
2082,1.0985926389694214,4,892,603.0904969159747
2083,1.0985760688781738,4,892,603.0904969159747
2084,1.0985610485076904,4,892,603.0904969159747
2085,1.0985392332077026,4,892,603.0904969159747
2086,1.0985221862792969,4,892,603.0904969159747
2087,1.0985006093978882,4,892,603.0904969159747
2088,1.098486304283142,4,892,603.0904969159747
2089,1.0984761714935303,4,892,603.0904969159747
2090,1.0984504222869873,4,892,603.0904969159747
2091,1.0984359979629517,4,892,603.0904969159747
2092,1.0984102487564087,4,892,603.0904969159747
2093,1.0983985662460327,4,892,603.0904969159747
2094,1.0983790159225464,4,892,603.0904969159747
2095,1.0983604192733765,4,892,603.0904969159747
2096,1.0983433723449707,4,892,603.0904969159747
2097,1.098321795463562,4,892,603.0904969159747
2098,1.0983054637908936,4,892,603.0904969159747
2099,1.0982894897460938,4,892,603.0904969159747
2100,1.0982744693756104,4,892,603.0904969159747
2101,1.4255315065383911,8,892,603.0904969159747
2102,1.3406003713607788,8,892,603.0904969159747
2103,1.2198392152786255,8,892,603.0904969159747
2104,1.1072436571121216,8,892,603.0904969159747
2105,1.1029201745986938,8,892,603.0904969159747
2106,1.1139123439788818,8,892,603.0904969159747
2107,1.1205952167510986,8,892,603.0904969159747
2108,1.1248078346252441,8,892,603.0904969159747
2109,1.1275248527526855,8,892,603.0904969159747
2110,1.1293150186538696,8,892,603.0904969159747
2111,1.1304982900619507,8,892,603.0904969159747
2112,1.1312812566757202,8,892,603.0904969159747
2113,1.131792664527893,8,892,603.0904969159747
2114,1.1321096420288086,8,892,603.0904969159747
2115,1.132288932800293,8,892,603.0904969159747
2116,1.1323719024658203,8,892,603.0904969159747
2117,1.132380485534668,8,892,603.0904969159747
2118,1.1323449611663818,8,892,603.0904969159747
2119,1.132270097732544,8,892,603.0904969159747
2120,1.1321662664413452,8,892,603.0904969159747
2121,1.1320480108261108,8,892,603.0904969159747
2122,1.1319139003753662,8,892,603.0904969159747
2123,1.1317704916000366,8,892,603.0904969159747
2124,1.1316249370574951,8,892,603.0904969159747
2125,1.1314725875854492,8,892,603.0904969159747
2126,1.1313259601593018,8,892,603.0904969159747
2127,1.1311763525009155,8,892,603.0904969159747
2128,1.1310291290283203,8,892,603.0904969159747
2129,1.1308857202529907,8,892,603.0904969159747
2130,1.1307443380355835,8,892,603.0904969159747
2131,1.130606770515442,8,892,603.0904969159747
2132,1.130470871925354,8,892,603.0904969159747
2133,1.1303449869155884,8,892,603.0904969159747
2134,1.1302181482315063,8,892,603.0904969159747
2135,1.1300957202911377,8,892,603.0904969159747
2136,1.1299799680709839,8,892,603.0904969159747
2137,1.1298630237579346,8,892,603.0904969159747
2138,1.1297560930252075,8,892,603.0904969159747
2139,1.1296497583389282,8,892,603.0904969159747
2140,1.1295444965362549,8,892,603.0904969159747
2141,1.1294450759887695,8,892,603.0904969159747
2142,1.1293562650680542,8,892,603.0904969159747
2143,1.1292616128921509,8,892,603.0904969159747
2144,1.1291719675064087,8,892,603.0904969159747
2145,1.129084825515747,8,892,603.0904969159747
2146,1.129001498222351,8,892,603.0904969159747
2147,1.1289180517196655,8,892,603.0904969159747
2148,1.1288411617279053,8,892,603.0904969159747
2149,1.1287654638290405,8,892,603.0904969159747
2150,1.128685712814331,8,892,603.0904969159747
2151,1.1286120414733887,8,892,603.0904969159747
2152,1.1285381317138672,8,892,603.0904969159747
2153,1.1284663677215576,8,892,603.0904969159747
2154,1.1283992528915405,8,892,603.0904969159747
2155,1.1283284425735474,8,892,603.0904969159747
2156,1.1282591819763184,8,892,603.0904969159747
2157,1.1281945705413818,8,892,603.0904969159747
2158,1.1281297206878662,8,892,603.0904969159747
2159,1.1280640363693237,8,892,603.0904969159747
2160,1.128002405166626,8,892,603.0904969159747
2161,1.1279411315917969,8,892,603.0904969159747
2162,1.1278796195983887,8,892,603.0904969159747
2163,1.1278128623962402,8,892,603.0904969159747
2164,1.12775456905365,8,892,603.0904969159747
2165,1.1276962757110596,8,892,603.0904969159747
2166,1.1276354789733887,8,892,603.0904969159747
2167,1.1275755167007446,8,892,603.0904969159747
2168,1.127520203590393,8,892,603.0904969159747
2169,1.1274594068527222,8,892,603.0904969159747
2170,1.1273999214172363,8,892,603.0904969159747
2171,1.127347469329834,8,892,603.0904969159747
2172,1.1272881031036377,8,892,603.0904969159747
2173,1.127233624458313,8,892,603.0904969159747
2174,1.127173900604248,8,892,603.0904969159747
2175,1.1271214485168457,8,892,603.0904969159747
2176,1.1270654201507568,8,892,603.0904969159747
2177,1.127010464668274,8,892,603.0904969159747
2178,1.1269510984420776,8,892,603.0904969159747
2179,1.1269017457962036,8,892,603.0904969159747
2180,1.1268486976623535,8,892,603.0904969159747
2181,1.1267935037612915,8,892,603.0904969159747
2182,1.126735806465149,8,892,603.0904969159747
2183,1.1266818046569824,8,892,603.0904969159747
2184,1.1266282796859741,8,892,603.0904969159747
2185,1.126572608947754,8,892,603.0904969159747
2186,1.1265207529067993,8,892,603.0904969159747
2187,1.126466989517212,8,892,603.0904969159747
2188,1.1264137029647827,8,892,603.0904969159747
2189,1.12636137008667,8,892,603.0904969159747
2190,1.12630295753479,8,892,603.0904969159747
2191,1.1262515783309937,8,892,603.0904969159747
2192,1.1261988878250122,8,892,603.0904969159747
2193,1.1261441707611084,8,892,603.0904969159747
2194,1.1260906457901,8,892,603.0904969159747
2195,1.126036286354065,8,892,603.0904969159747
2196,1.1259849071502686,8,892,603.0904969159747
2197,1.125930905342102,8,892,603.0904969159747
2198,1.1258747577667236,8,892,603.0904969159747
2199,1.1258221864700317,8,892,603.0904969159747
2200,1.1257696151733398,8,892,603.0904969159747
2201,1.125714659690857,8,892,603.0904969159747
2202,1.1256599426269531,8,892,603.0904969159747
2203,1.1255993843078613,8,892,603.0904969159747
2204,1.1255475282669067,8,892,603.0904969159747
2205,1.1254940032958984,8,892,603.0904969159747
2206,1.1254339218139648,8,892,603.0904969159747
2207,1.1253801584243774,8,892,603.0904969159747
2208,1.125325083732605,8,892,603.0904969159747
2209,1.1252708435058594,8,892,603.0904969159747
2210,1.1252144575119019,8,892,603.0904969159747
2211,1.1251552104949951,8,892,603.0904969159747
2212,1.1251015663146973,8,892,603.0904969159747
2213,1.125043272972107,8,892,603.0904969159747
2214,1.1249855756759644,8,892,603.0904969159747
2215,1.1249279975891113,8,892,603.0904969159747
2216,1.1248725652694702,8,892,603.0904969159747
2217,1.124812126159668,8,892,603.0904969159747
2218,1.1247526407241821,8,892,603.0904969159747
2219,1.1246955394744873,8,892,603.0904969159747
2220,1.1246397495269775,8,892,603.0904969159747
2221,1.1245787143707275,8,892,603.0904969159747
2222,1.1245157718658447,8,892,603.0904969159747
2223,1.1244568824768066,8,892,603.0904969159747
2224,1.1243945360183716,8,892,603.0904969159747
2225,1.1243352890014648,8,892,603.0904969159747
2226,1.1242693662643433,8,892,603.0904969159747
2227,1.1242107152938843,8,892,603.0904969159747
2228,1.1241499185562134,8,892,603.0904969159747
2229,1.1240814924240112,8,892,603.0904969159747
2230,1.1240196228027344,8,892,603.0904969159747
2231,1.1239540576934814,8,892,603.0904969159747
2232,1.1238938570022583,8,892,603.0904969159747
2233,1.1238274574279785,8,892,603.0904969159747
2234,1.1237581968307495,8,892,603.0904969159747
2235,1.1236945390701294,8,892,603.0904969159747
2236,1.1236255168914795,8,892,603.0904969159747
2237,1.1235556602478027,8,892,603.0904969159747
2238,1.1234946250915527,8,892,603.0904969159747
2239,1.1234246492385864,8,892,603.0904969159747
2240,1.1233546733856201,8,892,603.0904969159747
2241,1.123282551765442,8,892,603.0904969159747
2242,1.1232085227966309,8,892,603.0904969159747
2243,1.1231367588043213,8,892,603.0904969159747
2244,1.1230653524398804,8,892,603.0904969159747
2245,1.1229941844940186,8,892,603.0904969159747
2246,1.122920274734497,8,892,603.0904969159747
2247,1.1228455305099487,8,892,603.0904969159747
2248,1.1227694749832153,8,892,603.0904969159747
2249,1.1226897239685059,8,892,603.0904969159747
2250,1.1226142644882202,8,892,603.0904969159747
2251,1.122537612915039,8,892,603.0904969159747
2252,1.1224547624588013,8,892,603.0904969159747
2253,1.1223740577697754,8,892,603.0904969159747
2254,1.1222949028015137,8,892,603.0904969159747
2255,1.1222193241119385,8,892,603.0904969159747
2256,1.1221331357955933,8,892,603.0904969159747
2257,1.122050404548645,8,892,603.0904969159747
2258,1.1219651699066162,8,892,603.0904969159747
2259,1.1218842267990112,8,892,603.0904969159747
2260,1.1218026876449585,8,892,603.0904969159747
2261,1.1217210292816162,8,892,603.0904969159747
2262,1.1216336488723755,8,892,603.0904969159747
2263,1.1215511560440063,8,892,603.0904969159747
2264,1.1214679479599,8,892,603.0904969159747
2265,1.1213884353637695,8,892,603.0904969159747
2266,1.121301531791687,8,892,603.0904969159747
2267,1.1212221384048462,8,892,603.0904969159747
2268,1.1211358308792114,8,892,603.0904969159747
2269,1.1210544109344482,8,892,603.0904969159747
2270,1.1209708452224731,8,892,603.0904969159747
2271,1.1208908557891846,8,892,603.0904969159747
2272,1.1208045482635498,8,892,603.0904969159747
2273,1.1207232475280762,8,892,603.0904969159747
2274,1.1206456422805786,8,892,603.0904969159747
2275,1.1205652952194214,8,892,603.0904969159747
2276,1.1204804182052612,8,892,603.0904969159747
2277,1.1203985214233398,8,892,603.0904969159747
2278,1.120317816734314,8,892,603.0904969159747
2279,1.1202360391616821,8,892,603.0904969159747
2280,1.120162010192871,8,892,603.0904969159747
2281,1.12007737159729,8,892,603.0904969159747
2282,1.1200021505355835,8,892,603.0904969159747
2283,1.119921088218689,8,892,603.0904969159747
2284,1.1198408603668213,8,892,603.0904969159747
2285,1.1197642087936401,8,892,603.0904969159747
2286,1.1196846961975098,8,892,603.0904969159747
2287,1.1196073293685913,8,892,603.0904969159747
2288,1.1195286512374878,8,892,603.0904969159747
2289,1.1194465160369873,8,892,603.0904969159747
2290,1.119373083114624,8,892,603.0904969159747
2291,1.1192917823791504,8,892,603.0904969159747
2292,1.1192141771316528,8,892,603.0904969159747
2293,1.1191377639770508,8,892,603.0904969159747
2294,1.1190627813339233,8,892,603.0904969159747
2295,1.1189830303192139,8,892,603.0904969159747
2296,1.1189018487930298,8,892,603.0904969159747
2297,1.1188297271728516,8,892,603.0904969159747
2298,1.1187524795532227,8,892,603.0904969159747
2299,1.1186739206314087,8,892,603.0904969159747
2300,1.1185986995697021,8,892,603.0904969159747
2301,1.1185208559036255,8,892,603.0904969159747
2302,1.118442177772522,8,892,603.0904969159747
2303,1.1183700561523438,8,892,603.0904969159747
2304,1.1182935237884521,8,892,603.0904969159747
2305,1.1182180643081665,8,892,603.0904969159747
2306,1.1181411743164062,8,892,603.0904969159747
2307,1.1180682182312012,8,892,603.0904969159747
2308,1.1179876327514648,8,892,603.0904969159747
2309,1.117915391921997,8,892,603.0904969159747
2310,1.117840051651001,8,892,603.0904969159747
2311,1.1177611351013184,8,892,603.0904969159747
2312,1.117685317993164,8,892,603.0904969159747
2313,1.1176127195358276,8,892,603.0904969159747
2314,1.11753511428833,8,892,603.0904969159747
2315,1.117460012435913,8,892,603.0904969159747
2316,1.117385745048523,8,892,603.0904969159747
2317,1.117309808731079,8,892,603.0904969159747
2318,1.117235541343689,8,892,603.0904969159747
2319,1.1171607971191406,8,892,603.0904969159747
2320,1.1170870065689087,8,892,603.0904969159747
2321,1.1170088052749634,8,892,603.0904969159747
2322,1.1169371604919434,8,892,603.0904969159747
2323,1.1168632507324219,8,892,603.0904969159747
2324,1.1167904138565063,8,892,603.0904969159747
2325,1.1167100667953491,8,892,603.0904969159747
2326,1.1166353225708008,8,892,603.0904969159747
2327,1.116562008857727,8,892,603.0904969159747
2328,1.1164857149124146,8,892,603.0904969159747
2329,1.1164145469665527,8,892,603.0904969159747
2330,1.116339921951294,8,892,603.0904969159747
2331,1.116263508796692,8,892,603.0904969159747
2332,1.1161879301071167,8,892,603.0904969159747
2333,1.1161161661148071,8,892,603.0904969159747
2334,1.1160402297973633,8,892,603.0904969159747
2335,1.1159627437591553,8,892,603.0904969159747
2336,1.1158859729766846,8,892,603.0904969159747
2337,1.1158133745193481,8,892,603.0904969159747
2338,1.1157392263412476,8,892,603.0904969159747
2339,1.1156610250473022,8,892,603.0904969159747
2340,1.115586757659912,8,892,603.0904969159747
2341,1.1155140399932861,8,892,603.0904969159747
2342,1.1154367923736572,8,892,603.0904969159747
2343,1.115363597869873,8,892,603.0904969159747
2344,1.1152856349945068,8,892,603.0904969159747
2345,1.1152054071426392,8,892,603.0904969159747
2346,1.1151305437088013,8,892,603.0904969159747
2347,1.115054965019226,8,892,603.0904969159747
2348,1.114976167678833,8,892,603.0904969159747
2349,1.1148927211761475,8,892,603.0904969159747
2350,1.1148192882537842,8,892,603.0904969159747
2351,1.1147398948669434,8,892,603.0904969159747
2352,1.114662528038025,8,892,603.0904969159747
2353,1.1145840883255005,8,892,603.0904969159747
2354,1.1145058870315552,8,892,603.0904969159747
2355,1.1144285202026367,8,892,603.0904969159747
2356,1.114344596862793,8,892,603.0904969159747
2357,1.114269495010376,8,892,603.0904969159747
2358,1.1141884326934814,8,892,603.0904969159747
2359,1.114107608795166,8,892,603.0904969159747
2360,1.114025592803955,8,892,603.0904969159747
2361,1.1139438152313232,8,892,603.0904969159747
2362,1.1138592958450317,8,892,603.0904969159747
2363,1.113771915435791,8,892,603.0904969159747
2364,1.1136901378631592,8,892,603.0904969159747
2365,1.1136115789413452,8,892,603.0904969159747
2366,1.113526701927185,8,892,603.0904969159747
2367,1.1134388446807861,8,892,603.0904969159747
2368,1.1133559942245483,8,892,603.0904969159747
2369,1.1132657527923584,8,892,603.0904969159747
2370,1.1131795644760132,8,892,603.0904969159747
2371,1.1130928993225098,8,892,603.0904969159747
2372,1.1130006313323975,8,892,603.0904969159747
2373,1.1129086017608643,8,892,603.0904969159747
2374,1.1128250360488892,8,892,603.0904969159747
2375,1.1127318143844604,8,892,603.0904969159747
2376,1.1126357316970825,8,892,603.0904969159747
2377,1.1125428676605225,8,892,603.0904969159747
2378,1.1124517917633057,8,892,603.0904969159747
2379,1.1123560667037964,8,892,603.0904969159747
2380,1.1122580766677856,8,892,603.0904969159747
2381,1.1121618747711182,8,892,603.0904969159747
2382,1.1120624542236328,8,892,603.0904969159747
2383,1.1119623184204102,8,892,603.0904969159747
2384,1.1118608713150024,8,892,603.0904969159747
2385,1.1117645502090454,8,892,603.0904969159747
2386,1.1116615533828735,8,892,603.0904969159747
2387,1.1115517616271973,8,892,603.0904969159747
2388,1.1114484071731567,8,892,603.0904969159747
2389,1.1113426685333252,8,892,603.0904969159747
2390,1.111236333847046,8,892,603.0904969159747
2391,1.1111223697662354,8,892,603.0904969159747
2392,1.111012578010559,8,892,603.0904969159747
2393,1.1108945608139038,8,892,603.0904969159747
2394,1.110780119895935,8,892,603.0904969159747
2395,1.1106624603271484,8,892,603.0904969159747
2396,1.1105440855026245,8,892,603.0904969159747
2397,1.1104236841201782,8,892,603.0904969159747
2398,1.1103025674819946,8,892,603.0904969159747
2399,1.110175609588623,8,892,603.0904969159747
2400,1.1100447177886963,8,892,603.0904969159747
2401,1.1099188327789307,8,892,603.0904969159747
2402,1.109787940979004,8,892,603.0904969159747
2403,1.1096525192260742,8,892,603.0904969159747
2404,1.1095210313796997,8,892,603.0904969159747
2405,1.1093794107437134,8,892,603.0904969159747
2406,1.109238624572754,8,892,603.0904969159747
2407,1.109092116355896,8,892,603.0904969159747
2408,1.108945608139038,8,892,603.0904969159747
2409,1.108797311782837,8,892,603.0904969159747
2410,1.1086363792419434,8,892,603.0904969159747
2411,1.108485221862793,8,892,603.0904969159747
2412,1.1083223819732666,8,892,603.0904969159747
2413,1.108160138130188,8,892,603.0904969159747
2414,1.1079925298690796,8,892,603.0904969159747
2415,1.1078212261199951,8,892,603.0904969159747
2416,1.1076433658599854,8,892,603.0904969159747
2417,1.1074661016464233,8,892,603.0904969159747
2418,1.1072813272476196,8,892,603.0904969159747
2419,1.1070866584777832,8,892,603.0904969159747
2420,1.1068956851959229,8,892,603.0904969159747
2421,1.1066973209381104,8,892,603.0904969159747
2422,1.1064903736114502,8,892,603.0904969159747
2423,1.1062817573547363,8,892,603.0904969159747
2424,1.1060596704483032,8,892,603.0904969159747
2425,1.1058392524719238,8,892,603.0904969159747
2426,1.1056079864501953,8,892,603.0904969159747
2427,1.1053746938705444,8,892,603.0904969159747
2428,1.1051262617111206,8,892,603.0904969159747
2429,1.1048693656921387,8,892,603.0904969159747
2430,1.104607105255127,8,892,603.0904969159747
2431,1.1043366193771362,8,892,603.0904969159747
2432,1.1040533781051636,8,892,603.0904969159747
2433,1.1037607192993164,8,892,603.0904969159747
2434,1.1034574508666992,8,892,603.0904969159747
2435,1.1031402349472046,8,892,603.0904969159747
2436,1.1028112173080444,8,892,603.0904969159747
2437,1.1024683713912964,8,892,603.0904969159747
2438,1.1021153926849365,8,892,603.0904969159747
2439,1.1017452478408813,8,892,603.0904969159747
2440,1.1013507843017578,8,892,603.0904969159747
2441,1.1009387969970703,8,892,603.0904969159747
2442,1.1005128622055054,8,892,603.0904969159747
2443,1.1000618934631348,8,892,603.0904969159747
2444,1.0995820760726929,8,892,603.0904969159747
2445,1.0990777015686035,8,892,603.0904969159747
2446,1.098541259765625,8,892,603.0904969159747
2447,1.0979899168014526,8,892,603.0904969159747
2448,1.0973845720291138,8,892,603.0904969159747
2449,1.096745252609253,8,892,603.0904969159747
2450,1.0960705280303955,8,892,603.0904969159747
2451,1.0953376293182373,8,892,603.0904969159747
2452,1.0945591926574707,8,892,603.0904969159747
2453,1.093726634979248,8,892,603.0904969159747
2454,1.0928235054016113,8,892,603.0904969159747
2455,1.0918478965759277,8,892,603.0904969159747
2456,1.0907783508300781,8,892,603.0904969159747
2457,1.089630365371704,8,892,603.0904969159747
2458,1.0883753299713135,8,892,603.0904969159747
2459,1.0869892835617065,8,892,603.0904969159747
2460,1.0854718685150146,8,892,603.0904969159747
2461,1.0837939977645874,8,892,603.0904969159747
2462,1.0819374322891235,8,892,603.0904969159747
2463,1.0798649787902832,8,892,603.0904969159747
2464,1.077793836593628,8,892,603.0904969159747
2465,1.0799140930175781,8,892,603.0904969159747
2466,1.0782557725906372,8,892,603.0904969159747
2467,1.0789722204208374,8,892,603.0904969159747
2468,1.079276442527771,8,892,603.0904969159747
2469,1.0792067050933838,8,892,603.0904969159747
2470,1.0787982940673828,8,892,603.0904969159747
2471,1.0780892372131348,8,892,603.0904969159747
2472,1.0786616802215576,8,892,603.0904969159747
2473,1.077826738357544,8,892,603.0904969159747
2474,1.0781433582305908,8,892,603.0904969159747
2475,1.0780583620071411,8,892,603.0904969159747
2476,1.0776320695877075,8,892,603.0904969159747
2477,1.0788263082504272,8,892,603.0904969159747
2478,1.0778626203536987,8,892,603.0904969159747
2479,1.0783766508102417,8,892,603.0904969159747
2480,1.0784924030303955,8,892,603.0904969159747
2481,1.0782361030578613,8,892,603.0904969159747
2482,1.0776621103286743,8,892,603.0904969159747
2483,1.0783990621566772,8,892,603.0904969159747
2484,1.077625036239624,8,892,603.0904969159747
2485,1.078027606010437,8,892,603.0904969159747
2486,1.0780351161956787,8,892,603.0904969159747
2487,1.0776888132095337,8,892,603.0904969159747
2488,1.0770094394683838,8,892,603.0904969159747
2489,1.081023097038269,8,892,603.0904969159747
2490,1.0772414207458496,8,892,603.0904969159747
2491,1.0791465044021606,8,892,603.0904969159747
2492,1.0807867050170898,8,892,603.0904969159747
2493,1.0819168090820312,8,892,603.0904969159747
2494,1.0826290845870972,8,892,603.0904969159747
2495,1.0829923152923584,8,892,603.0904969159747
2496,1.083066463470459,8,892,603.0904969159747
2497,1.0828874111175537,8,892,603.0904969159747
2498,1.0824576616287231,8,892,603.0904969159747
2499,1.0818077325820923,8,892,603.0904969159747
2500,1.0809239149093628,8,892,603.0904969159747
2501,1.079813003540039,8,892,603.0904969159747
2502,1.0784488916397095,8,892,603.0904969159747
2503,1.0768293142318726,8,892,603.0904969159747
2504,1.0843992233276367,8,892,603.0904969159747
2505,1.0840680599212646,8,892,603.0904969159747
2506,1.0767991542816162,8,892,603.0904969159747
2507,1.0779969692230225,8,892,603.0904969159747
2508,1.0787099599838257,8,892,603.0904969159747
2509,1.0790104866027832,8,892,603.0904969159747
2510,1.0789560079574585,8,892,603.0904969159747
2511,1.078586459159851,8,892,603.0904969159747
2512,1.0779114961624146,8,892,603.0904969159747
2513,1.0769460201263428,8,892,603.0904969159747
2514,1.0803892612457275,8,892,603.0904969159747
2515,1.0778621435165405,8,892,603.0904969159747
2516,1.0783357620239258,8,892,603.0904969159747
2517,1.079815149307251,8,892,603.0904969159747
2518,1.080784797668457,8,892,603.0904969159747
2519,1.0813449621200562,8,892,603.0904969159747
2520,1.081586480140686,8,892,603.0904969159747
2521,1.0815175771713257,8,892,603.0904969159747
2522,1.0811997652053833,8,892,603.0904969159747
2523,1.080621600151062,8,892,603.0904969159747
2524,1.07980215549469,8,892,603.0904969159747
2525,1.0787326097488403,8,892,603.0904969159747
2526,1.0774128437042236,8,892,603.0904969159747
2527,1.0791254043579102,8,892,603.0904969159747
2528,1.0781166553497314,8,892,603.0904969159747
2529,1.0778409242630005,8,892,603.0904969159747
2530,1.0790640115737915,8,892,603.0904969159747
2531,1.0798296928405762,8,892,603.0904969159747
2532,1.0802013874053955,8,892,603.0904969159747
2533,1.080251932144165,8,892,603.0904969159747
2534,1.0799942016601562,8,892,603.0904969159747
2535,1.079467535018921,8,892,603.0904969159747
2536,1.0786832571029663,8,892,603.0904969159747
2537,1.0776244401931763,8,892,603.0904969159747
2538,1.0764665603637695,8,892,603.0904969159747
2539,1.0767061710357666,8,892,603.0904969159747
2540,1.0767099857330322,8,892,603.0904969159747
2541,1.0763490200042725,8,892,603.0904969159747
2542,1.0791231393814087,8,892,603.0904969159747
2543,1.0766884088516235,8,892,603.0904969159747
2544,1.0772401094436646,8,892,603.0904969159747
2545,1.077389121055603,8,892,603.0904969159747
2546,1.0771815776824951,8,892,603.0904969159747
2547,1.0766398906707764,8,892,603.0904969159747
2548,1.0783119201660156,8,892,603.0904969159747
2549,1.0766481161117554,8,892,603.0904969159747
2550,1.0770692825317383,8,892,603.0904969159747
2551,1.0770902633666992,8,892,603.0904969159747
2552,1.0767576694488525,8,892,603.0904969159747
2553,1.0767343044281006,8,892,603.0904969159747
2554,1.0771126747131348,8,892,603.0904969159747
2555,1.077653169631958,8,892,603.0904969159747
2556,1.0778114795684814,8,892,603.0904969159747
2557,1.0776203870773315,8,892,603.0904969159747
2558,1.0771124362945557,8,892,603.0904969159747
2559,1.0762883424758911,8,892,603.0904969159747
2560,1.0805976390838623,8,892,603.0904969159747
2561,1.0776339769363403,8,892,603.0904969159747
2562,1.0779911279678345,8,892,603.0904969159747
2563,1.0795029401779175,8,892,603.0904969159747
2564,1.0805072784423828,8,892,603.0904969159747
2565,1.0811330080032349,8,892,603.0904969159747
2566,1.0814167261123657,8,892,603.0904969159747
2567,1.0814144611358643,8,892,603.0904969159747
2568,1.0811500549316406,8,892,603.0904969159747
2569,1.0806610584259033,8,892,603.0904969159747
2570,1.0799353122711182,8,892,603.0904969159747
2571,1.0789676904678345,8,892,603.0904969159747
2572,1.0777651071548462,8,892,603.0904969159747
2573,1.0762940645217896,8,892,603.0904969159747
2574,1.0827875137329102,8,892,603.0904969159747
2575,1.082190990447998,8,892,603.0904969159747
2576,1.0764738321304321,8,892,603.0904969159747
2577,1.0776466131210327,8,892,603.0904969159747
2578,1.0783826112747192,8,892,603.0904969159747
2579,1.0787080526351929,8,892,603.0904969159747
2580,1.0786964893341064,8,892,603.0904969159747
2581,1.0783852338790894,8,892,603.0904969159747
2582,1.07778799533844,8,892,603.0904969159747
2583,1.0769106149673462,8,892,603.0904969159747
2584,1.0771987438201904,8,892,603.0904969159747
2585,1.076287031173706,8,892,603.0904969159747
2586,1.076417326927185,8,892,603.0904969159747
2587,1.0761922597885132,8,892,603.0904969159747
2588,1.0776450634002686,8,892,603.0904969159747
2589,1.0767028331756592,8,892,603.0904969159747
2590,1.0773016214370728,8,892,603.0904969159747
2591,1.0775173902511597,8,892,603.0904969159747
2592,1.0773893594741821,8,892,603.0904969159747
2593,1.076926350593567,8,892,603.0904969159747
2594,1.0761915445327759,8,892,603.0904969159747
2595,1.079553484916687,8,892,603.0904969159747
2596,1.0765373706817627,8,892,603.0904969159747
2597,1.0779227018356323,8,892,603.0904969159747
2598,1.0794167518615723,8,892,603.0904969159747
2599,1.0804166793823242,8,892,603.0904969159747
2600,1.0810381174087524,8,892,603.0904969159747
2601,1.081321358680725,8,892,603.0904969159747
2602,1.0813424587249756,8,892,603.0904969159747
2603,1.0811045169830322,8,892,603.0904969159747
2604,1.0806388854980469,8,892,603.0904969159747
2605,1.0799427032470703,8,892,603.0904969159747
2606,1.0790292024612427,8,892,603.0904969159747
2607,1.0778772830963135,8,892,603.0904969159747
2608,1.076485514640808,8,892,603.0904969159747
2609,1.0804959535598755,8,892,603.0904969159747
2610,1.0799281597137451,8,892,603.0904969159747
2611,1.0766593217849731,8,892,603.0904969159747
2612,1.0777918100357056,8,892,603.0904969159747
2613,1.0784748792648315,8,892,603.0904969159747
2614,1.078784465789795,8,892,603.0904969159747
2615,1.0787677764892578,8,892,603.0904969159747
2616,1.078471064567566,8,892,603.0904969159747
2617,1.0778868198394775,8,892,603.0904969159747
2618,1.0770493745803833,8,892,603.0904969159747
2619,1.0759358406066895,8,892,603.0904969159747
2620,1.0813971757888794,8,892,603.0904969159747
2621,1.079699158668518,8,892,603.0904969159747
2622,1.0768301486968994,8,892,603.0904969159747
2623,1.0781466960906982,8,892,603.0904969159747
2624,1.0789943933486938,8,892,603.0904969159747
2625,1.07944917678833,8,892,603.0904969159747
2626,1.079581618309021,8,892,603.0904969159747
2627,1.079436182975769,8,892,603.0904969159747
2628,1.0790162086486816,8,892,603.0904969159747
2629,1.0783416032791138,8,892,603.0904969159747
2630,1.0774335861206055,8,892,603.0904969159747
2631,1.0762617588043213,8,892,603.0904969159747
2632,1.079844355583191,8,892,603.0904969159747
2633,1.0785233974456787,8,892,603.0904969159747
2634,1.076920747756958,8,892,603.0904969159747
2635,1.0781447887420654,8,892,603.0904969159747
2636,1.0789166688919067,8,892,603.0904969159747
2637,1.079315423965454,8,892,603.0904969159747
2638,1.079402208328247,8,892,603.0904969159747
2639,1.0792092084884644,8,892,603.0904969159747
2640,1.0787523984909058,8,892,603.0904969159747
2641,1.078046441078186,8,892,603.0904969159747
2642,1.077095627784729,8,892,603.0904969159747
2643,1.0758799314498901,8,892,603.0904969159747
2644,1.0813698768615723,8,892,603.0904969159747
2645,1.0801364183425903,8,892,603.0904969159747
2646,1.0764784812927246,8,892,603.0904969159747
2647,1.0777018070220947,8,892,603.0904969159747
2648,1.078473687171936,8,892,603.0904969159747
2649,1.0788763761520386,8,892,603.0904969159747
2650,1.078940987586975,8,892,603.0904969159747
2651,1.0787370204925537,8,892,603.0904969159747
2652,1.0782607793807983,8,892,603.0904969159747
2653,1.0775269269943237,8,892,603.0904969159747
2654,1.0765385627746582,8,892,603.0904969159747
2655,1.0771559476852417,8,892,603.0904969159747
2656,1.0756794214248657,8,892,603.0904969159747
2657,1.0756925344467163,8,892,603.0904969159747
2658,1.0767595767974854,8,892,603.0904969159747
2659,1.07656991481781,8,892,603.0904969159747
2660,1.0773013830184937,8,892,603.0904969159747
2661,1.0776447057724,8,892,603.0904969159747
2662,1.0776572227478027,8,892,603.0904969159747
2663,1.0773557424545288,8,892,603.0904969159747
2664,1.0767855644226074,8,892,603.0904969159747
2665,1.075937032699585,8,892,603.0904969159747
2666,1.0789963006973267,8,892,603.0904969159747
2667,1.076640009880066,8,892,603.0904969159747
2668,1.0772767066955566,8,892,603.0904969159747
2669,1.0786232948303223,8,892,603.0904969159747
2670,1.0795108079910278,8,892,603.0904969159747
2671,1.0800448656082153,8,892,603.0904969159747
2672,1.0802671909332275,8,892,603.0904969159747
2673,1.0802069902420044,8,892,603.0904969159747
2674,1.0799036026000977,8,892,603.0904969159747
2675,1.0793805122375488,8,892,603.0904969159747
2676,1.0786150693893433,8,892,603.0904969159747
2677,1.0776376724243164,8,892,603.0904969159747
2678,1.076430320739746,8,892,603.0904969159747
2679,1.0779987573623657,8,892,603.0904969159747
2680,1.07716965675354,8,892,603.0904969159747
2681,1.076788306236267,8,892,603.0904969159747
2682,1.0778870582580566,8,892,603.0904969159747
2683,1.0785696506500244,8,892,603.0904969159747
2684,1.0788931846618652,8,892,603.0904969159747
2685,1.078914761543274,8,892,603.0904969159747
2686,1.078665018081665,8,892,603.0904969159747
2687,1.0781607627868652,8,892,603.0904969159747
2688,1.0774223804473877,8,892,603.0904969159747
2689,1.076426386833191,8,892,603.0904969159747
2690,1.0767462253570557,8,892,603.0904969159747
2691,1.0755412578582764,8,892,603.0904969159747
2692,1.0755198001861572,8,892,603.0904969159747
2693,1.0767302513122559,8,892,603.0904969159747
2694,1.0763230323791504,8,892,603.0904969159747
2695,1.0770171880722046,8,892,603.0904969159747
2696,1.0773323774337769,8,892,603.0904969159747
2697,1.077314019203186,8,892,603.0904969159747
2698,1.077011227607727,8,892,603.0904969159747
2699,1.0764329433441162,8,892,603.0904969159747
2700,1.0755826234817505,8,892,603.0904969159747
2701,1.0796602964401245,8,892,603.0904969159747
2702,1.0774072408676147,8,892,603.0904969159747
2703,1.076854944229126,8,892,603.0904969159747
2704,1.0781677961349487,8,892,603.0904969159747
2705,1.079034447669983,8,892,603.0904969159747
2706,1.0795472860336304,8,892,603.0904969159747
2707,1.079746127128601,8,892,603.0904969159747
2708,1.0796833038330078,8,892,603.0904969159747
2709,1.0793694257736206,8,892,603.0904969159747
2710,1.0788240432739258,8,892,603.0904969159747
2711,1.0780659914016724,8,892,603.0904969159747
2712,1.0770765542984009,8,892,603.0904969159747
2713,1.0758628845214844,8,892,603.0904969159747
2714,1.0795502662658691,8,892,603.0904969159747
2715,1.0787657499313354,8,892,603.0904969159747
2716,1.0761840343475342,8,892,603.0904969159747
2717,1.0772584676742554,8,892,603.0904969159747
2718,1.0779277086257935,8,892,603.0904969159747
2719,1.0782476663589478,8,892,603.0904969159747
2720,1.0782607793807983,8,892,603.0904969159747
2721,1.0779863595962524,8,892,603.0904969159747
2722,1.0774784088134766,8,892,603.0904969159747
2723,1.0767300128936768,8,892,603.0904969159747
2724,1.0757254362106323,8,892,603.0904969159747
2725,1.0789040327072144,8,892,603.0904969159747
2726,1.0773961544036865,8,892,603.0904969159747
2727,1.0765185356140137,8,892,603.0904969159747
2728,1.0777064561843872,8,892,603.0904969159747
2729,1.078452467918396,8,892,603.0904969159747
2730,1.078852891921997,8,892,603.0904969159747
2731,1.0789541006088257,8,892,603.0904969159747
2732,1.0788002014160156,8,892,603.0904969159747
2733,1.0783917903900146,8,892,603.0904969159747
2734,1.0777604579925537,8,892,603.0904969159747
2735,1.0769033432006836,8,892,603.0904969159747
2736,1.0758172273635864,8,892,603.0904969159747
2737,1.0784575939178467,8,892,603.0904969159747
2738,1.0773968696594238,8,892,603.0904969159747
2739,1.076323390007019,8,892,603.0904969159747
2740,1.077409029006958,8,892,603.0904969159747
2741,1.078088641166687,8,892,603.0904969159747
2742,1.0784276723861694,8,892,603.0904969159747
2743,1.078467607498169,8,892,603.0904969159747
2744,1.0782490968704224,8,892,603.0904969159747
2745,1.0777912139892578,8,892,603.0904969159747
2746,1.0770986080169678,8,892,603.0904969159747
2747,1.076187252998352,8,892,603.0904969159747
2748,1.0756723880767822,8,892,603.0904969159747
2749,1.0753560066223145,8,892,603.0904969159747
2750,1.0753384828567505,8,892,603.0904969159747
2751,1.0756897926330566,8,892,603.0904969159747
2752,1.0760637521743774,8,892,603.0904969159747
2753,1.0766850709915161,8,892,603.0904969159747
2754,1.076971411705017,8,892,603.0904969159747
2755,1.076945185661316,8,892,603.0904969159747
2756,1.0766445398330688,8,892,603.0904969159747
2757,1.076082706451416,8,892,603.0904969159747
2758,1.0752708911895752,8,892,603.0904969159747
2759,1.0787930488586426,8,892,603.0904969159747
2760,1.0768283605575562,8,892,603.0904969159747
2761,1.0763866901397705,8,892,603.0904969159747
2762,1.0775736570358276,8,892,603.0904969159747
2763,1.078359603881836,8,892,603.0904969159747
2764,1.0787991285324097,8,892,603.0904969159747
2765,1.0789486169815063,8,892,603.0904969159747
2766,1.0788543224334717,8,892,603.0904969159747
2767,1.078518033027649,8,892,603.0904969159747
2768,1.0779774188995361,8,892,603.0904969159747
2769,1.0772219896316528,8,892,603.0904969159747
2770,1.0762585401535034,8,892,603.0904969159747
2771,1.0750815868377686,8,892,603.0904969159747
2772,1.0804367065429688,8,892,603.0904969159747
2773,1.0798768997192383,8,892,603.0904969159747
2774,1.075258731842041,8,892,603.0904969159747
2775,1.0762203931808472,8,892,603.0904969159747
2776,1.0768046379089355,8,892,603.0904969159747
2777,1.0770502090454102,8,892,603.0904969159747
2778,1.0770131349563599,8,892,603.0904969159747
2779,1.0767236948013306,8,892,603.0904969159747
2780,1.0761864185333252,8,892,603.0904969159747
2781,1.0754238367080688,8,892,603.0904969159747
2782,1.076539397239685,8,892,603.0904969159747
2783,1.0748169422149658,8,892,603.0904969159747
2784,1.0748746395111084,8,892,603.0904969159747
2785,1.0754841566085815,8,892,603.0904969159747
2786,1.0756551027297974,8,892,603.0904969159747
2787,1.0762786865234375,8,892,603.0904969159747
2788,1.076564908027649,8,892,603.0904969159747
2789,1.0765634775161743,8,892,603.0904969159747
2790,1.0763126611709595,8,892,603.0904969159747
2791,1.075813889503479,8,892,603.0904969159747
2792,1.0750911235809326,8,892,603.0904969159747
2793,1.0769115686416626,8,892,603.0904969159747
2794,1.0751595497131348,8,892,603.0904969159747
2795,1.0760648250579834,8,892,603.0904969159747
2796,1.0771299600601196,8,892,603.0904969159747
2797,1.0778130292892456,8,892,603.0904969159747
2798,1.078178882598877,8,892,603.0904969159747
2799,1.078299641609192,8,892,603.0904969159747
2800,1.0781716108322144,8,892,603.0904969159747
2801,1.077837586402893,8,892,603.0904969159747
2802,1.077324390411377,8,892,603.0904969159747
2803,1.0766165256500244,8,892,603.0904969159747
2804,1.0757219791412354,8,892,603.0904969159747
2805,1.0746372938156128,8,892,603.0904969159747
2806,1.078980803489685,8,892,603.0904969159747
2807,1.0786354541778564,8,892,603.0904969159747
2808,1.074648141860962,8,892,603.0904969159747
2809,1.0754488706588745,8,892,603.0904969159747
2810,1.075897216796875,8,892,603.0904969159747
2811,1.0760743618011475,8,892,603.0904969159747
2812,1.075975775718689,8,892,603.0904969159747
2813,1.0756746530532837,8,892,603.0904969159747
2814,1.0751625299453735,8,892,603.0904969159747
2815,1.074438214302063,8,892,603.0904969159747
2816,1.077019214630127,8,892,603.0904969159747
2817,1.0756711959838867,8,892,603.0904969159747
2818,1.07512629032135,8,892,603.0904969159747
2819,1.0760163068771362,8,892,603.0904969159747
2820,1.0765830278396606,8,892,603.0904969159747
2821,1.0768697261810303,8,892,603.0904969159747
2822,1.076919436454773,8,892,603.0904969159747
2823,1.076754093170166,8,892,603.0904969159747
2824,1.0764058828353882,8,892,603.0904969159747
2825,1.0758813619613647,8,892,603.0904969159747
2826,1.0751919746398926,8,892,603.0904969159747
2827,1.0743414163589478,8,892,603.0904969159747
2828,1.0761017799377441,8,892,603.0904969159747
2829,1.0755479335784912,8,892,603.0904969159747
2830,1.0744842290878296,8,892,603.0904969159747
2831,1.0751785039901733,8,892,603.0904969159747
2832,1.0755928754806519,8,892,603.0904969159747
2833,1.0757536888122559,8,892,603.0904969159747
2834,1.0756971836090088,8,892,603.0904969159747
2835,1.0754544734954834,8,892,603.0904969159747
2836,1.0750343799591064,8,892,603.0904969159747
2837,1.0744476318359375,8,892,603.0904969159747
2838,1.0737190246582031,8,892,603.0904969159747
2839,1.0764528512954712,8,892,603.0904969159747
2840,1.0757097005844116,8,892,603.0904969159747
2841,1.0739843845367432,8,892,603.0904969159747
2842,1.0746840238571167,8,892,603.0904969159747
2843,1.0750924348831177,8,892,603.0904969159747
2844,1.075270414352417,8,892,603.0904969159747
2845,1.0752503871917725,8,892,603.0904969159747
2846,1.0750454664230347,8,892,603.0904969159747
2847,1.0746883153915405,8,892,603.0904969159747
2848,1.074175238609314,8,892,603.0904969159747
2849,1.0735143423080444,8,892,603.0904969159747
2850,1.0751314163208008,8,892,603.0904969159747
2851,1.0743978023529053,8,892,603.0904969159747
2852,1.073817253112793,8,892,603.0904969159747
2853,1.0744472742080688,8,892,603.0904969159747
2854,1.0748263597488403,8,892,603.0904969159747
2855,1.0749928951263428,8,892,603.0904969159747
2856,1.0749832391738892,8,892,603.0904969159747
2857,1.074819803237915,8,892,603.0904969159747
2858,1.074496865272522,8,892,603.0904969159747
2859,1.0740256309509277,8,892,603.0904969159747
2860,1.0734418630599976,8,892,603.0904969159747
2861,1.0735150575637817,8,892,603.0904969159747
2862,1.0728706121444702,8,892,603.0904969159747
2863,1.0729649066925049,8,892,603.0904969159747
2864,1.0734987258911133,8,892,603.0904969159747
2865,1.0739368200302124,8,892,603.0904969159747
2866,1.0741602182388306,8,892,603.0904969159747
2867,1.0742019414901733,8,892,603.0904969159747
2868,1.0740888118743896,8,892,603.0904969159747
2869,1.0738250017166138,8,892,603.0904969159747
2870,1.0734306573867798,8,892,603.0904969159747
2871,1.0729031562805176,8,892,603.0904969159747
2872,1.0742322206497192,8,892,603.0904969159747
2873,1.0734537839889526,8,892,603.0904969159747
2874,1.0732649564743042,8,892,603.0904969159747
2875,1.0738486051559448,8,892,603.0904969159747
2876,1.074212908744812,8,892,603.0904969159747
2877,1.074387550354004,8,892,603.0904969159747
2878,1.074406385421753,8,892,603.0904969159747
2879,1.07427179813385,8,892,603.0904969159747
2880,1.0740182399749756,8,892,603.0904969159747
2881,1.0736397504806519,8,892,603.0904969159747
2882,1.0731505155563354,8,892,603.0904969159747
2883,1.0725438594818115,8,892,603.0904969159747
2884,1.0748361349105835,8,892,603.0904969159747
2885,1.0744609832763672,8,892,603.0904969159747
2886,1.0726548433303833,8,892,603.0904969159747
2887,1.0731661319732666,8,892,603.0904969159747
2888,1.073457956314087,8,892,603.0904969159747
2889,1.0735865831375122,8,892,603.0904969159747
2890,1.0735539197921753,8,892,603.0904969159747
2891,1.0733897686004639,8,892,603.0904969159747
2892,1.0730949640274048,8,892,603.0904969159747
2893,1.0726778507232666,8,892,603.0904969159747
2894,1.0726243257522583,8,892,603.0904969159747
2895,1.0723388195037842,8,892,603.0904969159747
2896,1.0723557472229004,8,892,603.0904969159747
2897,1.0722196102142334,8,892,603.0904969159747
2898,1.073252558708191,8,892,603.0904969159747
2899,1.0723541975021362,8,892,603.0904969159747
2900,1.0725719928741455,8,892,603.0904969159747
2901,1.0726268291473389,8,892,603.0904969159747
2902,1.0725207328796387,8,892,603.0904969159747
2903,1.0722854137420654,8,892,603.0904969159747
2904,1.0729644298553467,8,892,603.0904969159747
2905,1.0722445249557495,8,892,603.0904969159747
2906,1.0723825693130493,8,892,603.0904969159747
2907,1.072367548942566,8,892,603.0904969159747
2908,1.0722061395645142,8,892,603.0904969159747
2909,1.0727249383926392,8,892,603.0904969159747
2910,1.072284460067749,8,892,603.0904969159747
2911,1.0724669694900513,8,892,603.0904969159747
2912,1.072507381439209,8,892,603.0904969159747
2913,1.0723936557769775,8,892,603.0904969159747
2914,1.0721452236175537,8,892,603.0904969159747
2915,1.0729776620864868,8,892,603.0904969159747
2916,1.072082281112671,8,892,603.0904969159747
2917,1.0722085237503052,8,892,603.0904969159747
2918,1.0721832513809204,8,892,603.0904969159747
2919,1.072016954421997,8,892,603.0904969159747
2920,1.0729533433914185,8,892,603.0904969159747
2921,1.0720837116241455,8,892,603.0904969159747
2922,1.0722746849060059,8,892,603.0904969159747
2923,1.0722992420196533,8,892,603.0904969159747
2924,1.0721831321716309,8,892,603.0904969159747
2925,1.0719354152679443,8,892,603.0904969159747
2926,1.0733261108398438,8,892,603.0904969159747
2927,1.0719584226608276,8,892,603.0904969159747
2928,1.072753667831421,8,892,603.0904969159747
2929,1.0733836889266968,8,892,603.0904969159747
2930,1.0738141536712646,8,892,603.0904969159747
2931,1.0740832090377808,8,892,603.0904969159747
2932,1.0741890668869019,8,892,603.0904969159747
2933,1.0741848945617676,8,892,603.0904969159747
2934,1.0740586519241333,8,892,603.0904969159747
2935,1.073831558227539,8,892,603.0904969159747
2936,1.073502540588379,8,892,603.0904969159747
2937,1.0730788707733154,8,892,603.0904969159747
2938,1.0725679397583008,8,892,603.0904969159747
2939,1.0719621181488037,8,892,603.0904969159747
2940,1.0740596055984497,8,892,603.0904969159747
2941,1.0740076303482056,8,892,603.0904969159747
2942,1.071892499923706,8,892,603.0904969159747
2943,1.0723143815994263,8,892,603.0904969159747
2944,1.0725551843643188,8,892,603.0904969159747
2945,1.0726350545883179,8,892,603.0904969159747
2946,1.0725747346878052,8,892,603.0904969159747
2947,1.0723998546600342,8,892,603.0904969159747
2948,1.0721017122268677,8,892,603.0904969159747
2949,1.071760892868042,8,892,603.0904969159747
2950,1.0719393491744995,8,892,603.0904969159747
2951,1.0720144510269165,8,892,603.0904969159747
2952,1.0719547271728516,8,892,603.0904969159747
2953,1.0717546939849854,8,892,603.0904969159747
2954,1.072668194770813,8,892,603.0904969159747
2955,1.071772575378418,8,892,603.0904969159747
2956,1.0719261169433594,8,892,603.0904969159747
2957,1.0719367265701294,8,892,603.0904969159747
2958,1.0718063116073608,8,892,603.0904969159747
2959,1.071954607963562,8,892,603.0904969159747
2960,1.0719268321990967,8,892,603.0904969159747
2961,1.0721315145492554,8,892,603.0904969159747
2962,1.0721861124038696,8,892,603.0904969159747
2963,1.0720949172973633,8,892,603.0904969159747
2964,1.0718731880187988,8,892,603.0904969159747
2965,1.0716882944107056,8,892,603.0904969159747
2966,1.071853756904602,8,892,603.0904969159747
2967,1.0719937086105347,8,892,603.0904969159747
2968,1.071979284286499,8,892,603.0904969159747
2969,1.0718398094177246,8,892,603.0904969159747
2970,1.0715779066085815,8,892,603.0904969159747
2971,1.0729066133499146,8,892,603.0904969159747
2972,1.071588158607483,8,892,603.0904969159747
2973,1.072342872619629,8,892,603.0904969159747
2974,1.0729674100875854,8,892,603.0904969159747
2975,1.0733872652053833,8,892,603.0904969159747
2976,1.0736409425735474,8,892,603.0904969159747
2977,1.0737478733062744,8,892,603.0904969159747
2978,1.073744773864746,8,892,603.0904969159747
2979,1.073620080947876,8,892,603.0904969159747
2980,1.073384165763855,8,892,603.0904969159747
2981,1.0730587244033813,8,892,603.0904969159747
2982,1.0726276636123657,8,892,603.0904969159747
2983,1.0721102952957153,8,892,603.0904969159747
2984,1.0714879035949707,8,892,603.0904969159747
2985,1.0739506483078003,8,892,603.0904969159747
2986,1.0738539695739746,8,892,603.0904969159747
2987,1.0714466571807861,8,892,603.0904969159747
2988,1.0718891620635986,8,892,603.0904969159747
2989,1.0721380710601807,8,892,603.0904969159747
2990,1.072226881980896,8,892,603.0904969159747
2991,1.072182297706604,8,892,603.0904969159747
2992,1.07201087474823,8,892,603.0904969159747
2993,1.0717062950134277,8,892,603.0904969159747
2994,1.0713027715682983,8,892,603.0904969159747
2995,1.0734055042266846,8,892,603.0904969159747
2996,1.0725511312484741,8,892,603.0904969159747
2997,1.0717675685882568,8,892,603.0904969159747
2998,1.0723260641098022,8,892,603.0904969159747
2999,1.0726906061172485,8,892,603.0904969159747
3000,1.0728833675384521,8,892,603.0904969159747
3001,1.072940468788147,8,892,603.0904969159747
3002,1.0728745460510254,8,892,603.0904969159747
3003,1.0726815462112427,8,892,603.0904969159747
3004,1.0723787546157837,8,892,603.0904969159747
3005,1.071977138519287,8,892,603.0904969159747
3006,1.0714704990386963,8,892,603.0904969159747
3007,1.072557806968689,8,892,603.0904969159747
3008,1.0721076726913452,8,892,603.0904969159747
3009,1.0716655254364014,8,892,603.0904969159747
3010,1.0721642971038818,8,892,603.0904969159747
3011,1.0724681615829468,8,892,603.0904969159747
3012,1.0726099014282227,8,892,603.0904969159747
3013,1.0726147890090942,8,892,603.0904969159747
3014,1.0724848508834839,8,892,603.0904969159747
3015,1.072240948677063,8,892,603.0904969159747
3016,1.0718895196914673,8,892,603.0904969159747
3017,1.0714243650436401,8,892,603.0904969159747
3018,1.0721285343170166,8,892,603.0904969159747
3019,1.0715183019638062,8,892,603.0904969159747
3020,1.0717456340789795,8,892,603.0904969159747
3021,1.072264552116394,8,892,603.0904969159747
3022,1.0725973844528198,8,892,603.0904969159747
3023,1.0727603435516357,8,892,603.0904969159747
3024,1.0727827548980713,8,892,603.0904969159747
3025,1.072680950164795,8,892,603.0904969159747
3026,1.072470784187317,8,892,603.0904969159747
3027,1.072141408920288,8,892,603.0904969159747
3028,1.0717010498046875,8,892,603.0904969159747
3029,1.0711673498153687,8,892,603.0904969159747
3030,1.0732752084732056,8,892,603.0904969159747
3031,1.0728992223739624,8,892,603.0904969159747
3032,1.0713282823562622,8,892,603.0904969159747
3033,1.0718247890472412,8,892,603.0904969159747
3034,1.072117567062378,8,892,603.0904969159747
3035,1.0722538232803345,8,892,603.0904969159747
3036,1.0722579956054688,8,892,603.0904969159747
3037,1.072113275527954,8,892,603.0904969159747
3038,1.0718568563461304,8,892,603.0904969159747
3039,1.0714980363845825,8,892,603.0904969159747
3040,1.0710140466690063,8,892,603.0904969159747
3041,1.0734716653823853,8,892,603.0904969159747
3042,1.0728727579116821,8,892,603.0904969159747
3043,1.0713207721710205,8,892,603.0904969159747
3044,1.0718505382537842,8,892,603.0904969159747
3045,1.0721832513809204,8,892,603.0904969159747
3046,1.0723515748977661,8,892,603.0904969159747
3047,1.0723752975463867,8,892,603.0904969159747
3048,1.072266697883606,8,892,603.0904969159747
3049,1.0720422267913818,8,892,603.0904969159747
3050,1.0716991424560547,8,892,603.0904969159747
3051,1.071250319480896,8,892,603.0904969159747
3052,1.07203209400177,8,892,603.0904969159747
3053,1.0713906288146973,8,892,603.0904969159747
3054,1.0715961456298828,8,892,603.0904969159747
3055,1.0721251964569092,8,892,603.0904969159747
3056,1.072454571723938,8,892,603.0904969159747
3057,1.0726338624954224,8,892,603.0904969159747
3058,1.0726579427719116,8,892,603.0904969159747
3059,1.072561502456665,8,892,603.0904969159747
3060,1.0723453760147095,8,892,603.0904969159747
3061,1.072033405303955,8,892,603.0904969159747
3062,1.0715999603271484,8,892,603.0904969159747
3063,1.0710697174072266,8,892,603.0904969159747
3064,1.0729320049285889,8,892,603.0904969159747
3065,1.0725558996200562,8,892,603.0904969159747
3066,1.071239948272705,8,892,603.0904969159747
3067,1.0717277526855469,8,892,603.0904969159747
3068,1.0720232725143433,8,892,603.0904969159747
3069,1.0721590518951416,8,892,603.0904969159747
3070,1.0721561908721924,8,892,603.0904969159747
3071,1.0720198154449463,8,892,603.0904969159747
3072,1.071760892868042,8,892,603.0904969159747
3073,1.0714031457901,8,892,603.0904969159747
3074,1.0709278583526611,8,892,603.0904969159747
3075,1.0731416940689087,8,892,603.0904969159747
3076,1.0725528001785278,8,892,603.0904969159747
3077,1.0712279081344604,8,892,603.0904969159747
3078,1.0717625617980957,8,892,603.0904969159747
3079,1.072088360786438,8,892,603.0904969159747
3080,1.0722544193267822,8,892,603.0904969159747
3081,1.0722745656967163,8,892,603.0904969159747
3082,1.0721678733825684,8,892,603.0904969159747
3083,1.0719451904296875,8,892,603.0904969159747
3084,1.0716092586517334,8,892,603.0904969159747
3085,1.071165919303894,8,892,603.0904969159747
3086,1.0717748403549194,8,892,603.0904969159747
3087,1.0711429119110107,8,892,603.0904969159747
3088,1.0715116262435913,8,892,603.0904969159747
3089,1.0720269680023193,8,892,603.0904969159747
3090,1.0723607540130615,8,892,603.0904969159747
3091,1.0725256204605103,8,892,603.0904969159747
3092,1.07255220413208,8,892,603.0904969159747
3093,1.072456955909729,8,892,603.0904969159747
3094,1.072246789932251,8,892,603.0904969159747
3095,1.0719298124313354,8,892,603.0904969159747
3096,1.0715062618255615,8,892,603.0904969159747
3097,1.0709792375564575,8,892,603.0904969159747
3098,1.0727206468582153,8,892,603.0904969159747
3099,1.07235586643219,8,892,603.0904969159747
3100,1.0711469650268555,8,892,603.0904969159747
3101,1.0716290473937988,8,892,603.0904969159747
3102,1.0719256401062012,8,892,603.0904969159747
3103,1.0720573663711548,8,892,603.0904969159747
3104,1.0720515251159668,8,892,603.0904969159747
3105,1.0719199180603027,8,892,603.0904969159747
3106,1.071669578552246,8,892,603.0904969159747
3107,1.0713024139404297,8,892,603.0904969159747
3108,1.0708321332931519,8,892,603.0904969159747
3109,1.0729775428771973,8,892,603.0904969159747
3110,1.072396159172058,8,892,603.0904969159747
3111,1.0711352825164795,8,892,603.0904969159747
3112,1.0716661214828491,8,892,603.0904969159747
3113,1.071982502937317,8,892,603.0904969159747
3114,1.0721482038497925,8,892,603.0904969159747
3115,1.0721696615219116,8,892,603.0904969159747
3116,1.0720576047897339,8,892,603.0904969159747
3117,1.0718415975570679,8,892,603.0904969159747
3118,1.0715055465698242,8,892,603.0904969159747
3119,1.071070909500122,8,892,603.0904969159747
3120,1.0716581344604492,8,892,603.0904969159747
3121,1.0710341930389404,8,892,603.0904969159747
3122,1.0714014768600464,8,892,603.0904969159747
3123,1.0719181299209595,8,892,603.0904969159747
3124,1.072243332862854,8,892,603.0904969159747
3125,1.0724070072174072,8,892,603.0904969159747
3126,1.0724420547485352,8,892,603.0904969159747
3127,1.0723413228988647,8,892,603.0904969159747
3128,1.0721369981765747,8,892,603.0904969159747
3129,1.0718214511871338,8,892,603.0904969159747
3130,1.0713939666748047,8,892,603.0904969159747
3131,1.0708810091018677,8,892,603.0904969159747
3132,1.0726336240768433,8,892,603.0904969159747
3133,1.0722692012786865,8,892,603.0904969159747
3134,1.071037769317627,8,892,603.0904969159747
3135,1.0715162754058838,8,892,603.0904969159747
3136,1.0718138217926025,8,892,603.0904969159747
3137,1.0719397068023682,8,892,603.0904969159747
3138,1.071931004524231,8,892,603.0904969159747
3139,1.071802020072937,8,892,603.0904969159747
3140,1.0715607404708862,8,892,603.0904969159747
3141,1.0711917877197266,8,892,603.0904969159747
3142,1.0707262754440308,8,892,603.0904969159747
3143,1.072908878326416,8,892,603.0904969159747
3144,1.0723384618759155,8,892,603.0904969159747
3145,1.0710301399230957,8,892,603.0904969159747
3146,1.0715385675430298,8,892,603.0904969159747
3147,1.0718612670898438,8,892,603.0904969159747
3148,1.0720266103744507,8,892,603.0904969159747
3149,1.0720452070236206,8,892,603.0904969159747
3150,1.0719375610351562,8,892,603.0904969159747
3151,1.071724534034729,8,892,603.0904969159747
3152,1.071388602256775,8,892,603.0904969159747
3153,1.0709515810012817,8,892,603.0904969159747
3154,1.071616530418396,8,892,603.0904969159747
3155,1.070996880531311,8,892,603.0904969159747
3156,1.0712813138961792,8,892,603.0904969159747
3157,1.0717953443527222,8,892,603.0904969159747
3158,1.0721235275268555,8,892,603.0904969159747
3159,1.0722899436950684,8,892,603.0904969159747
3160,1.0723210573196411,8,892,603.0904969159747
3161,1.0722253322601318,8,892,603.0904969159747
3162,1.0720131397247314,8,892,603.0904969159747
3163,1.071698784828186,8,892,603.0904969159747
3164,1.0712714195251465,8,892,603.0904969159747
3165,1.0707656145095825,8,892,603.0904969159747
3166,1.0726019144058228,8,892,603.0904969159747
3167,1.0722415447235107,8,892,603.0904969159747
3168,1.0709162950515747,8,892,603.0904969159747
3169,1.071401596069336,8,892,603.0904969159747
3170,1.071694016456604,8,892,603.0904969159747
3171,1.0718239545822144,8,892,603.0904969159747
3172,1.0718241930007935,8,892,603.0904969159747
3173,1.0716853141784668,8,892,603.0904969159747
3174,1.07144033908844,8,892,603.0904969159747
3175,1.0710746049880981,8,892,603.0904969159747
3176,1.0706133842468262,8,892,603.0904969159747
3177,1.0728765726089478,8,892,603.0904969159747
3178,1.0723011493682861,8,892,603.0904969159747
3179,1.070914626121521,8,892,603.0904969159747
3180,1.0714246034622192,8,892,603.0904969159747
3181,1.0717482566833496,8,892,603.0904969159747
3182,1.0719183683395386,8,892,603.0904969159747
3183,1.0719331502914429,8,892,603.0904969159747
3184,1.071834921836853,8,892,603.0904969159747
3185,1.0716028213500977,8,892,603.0904969159747
3186,1.0712788105010986,8,892,603.0904969159747
3187,1.070839524269104,8,892,603.0904969159747
3188,1.0715763568878174,8,892,603.0904969159747
3189,1.0709582567214966,8,892,603.0904969159747
3190,1.0711764097213745,8,892,603.0904969159747
3191,1.0716849565505981,8,892,603.0904969159747
3192,1.072011947631836,8,892,603.0904969159747
3193,1.0721852779388428,8,892,603.0904969159747
3194,1.072205662727356,8,892,603.0904969159747
3195,1.0721107721328735,8,892,603.0904969159747
3196,1.0719043016433716,8,892,603.0904969159747
3197,1.0715858936309814,8,892,603.0904969159747
3198,1.071173906326294,8,892,603.0904969159747
3199,1.0706573724746704,8,892,603.0904969159747
3200,1.072535514831543,8,892,603.0904969159747
3201,1.0721752643585205,8,892,603.0904969159747
3202,1.07081937789917,8,892,603.0904969159747
3203,1.0712939500808716,8,892,603.0904969159747
3204,1.071582555770874,8,892,603.0904969159747
3205,1.071728229522705,8,892,603.0904969159747
3206,1.0717122554779053,8,892,603.0904969159747
3207,1.0715867280960083,8,892,603.0904969159747
3208,1.071330189704895,8,892,603.0904969159747
3209,1.0709712505340576,8,892,603.0904969159747
3210,1.0705169439315796,8,892,603.0904969159747
3211,1.0727722644805908,8,892,603.0904969159747
3212,1.0721943378448486,8,892,603.0904969159747
3213,1.070813775062561,8,892,603.0904969159747
3214,1.0713238716125488,8,892,603.0904969159747
3215,1.071658730506897,8,892,603.0904969159747
3216,1.071815848350525,8,892,603.0904969159747
3217,1.0718423128128052,8,892,603.0904969159747
3218,1.071736216545105,8,892,603.0904969159747
3219,1.0715144872665405,8,892,603.0904969159747
3220,1.0711889266967773,8,892,603.0904969159747
3221,1.0707530975341797,8,892,603.0904969159747
3222,1.071416974067688,8,892,603.0904969159747
3223,1.0707932710647583,8,892,603.0904969159747
3224,1.0710872411727905,8,892,603.0904969159747
3225,1.0716004371643066,8,892,603.0904969159747
3226,1.071921944618225,8,892,603.0904969159747
3227,1.0720939636230469,8,892,603.0904969159747
3228,1.0721240043640137,8,892,603.0904969159747
3229,1.0720326900482178,8,892,603.0904969159747
3230,1.0718247890472412,8,892,603.0904969159747
3231,1.0715128183364868,8,892,603.0904969159747
3232,1.0710965394973755,8,892,603.0904969159747
3233,1.070575475692749,8,892,603.0904969159747
3234,1.0722917318344116,8,892,603.0904969159747
3235,1.07192063331604,8,892,603.0904969159747
3236,1.070742130279541,8,892,603.0904969159747
3237,1.071224570274353,8,892,603.0904969159747
3238,1.0715248584747314,8,892,603.0904969159747
3239,1.0716516971588135,8,892,603.0904969159747
3240,1.0716465711593628,8,892,603.0904969159747
3241,1.071519374847412,8,892,603.0904969159747
3242,1.0712693929672241,8,892,603.0904969159747
3243,1.0709152221679688,8,892,603.0904969159747
3244,1.0704551935195923,8,892,603.0904969159747
3245,1.0724400281906128,8,892,603.0904969159747
3246,1.0718576908111572,8,892,603.0904969159747
3247,1.070763111114502,8,892,603.0904969159747
3248,1.0712686777114868,8,892,603.0904969159747
3249,1.071588158607483,8,892,603.0904969159747
3250,1.0717675685882568,8,892,603.0904969159747
3251,1.0717897415161133,8,892,603.0904969159747
3252,1.071687936782837,8,892,603.0904969159747
3253,1.0714682340621948,8,892,603.0904969159747
3254,1.0711414813995361,8,892,603.0904969159747
3255,1.0707021951675415,8,892,603.0904969159747
3256,1.0709865093231201,8,892,603.0904969159747
3257,1.0703551769256592,8,892,603.0904969159747
3258,1.0710557699203491,8,892,603.0904969159747
3259,1.0715551376342773,8,892,603.0904969159747
3260,1.0718777179718018,8,892,603.0904969159747
3261,1.0720465183258057,8,892,603.0904969159747
3262,1.0720778703689575,8,892,603.0904969159747
3263,1.0719903707504272,8,892,603.0904969159747
3264,1.071782112121582,8,892,603.0904969159747
3265,1.0714731216430664,8,892,603.0904969159747
3266,1.0710628032684326,8,892,603.0904969159747
3267,1.070544958114624,8,892,603.0904969159747
3268,1.0717747211456299,8,892,603.0904969159747
3269,1.071402907371521,8,892,603.0904969159747
3270,1.0707130432128906,8,892,603.0904969159747
3271,1.071185827255249,8,892,603.0904969159747
3272,1.0714818239212036,8,892,603.0904969159747
3273,1.0716123580932617,8,892,603.0904969159747
3274,1.071615219116211,8,892,603.0904969159747
3275,1.0714845657348633,8,892,603.0904969159747
3276,1.0712381601333618,8,892,603.0904969159747
3277,1.0708863735198975,8,892,603.0904969159747
3278,1.0704258680343628,8,892,603.0904969159747
3279,1.0718903541564941,8,892,603.0904969159747
3280,1.0713140964508057,8,892,603.0904969159747
3281,1.0707237720489502,8,892,603.0904969159747
3282,1.0712352991104126,8,892,603.0904969159747
3283,1.071557641029358,8,892,603.0904969159747
3284,1.0717183351516724,8,892,603.0904969159747
3285,1.0717428922653198,8,892,603.0904969159747
3286,1.0716347694396973,8,892,603.0904969159747
3287,1.0714246034622192,8,892,603.0904969159747
3288,1.071092963218689,8,892,603.0904969159747
3289,1.0706689357757568,8,892,603.0904969159747
3290,1.070493221282959,8,892,603.0904969159747
3291,1.0702697038650513,8,892,603.0904969159747
3292,1.0702567100524902,8,892,603.0904969159747
3293,1.0706111192703247,8,892,603.0904969159747
3294,1.0705727338790894,8,892,603.0904969159747
3295,1.0708565711975098,8,892,603.0904969159747
3296,1.0709774494171143,8,892,603.0904969159747
3297,1.07095468044281,8,892,603.0904969159747
3298,1.070794701576233,8,892,603.0904969159747
3299,1.070526123046875,8,892,603.0904969159747
3300,1.0703083276748657,8,892,603.0904969159747
3301,1.070396065711975,8,892,603.0904969159747
3302,1.070500373840332,8,892,603.0904969159747
3303,1.0704500675201416,8,892,603.0904969159747
3304,1.070265769958496,8,892,603.0904969159747
3305,1.0710039138793945,8,892,603.0904969159747
3306,1.0703036785125732,8,892,603.0904969159747
3307,1.0704740285873413,8,892,603.0904969159747
3308,1.0704866647720337,8,892,603.0904969159747
3309,1.0703641176223755,8,892,603.0904969159747
3310,1.0702754259109497,8,892,603.0904969159747
3311,1.0704926252365112,8,892,603.0904969159747
3312,1.0706909894943237,8,892,603.0904969159747
3313,1.0707464218139648,8,892,603.0904969159747
3314,1.0706475973129272,8,892,603.0904969159747
3315,1.0704407691955566,8,892,603.0904969159747
3316,1.0701905488967896,8,892,603.0904969159747
3317,1.0704083442687988,8,892,603.0904969159747
3318,1.0705559253692627,8,892,603.0904969159747
3319,1.0705407857894897,8,892,603.0904969159747
3320,1.0703943967819214,8,892,603.0904969159747
3321,1.0701243877410889,8,892,603.0904969159747
3322,1.0717191696166992,8,892,603.0904969159747
3323,1.070488691329956,8,892,603.0904969159747
3324,1.070861577987671,8,892,603.0904969159747
3325,1.0714737176895142,8,892,603.0904969159747
3326,1.0718896389007568,8,892,603.0904969159747
3327,1.072141408920288,8,892,603.0904969159747
3328,1.0722419023513794,8,892,603.0904969159747
3329,1.0722278356552124,8,892,603.0904969159747
3330,1.0720999240875244,8,892,603.0904969159747
3331,1.0718663930892944,8,892,603.0904969159747
3332,1.071539044380188,8,892,603.0904969159747
3333,1.0711103677749634,8,892,603.0904969159747
3334,1.0705909729003906,8,892,603.0904969159747
3335,1.0704717636108398,8,892,603.0904969159747
3336,1.0702235698699951,8,892,603.0904969159747
3337,1.0706722736358643,8,892,603.0904969159747
3338,1.071115493774414,8,892,603.0904969159747
3339,1.0713751316070557,8,892,603.0904969159747
3340,1.0714882612228394,8,892,603.0904969159747
3341,1.0714640617370605,8,892,603.0904969159747
3342,1.0713235139846802,8,892,603.0904969159747
3343,1.0710760354995728,8,892,603.0904969159747
3344,1.070710301399231,8,892,603.0904969159747
3345,1.070247769355774,8,892,603.0904969159747
3346,1.071536898612976,8,892,603.0904969159747
3347,1.0710270404815674,8,892,603.0904969159747
3348,1.0705136060714722,8,892,603.0904969159747
3349,1.0710017681121826,8,892,603.0904969159747
3350,1.0713118314743042,8,892,603.0904969159747
3351,1.0714651346206665,8,892,603.0904969159747
3352,1.0714668035507202,8,892,603.0904969159747
3353,1.0713598728179932,8,892,603.0904969159747
3354,1.0711368322372437,8,892,603.0904969159747
3355,1.0708192586898804,8,892,603.0904969159747
3356,1.0703856945037842,8,892,603.0904969159747
3357,1.070644497871399,8,892,603.0904969159747
3358,1.0700706243515015,8,892,603.0904969159747
3359,1.0706884860992432,8,892,603.0904969159747
3360,1.071186900138855,8,892,603.0904969159747
3361,1.0714932680130005,8,892,603.0904969159747
3362,1.0716485977172852,8,892,603.0904969159747
3363,1.0716708898544312,8,892,603.0904969159747
3364,1.071582317352295,8,892,603.0904969159747
3365,1.0713677406311035,8,892,603.0904969159747
3366,1.071051836013794,8,892,603.0904969159747
3367,1.0706455707550049,8,892,603.0904969159747
3368,1.0701326131820679,8,892,603.0904969159747
3369,1.0718406438827515,8,892,603.0904969159747
3370,1.0715034008026123,8,892,603.0904969159747
3371,1.0702834129333496,8,892,603.0904969159747
3372,1.0707453489303589,8,892,603.0904969159747
3373,1.0710346698760986,8,892,603.0904969159747
3374,1.0711480379104614,8,892,603.0904969159747
3375,1.0711413621902466,8,892,603.0904969159747
3376,1.071007490158081,8,892,603.0904969159747
3377,1.070764422416687,8,892,603.0904969159747
3378,1.0703991651535034,8,892,603.0904969159747
3379,1.0699459314346313,8,892,603.0904969159747
3380,1.0722893476486206,8,892,603.0904969159747
3381,1.0717512369155884,8,892,603.0904969159747
3382,1.0702296495437622,8,892,603.0904969159747
3383,1.0707286596298218,8,892,603.0904969159747
3384,1.0710395574569702,8,892,603.0904969159747
3385,1.0711846351623535,8,892,603.0904969159747
3386,1.071208119392395,8,892,603.0904969159747
3387,1.071103811264038,8,892,603.0904969159747
3388,1.0708801746368408,8,892,603.0904969159747
3389,1.0705621242523193,8,892,603.0904969159747
3390,1.0701290369033813,8,892,603.0904969159747
3391,1.07120943069458,8,892,603.0904969159747
3392,1.070631742477417,8,892,603.0904969159747
3393,1.0704385042190552,8,892,603.0904969159747
3394,1.0709306001663208,8,892,603.0904969159747
3395,1.0712406635284424,8,892,603.0904969159747
3396,1.0713939666748047,8,892,603.0904969159747
3397,1.0714181661605835,8,892,603.0904969159747
3398,1.0713257789611816,8,892,603.0904969159747
3399,1.071120023727417,8,892,603.0904969159747
3400,1.0708122253417969,8,892,603.0904969159747
3401,1.070401906967163,8,892,603.0904969159747
3402,1.06989586353302,8,892,603.0904969159747
3403,1.0723658800125122,8,892,603.0904969159747
3404,1.0720330476760864,8,892,603.0904969159747
3405,1.0700364112854004,8,892,603.0904969159747
3406,1.0705020427703857,8,892,603.0904969159747
3407,1.0707743167877197,8,892,603.0904969159747
3408,1.0709054470062256,8,892,603.0904969159747
3409,1.0708945989608765,8,892,603.0904969159747
3410,1.0707597732543945,8,892,603.0904969159747
3411,1.0705128908157349,8,892,603.0904969159747
3412,1.0701643228530884,8,892,603.0904969159747
3413,1.0704184770584106,8,892,603.0904969159747
3414,1.0698845386505127,8,892,603.0904969159747
3415,1.0699131488800049,8,892,603.0904969159747
3416,1.0699559450149536,8,892,603.0904969159747
3417,1.0702857971191406,8,892,603.0904969159747
3418,1.0705854892730713,8,892,603.0904969159747
3419,1.070725440979004,8,892,603.0904969159747
3420,1.0707249641418457,8,892,603.0904969159747
3421,1.0706024169921875,8,892,603.0904969159747
3422,1.0703678131103516,8,892,603.0904969159747
3423,1.0700268745422363,8,892,603.0904969159747
3424,1.0708544254302979,8,892,603.0904969159747
3425,1.0700246095657349,8,892,603.0904969159747
3426,1.0705018043518066,8,892,603.0904969159747
3427,1.0710235834121704,8,892,603.0904969159747
3428,1.071363091468811,8,892,603.0904969159747
3429,1.0715522766113281,8,892,603.0904969159747
3430,1.0716145038604736,8,892,603.0904969159747
3431,1.0715571641921997,8,892,603.0904969159747
3432,1.07138192653656,8,892,603.0904969159747
3433,1.0711209774017334,8,892,603.0904969159747
3434,1.0707592964172363,8,892,603.0904969159747
3435,1.0703082084655762,8,892,603.0904969159747
3436,1.0698611736297607,8,892,603.0904969159747
3437,1.0698379278182983,8,892,603.0904969159747
3438,1.069782018661499,8,892,603.0904969159747
3439,1.070534110069275,8,892,603.0904969159747
3440,1.0700162649154663,8,892,603.0904969159747
3441,1.0702474117279053,8,892,603.0904969159747
3442,1.070325493812561,8,892,603.0904969159747
3443,1.070277452468872,8,892,603.0904969159747
3444,1.0701054334640503,8,892,603.0904969159747
3445,1.0698210000991821,8,892,603.0904969159747
3446,1.071167230606079,8,892,603.0904969159747
3447,1.0701344013214111,8,892,603.0904969159747
3448,1.0704318284988403,8,892,603.0904969159747
3449,1.0709953308105469,8,892,603.0904969159747
3450,1.0713651180267334,8,892,603.0904969159747
3451,1.071577548980713,8,892,603.0904969159747
3452,1.0716570615768433,8,892,603.0904969159747
3453,1.071626901626587,8,892,603.0904969159747
3454,1.071485161781311,8,892,603.0904969159747
3455,1.0712553262710571,8,892,603.0904969159747
3456,1.0709247589111328,8,892,603.0904969159747
3457,1.0705080032348633,8,892,603.0904969159747
3458,1.06998872756958,8,892,603.0904969159747
3459,1.0711488723754883,8,892,603.0904969159747
3460,1.0709556341171265,8,892,603.0904969159747
3461,1.0700387954711914,8,892,603.0904969159747
3462,1.0704565048217773,8,892,603.0904969159747
3463,1.0707013607025146,8,892,603.0904969159747
3464,1.070806622505188,8,892,603.0904969159747
3465,1.0707813501358032,8,892,603.0904969159747
3466,1.070634126663208,8,892,603.0904969159747
3467,1.0703800916671753,8,892,603.0904969159747
3468,1.0700246095657349,8,892,603.0904969159747
3469,1.0701980590820312,8,892,603.0904969159747
3470,1.0697338581085205,8,892,603.0904969159747
3471,1.0697470903396606,8,892,603.0904969159747
3472,1.0698925256729126,8,892,603.0904969159747
3473,1.0700873136520386,8,892,603.0904969159747
3474,1.0703723430633545,8,892,603.0904969159747
3475,1.0705009698867798,8,892,603.0904969159747
3476,1.0704947710037231,8,892,603.0904969159747
3477,1.0703649520874023,8,892,603.0904969159747
3478,1.070124864578247,8,892,603.0904969159747
3479,1.0697920322418213,8,892,603.0904969159747
3480,1.071028709411621,8,892,603.0904969159747
3481,1.0702403783798218,8,892,603.0904969159747
3482,1.0702369213104248,8,892,603.0904969159747
3483,1.0707504749298096,8,892,603.0904969159747
3484,1.0710813999176025,8,892,603.0904969159747
3485,1.071266770362854,8,892,603.0904969159747
3486,1.0713162422180176,8,892,603.0904969159747
3487,1.0712553262710571,8,892,603.0904969159747
3488,1.071093201637268,8,892,603.0904969159747
3489,1.0708249807357788,8,892,603.0904969159747
3490,1.070470929145813,8,892,603.0904969159747
3491,1.070014476776123,8,892,603.0904969159747
3492,1.0702778100967407,8,892,603.0904969159747
3493,1.0699259042739868,8,892,603.0904969159747
3494,1.070181965827942,8,892,603.0904969159747
3495,1.0706146955490112,8,892,603.0904969159747
3496,1.070866584777832,8,892,603.0904969159747
3497,1.0709924697875977,8,892,603.0904969159747
3498,1.0709861516952515,8,892,603.0904969159747
3499,1.0708775520324707,8,892,603.0904969159747
3500,1.0706470012664795,8,892,603.0904969159747
3501,1.0703297853469849,8,892,603.0904969159747
3502,1.0699106454849243,8,892,603.0904969159747
3503,1.0704197883605957,8,892,603.0904969159747
3504,1.0699416399002075,8,892,603.0904969159747
3505,1.0701645612716675,8,892,603.0904969159747
3506,1.0706098079681396,8,892,603.0904969159747
3507,1.0708880424499512,8,892,603.0904969159747
3508,1.071033000946045,8,892,603.0904969159747
3509,1.0710419416427612,8,892,603.0904969159747
3510,1.0709376335144043,8,892,603.0904969159747
3511,1.0707333087921143,8,892,603.0904969159747
3512,1.0704361200332642,8,892,603.0904969159747
3513,1.0700488090515137,8,892,603.0904969159747
3514,1.069606900215149,8,892,603.0904969159747
3515,1.0696769952774048,8,892,603.0904969159747
3516,1.0696510076522827,8,892,603.0904969159747
3517,1.069834589958191,8,892,603.0904969159747
3518,1.069919228553772,8,892,603.0904969159747
3519,1.0701634883880615,8,892,603.0904969159747
3520,1.0702569484710693,8,892,603.0904969159747
3521,1.070229172706604,8,892,603.0904969159747
3522,1.0700753927230835,8,892,603.0904969159747
3523,1.0698193311691284,8,892,603.0904969159747
3524,1.0698734521865845,8,892,603.0904969159747
3525,1.0696932077407837,8,892,603.0904969159747
3526,1.0697710514068604,8,892,603.0904969159747
3527,1.0697214603424072,8,892,603.0904969159747
3528,1.0695456266403198,8,892,603.0904969159747
3529,1.070705533027649,8,892,603.0904969159747
3530,1.0695518255233765,8,892,603.0904969159747
3531,1.069702386856079,8,892,603.0904969159747
3532,1.0697060823440552,8,892,603.0904969159747
3533,1.0695863962173462,8,892,603.0904969159747
3534,1.070270299911499,8,892,603.0904969159747
3535,1.0696871280670166,8,892,603.0904969159747
3536,1.069861888885498,8,892,603.0904969159747
3537,1.0698930025100708,8,892,603.0904969159747
3538,1.0698063373565674,8,892,603.0904969159747
3539,1.069596529006958,8,892,603.0904969159747
3540,1.0704401731491089,8,892,603.0904969159747
3541,1.0695513486862183,8,892,603.0904969159747
3542,1.0696746110916138,8,892,603.0904969159747
3543,1.069653034210205,8,892,603.0904969159747
3544,1.0695085525512695,8,892,603.0904969159747
3545,1.0704991817474365,8,892,603.0904969159747
3546,1.069580078125,8,892,603.0904969159747
3547,1.0697400569915771,8,892,603.0904969159747
3548,1.0697649717330933,8,892,603.0904969159747
3549,1.069657564163208,8,892,603.0904969159747
3550,1.0696243047714233,8,892,603.0904969159747
3551,1.0697851181030273,8,892,603.0904969159747
3552,1.0699725151062012,8,892,603.0904969159747
3553,1.0700204372406006,8,892,603.0904969159747
3554,1.0699442625045776,8,892,603.0904969159747
3555,1.069757103919983,8,892,603.0904969159747
3556,1.0695019960403442,8,892,603.0904969159747
3557,1.0697275400161743,8,892,603.0904969159747
3558,1.0698459148406982,8,892,603.0904969159747
3559,1.0698333978652954,8,892,603.0904969159747
3560,1.0696958303451538,8,892,603.0904969159747
3561,1.0694525241851807,8,892,603.0904969159747
3562,1.0709353685379028,8,892,603.0904969159747
3563,1.0698778629302979,8,892,603.0904969159747
3564,1.0700877904891968,8,892,603.0904969159747
3565,1.070631980895996,8,892,603.0904969159747
3566,1.07099187374115,8,892,603.0904969159747
3567,1.0712015628814697,8,892,603.0904969159747
3568,1.0712921619415283,8,892,603.0904969159747
3569,1.0712682008743286,8,892,603.0904969159747
3570,1.071149468421936,8,892,603.0904969159747
3571,1.0709389448165894,8,892,603.0904969159747
3572,1.0706357955932617,8,892,603.0904969159747
3573,1.0702379941940308,8,892,603.0904969159747
3574,1.0697658061981201,8,892,603.0904969159747
3575,1.070292592048645,8,892,603.0904969159747
3576,1.0701085329055786,8,892,603.0904969159747
3577,1.0698213577270508,8,892,603.0904969159747
3578,1.0702075958251953,8,892,603.0904969159747
3579,1.0704371929168701,8,892,603.0904969159747
3580,1.0705363750457764,8,892,603.0904969159747
3581,1.0704984664916992,8,892,603.0904969159747
3582,1.070360541343689,8,892,603.0904969159747
3583,1.0701240301132202,8,892,603.0904969159747
3584,1.0697940587997437,8,892,603.0904969159747
3585,1.0694700479507446,8,892,603.0904969159747
3586,1.0695135593414307,8,892,603.0904969159747
3587,1.0695242881774902,8,892,603.0904969159747
3588,1.0694166421890259,8,892,603.0904969159747
3589,1.0701878070831299,8,892,603.0904969159747
3590,1.0695269107818604,8,892,603.0904969159747
3591,1.0696996450424194,8,892,603.0904969159747
3592,1.069745421409607,8,892,603.0904969159747
3593,1.0696682929992676,8,892,603.0904969159747
3594,1.0694596767425537,8,892,603.0904969159747
3595,1.0702528953552246,8,892,603.0904969159747
3596,1.0694239139556885,8,892,603.0904969159747
3597,1.0695407390594482,8,892,603.0904969159747
3598,1.069521427154541,8,892,603.0904969159747
3599,1.0693827867507935,8,892,603.0904969159747
3600,1.070284128189087,8,892,603.0904969159747
3601,1.0694479942321777,8,892,603.0904969159747
3602,1.0696057081222534,8,892,603.0904969159747
3603,1.0696334838867188,8,892,603.0904969159747
3604,1.069528341293335,8,892,603.0904969159747
3605,1.0694421529769897,8,892,603.0904969159747
3606,1.0696487426757812,8,892,603.0904969159747
3607,1.0698243379592896,8,892,603.0904969159747
3608,1.0698692798614502,8,892,603.0904969159747
3609,1.0697877407073975,8,892,603.0904969159747
3610,1.0696053504943848,8,892,603.0904969159747
3611,1.0693514347076416,8,892,603.0904969159747
3612,1.069580316543579,8,892,603.0904969159747
3613,1.0696898698806763,8,892,603.0904969159747
3614,1.0696780681610107,8,892,603.0904969159747
3615,1.0695490837097168,8,892,603.0904969159747
3616,1.0693280696868896,8,892,603.0904969159747
3617,1.069610357284546,8,892,603.0904969159747
3618,1.069765567779541,8,892,603.0904969159747
3619,1.0697953701019287,8,892,603.0904969159747
3620,1.0696948766708374,8,892,603.0904969159747
3621,1.0694886445999146,8,892,603.0904969159747
3622,1.0697940587997437,8,892,603.0904969159747
3623,1.0694293975830078,8,892,603.0904969159747
3624,1.0695323944091797,8,892,603.0904969159747
3625,1.069503903388977,8,892,603.0904969159747
3626,1.0693578720092773,8,892,603.0904969159747
3627,1.0700268745422363,8,892,603.0904969159747
3628,1.0694109201431274,8,892,603.0904969159747
3629,1.0695574283599854,8,892,603.0904969159747
3630,1.0695756673812866,8,892,603.0904969159747
3631,1.069471836090088,8,892,603.0904969159747
3632,1.0693310499191284,8,892,603.0904969159747
3633,1.069586992263794,8,892,603.0904969159747
3634,1.069756269454956,8,892,603.0904969159747
3635,1.069798231124878,8,892,603.0904969159747
3636,1.069720983505249,8,892,603.0904969159747
3637,1.0695326328277588,8,892,603.0904969159747
3638,1.0693453550338745,8,892,603.0904969159747
3639,1.06949782371521,8,892,603.0904969159747
3640,1.0696076154708862,8,892,603.0904969159747
3641,1.0695890188217163,8,892,603.0904969159747
3642,1.069457769393921,8,892,603.0904969159747
3643,1.0693767070770264,8,892,603.0904969159747
3644,1.0695127248764038,8,892,603.0904969159747
3645,1.0696687698364258,8,892,603.0904969159747
3646,1.06969153881073,8,892,603.0904969159747
3647,1.0695929527282715,8,892,603.0904969159747
3648,1.0693854093551636,8,892,603.0904969159747
3649,1.0698885917663574,8,892,603.0904969159747
3650,1.0693247318267822,8,892,603.0904969159747
3651,1.0694315433502197,8,892,603.0904969159747
3652,1.0693938732147217,8,892,603.0904969159747
3653,1.0692532062530518,8,892,603.0904969159747
3654,1.070149302482605,8,892,603.0904969159747
3655,1.069296956062317,8,892,603.0904969159747
3656,1.069441795349121,8,892,603.0904969159747
3657,1.069465160369873,8,892,603.0904969159747
3658,1.0693564414978027,8,892,603.0904969159747
3659,1.0694876909255981,8,892,603.0904969159747
3660,1.0694679021835327,8,892,603.0904969159747
3661,1.0696392059326172,8,892,603.0904969159747
3662,1.0696662664413452,8,892,603.0904969159747
3663,1.0695946216583252,8,892,603.0904969159747
3664,1.0693999528884888,8,892,603.0904969159747
3665,1.0695288181304932,8,892,603.0904969159747
3666,1.069366693496704,8,892,603.0904969159747
3667,1.0694770812988281,8,892,603.0904969159747
3668,1.0694630146026611,8,892,603.0904969159747
3669,1.0693260431289673,8,892,603.0904969159747
3670,1.0695841312408447,8,892,603.0904969159747
3671,1.06938898563385,8,892,603.0904969159747
3672,1.0695375204086304,8,892,603.0904969159747
3673,1.0695571899414062,8,892,603.0904969159747
3674,1.0694514513015747,8,892,603.0904969159747
3675,1.0692554712295532,8,892,603.0904969159747
3676,1.0701184272766113,8,892,603.0904969159747
3677,1.0691834688186646,8,892,603.0904969159747
3678,1.0692859888076782,8,892,603.0904969159747
3679,1.0692603588104248,8,892,603.0904969159747
3680,1.0693415403366089,8,892,603.0904969159747
3681,1.0694924592971802,8,892,603.0904969159747
3682,1.0697158575057983,8,892,603.0904969159747
3683,1.06980562210083,8,892,603.0904969159747
3684,1.0697637796401978,8,892,603.0904969159747
3685,1.0696213245391846,8,892,603.0904969159747
3686,1.069380521774292,8,892,603.0904969159747
3687,1.069556713104248,8,892,603.0904969159747
3688,1.0692473649978638,8,892,603.0904969159747
3689,1.0693098306655884,8,892,603.0904969159747
3690,1.0692580938339233,8,892,603.0904969159747
3691,1.0693045854568481,8,892,603.0904969159747
3692,1.0694411993026733,8,892,603.0904969159747
3693,1.0696380138397217,8,892,603.0904969159747
3694,1.0697097778320312,8,892,603.0904969159747
3695,1.0696579217910767,8,892,603.0904969159747
3696,1.0694968700408936,8,892,603.0904969159747
3697,1.0692493915557861,8,892,603.0904969159747
3698,1.0700620412826538,8,892,603.0904969159747
3699,1.069212794303894,8,892,603.0904969159747
3700,1.069754719734192,8,892,603.0904969159747
3701,1.0702296495437622,8,892,603.0904969159747
3702,1.0705420970916748,8,892,603.0904969159747
3703,1.0707253217697144,8,892,603.0904969159747
3704,1.0707886219024658,8,892,603.0904969159747
3705,1.0707473754882812,8,892,603.0904969159747
3706,1.070616364479065,8,892,603.0904969159747
3707,1.070395588874817,8,892,603.0904969159747
3708,1.0700970888137817,8,892,603.0904969159747
3709,1.069719910621643,8,892,603.0904969159747
3710,1.0692617893218994,8,892,603.0904969159747
3711,1.0706366300582886,8,892,603.0904969159747
3712,1.070510983467102,8,892,603.0904969159747
3713,1.069283366203308,8,892,603.0904969159747
3714,1.0696316957473755,8,892,603.0904969159747
3715,1.0698491334915161,8,892,603.0904969159747
3716,1.0699198246002197,8,892,603.0904969159747
3717,1.069887399673462,8,892,603.0904969159747
3718,1.069745421409607,8,892,603.0904969159747
3719,1.0695151090621948,8,892,603.0904969159747
3720,1.0691938400268555,8,892,603.0904969159747
3721,1.0702625513076782,8,892,603.0904969159747
3722,1.069674015045166,8,892,603.0904969159747
3723,1.0695297718048096,8,892,603.0904969159747
3724,1.0699595212936401,8,892,603.0904969159747
3725,1.0702300071716309,8,892,603.0904969159747
3726,1.0703694820404053,8,892,603.0904969159747
3727,1.070397138595581,8,892,603.0904969159747
3728,1.0703258514404297,8,892,603.0904969159747
3729,1.0701619386672974,8,892,603.0904969159747
3730,1.0699154138565063,8,892,603.0904969159747
3731,1.0695797204971313,8,892,603.0904969159747
3732,1.0691651105880737,8,892,603.0904969159747
3733,1.0705816745758057,8,892,603.0904969159747
3734,1.0703233480453491,8,892,603.0904969159747
3735,1.0692718029022217,8,892,603.0904969159747
3736,1.0696468353271484,8,892,603.0904969159747
3737,1.0698680877685547,8,892,603.0904969159747
3738,1.0699646472930908,8,892,603.0904969159747
3739,1.0699516534805298,8,892,603.0904969159747
3740,1.0698270797729492,8,892,603.0904969159747
3741,1.0696213245391846,8,892,603.0904969159747
3742,1.0693278312683105,8,892,603.0904969159747
3743,1.0693033933639526,8,892,603.0904969159747
3744,1.0690789222717285,8,892,603.0904969159747
3745,1.0690879821777344,8,892,603.0904969159747
3746,1.0690556764602661,8,892,603.0904969159747
3747,1.0693787336349487,8,892,603.0904969159747
3748,1.069612741470337,8,892,603.0904969159747
3749,1.0697221755981445,8,892,603.0904969159747
3750,1.0697115659713745,8,892,603.0904969159747
3751,1.0695960521697998,8,892,603.0904969159747
3752,1.0693854093551636,8,892,603.0904969159747
3753,1.0690875053405762,8,892,603.0904969159747
3754,1.070184588432312,8,892,603.0904969159747
3755,1.0695488452911377,8,892,603.0904969159747
3756,1.0694551467895508,8,892,603.0904969159747
3757,1.069885492324829,8,892,603.0904969159747
3758,1.0701613426208496,8,892,603.0904969159747
3759,1.0703046321868896,8,892,603.0904969159747
3760,1.0703418254852295,8,892,603.0904969159747
3761,1.070275902748108,8,892,603.0904969159747
3762,1.0701242685317993,8,892,603.0904969159747
3763,1.0698890686035156,8,892,603.0904969159747
3764,1.0695679187774658,8,892,603.0904969159747
3765,1.0691733360290527,8,892,603.0904969159747
3766,1.0700572729110718,8,892,603.0904969159747
3767,1.0698014497756958,8,892,603.0904969159747
3768,1.0692874193191528,8,892,603.0904969159747
3769,1.0696439743041992,8,892,603.0904969159747
3770,1.0698621273040771,8,892,603.0904969159747
3771,1.069949984550476,8,892,603.0904969159747
3772,1.0699431896209717,8,892,603.0904969159747
3773,1.06983482837677,8,892,603.0904969159747
3774,1.0696250200271606,8,892,603.0904969159747
3775,1.0693353414535522,8,892,603.0904969159747
3776,1.0689620971679688,8,892,603.0904969159747
3777,1.070706844329834,8,892,603.0904969159747
3778,1.0703356266021729,8,892,603.0904969159747
3779,1.0691571235656738,8,892,603.0904969159747
3780,1.0695393085479736,8,892,603.0904969159747
3781,1.0697779655456543,8,892,603.0904969159747
3782,1.069886326789856,8,892,603.0904969159747
3783,1.069887399673462,8,892,603.0904969159747
3784,1.0697916746139526,8,892,603.0904969159747
3785,1.0696015357971191,8,892,603.0904969159747
3786,1.069323182106018,8,892,603.0904969159747
3787,1.068965196609497,8,892,603.0904969159747
3788,1.0705281496047974,8,892,603.0904969159747
3789,1.0701274871826172,8,892,603.0904969159747
3790,1.0691741704940796,8,892,603.0904969159747
3791,1.0695571899414062,8,892,603.0904969159747
3792,1.0697922706604004,8,892,603.0904969159747
3793,1.069905161857605,8,892,603.0904969159747
3794,1.0699126720428467,8,892,603.0904969159747
3795,1.0698176622390747,8,892,603.0904969159747
3796,1.069631814956665,8,892,603.0904969159747
3797,1.069373369216919,8,892,603.0904969159747
3798,1.0690171718597412,8,892,603.0904969159747
3799,1.0701186656951904,8,892,603.0904969159747
3800,1.0697212219238281,8,892,603.0904969159747
3801,1.0692239999771118,8,892,603.0904969159747
3802,1.0696152448654175,8,892,603.0904969159747
3803,1.0698431730270386,8,892,603.0904969159747
3804,1.0699505805969238,8,892,603.0904969159747
3805,1.0699563026428223,8,892,603.0904969159747
3806,1.0698649883270264,8,892,603.0904969159747
3807,1.0696847438812256,8,892,603.0904969159747
3808,1.0694184303283691,8,892,603.0904969159747
3809,1.0690879821777344,8,892,603.0904969159747
3810,1.069681167602539,8,892,603.0904969159747
3811,1.069292426109314,8,892,603.0904969159747
3812,1.0692839622497559,8,892,603.0904969159747
3813,1.0696624517440796,8,892,603.0904969159747
3814,1.0698869228363037,8,892,603.0904969159747
3815,1.0699915885925293,8,892,603.0904969159747
3816,1.0699940919876099,8,892,603.0904969159747
3817,1.0699052810668945,8,892,603.0904969159747
3818,1.0697309970855713,8,892,603.0904969159747
3819,1.0694761276245117,8,892,603.0904969159747
3820,1.0691418647766113,8,892,603.0904969159747
3821,1.0692775249481201,8,892,603.0904969159747
3822,1.0689011812210083,8,892,603.0904969159747
3823,1.0693415403366089,8,892,603.0904969159747
3824,1.0697038173675537,8,892,603.0904969159747
3825,1.0699259042739868,8,892,603.0904969159747
3826,1.0700331926345825,8,892,603.0904969159747
3827,1.0700349807739258,8,892,603.0904969159747
3828,1.0699462890625,8,892,603.0904969159747
3829,1.0697734355926514,8,892,603.0904969159747
3830,1.069517731666565,8,892,603.0904969159747
3831,1.0691843032836914,8,892,603.0904969159747
3832,1.0689239501953125,8,892,603.0904969159747
3833,1.0688585042953491,8,892,603.0904969159747
3834,1.0688308477401733,8,892,603.0904969159747
3835,1.069230556488037,8,892,603.0904969159747
3836,1.0690351724624634,8,892,603.0904969159747
3837,1.069229006767273,8,892,603.0904969159747
3838,1.069291591644287,8,892,603.0904969159747
3839,1.0692598819732666,8,892,603.0904969159747
3840,1.0691313743591309,8,892,603.0904969159747
3841,1.0689033269882202,8,892,603.0904969159747
3842,1.0695898532867432,8,892,603.0904969159747
3843,1.0688133239746094,8,892,603.0904969159747
3844,1.069374680519104,8,892,603.0904969159747
3845,1.0697977542877197,8,892,603.0904969159747
3846,1.0700856447219849,8,892,603.0904969159747
3847,1.0702450275421143,8,892,603.0904969159747
3848,1.0703014135360718,8,892,603.0904969159747
3849,1.0702641010284424,8,892,603.0904969159747
3850,1.0701416730880737,8,892,603.0904969159747
3851,1.069949984550476,8,892,603.0904969159747
3852,1.0696842670440674,8,892,603.0904969159747
3853,1.0693330764770508,8,892,603.0904969159747
3854,1.0689204931259155,8,892,603.0904969159747
3855,1.0701329708099365,8,892,603.0904969159747
3856,1.0700350999832153,8,892,603.0904969159747
3857,1.0689177513122559,8,892,603.0904969159747
3858,1.06924307346344,8,892,603.0904969159747
3859,1.0694220066070557,8,892,603.0904969159747
3860,1.0694900751113892,8,892,603.0904969159747
3861,1.0694427490234375,8,892,603.0904969159747
3862,1.0693206787109375,8,892,603.0904969159747
3863,1.0691019296646118,8,892,603.0904969159747
3864,1.0688003301620483,8,892,603.0904969159747
3865,1.070027232170105,8,892,603.0904969159747
3866,1.0695210695266724,8,892,603.0904969159747
3867,1.069089651107788,8,892,603.0904969159747
3868,1.0694770812988281,8,892,603.0904969159747
3869,1.0697156190872192,8,892,603.0904969159747
3870,1.0698392391204834,8,892,603.0904969159747
3871,1.0698586702346802,8,892,603.0904969159747
3872,1.0697879791259766,8,892,603.0904969159747
3873,1.069631814956665,8,892,603.0904969159747
3874,1.0694046020507812,8,892,603.0904969159747
3875,1.0690945386886597,8,892,603.0904969159747
3876,1.0687164068222046,8,892,603.0904969159747
3877,1.0687928199768066,8,892,603.0904969159747
3878,1.0687750577926636,8,892,603.0904969159747
3879,1.0689201354980469,8,892,603.0904969159747
3880,1.0689775943756104,8,892,603.0904969159747
3881,1.0691732168197632,8,892,603.0904969159747
3882,1.0692410469055176,8,892,603.0904969159747
3883,1.0692094564437866,8,892,603.0904969159747
3884,1.0690864324569702,8,892,603.0904969159747
3885,1.0688751935958862,8,892,603.0904969159747
3886,1.069145917892456,8,892,603.0904969159747
3887,1.0687587261199951,8,892,603.0904969159747
3888,1.0688093900680542,8,892,603.0904969159747
3889,1.0687516927719116,8,892,603.0904969159747
3890,1.0690006017684937,8,892,603.0904969159747
3891,1.0689036846160889,8,892,603.0904969159747
3892,1.0690747499465942,8,892,603.0904969159747
3893,1.069128155708313,8,892,603.0904969159747
3894,1.0690782070159912,8,892,603.0904969159747
3895,1.0689421892166138,8,892,603.0904969159747
3896,1.0687040090560913,8,892,603.0904969159747
3897,1.0698269605636597,8,892,603.0904969159747
3898,1.0691194534301758,8,892,603.0904969159747
3899,1.0691269636154175,8,892,603.0904969159747
3900,1.0695384740829468,8,892,603.0904969159747
3901,1.0698089599609375,8,892,603.0904969159747
3902,1.0699584484100342,8,892,603.0904969159747
3903,1.070009469985962,8,892,603.0904969159747
3904,1.0699635744094849,8,892,603.0904969159747
3905,1.069837212562561,8,892,603.0904969159747
3906,1.069642186164856,8,892,603.0904969159747
3907,1.069368600845337,8,892,603.0904969159747
3908,1.069028615951538,8,892,603.0904969159747
3909,1.0687532424926758,8,892,603.0904969159747
3910,1.0686671733856201,8,892,603.0904969159747
3911,1.0687227249145508,8,892,603.0904969159747
3912,1.0689945220947266,8,892,603.0904969159747
3913,1.0692381858825684,8,892,603.0904969159747
3914,1.069353461265564,8,892,603.0904969159747
3915,1.0693646669387817,8,892,603.0904969159747
3916,1.0692908763885498,8,892,603.0904969159747
3917,1.0691231489181519,8,892,603.0904969159747
3918,1.068884253501892,8,892,603.0904969159747
3919,1.0689009428024292,8,892,603.0904969159747
3920,1.0686874389648438,8,892,603.0904969159747
3921,1.06871497631073,8,892,603.0904969159747
3922,1.0686315298080444,8,892,603.0904969159747
3923,1.069252371788025,8,892,603.0904969159747
3924,1.0687347650527954,8,892,603.0904969159747
3925,1.068884015083313,8,892,603.0904969159747
3926,1.0689218044281006,8,892,603.0904969159747
3927,1.0688495635986328,8,892,603.0904969159747
3928,1.0686951875686646,8,892,603.0904969159747
3929,1.0692347288131714,8,892,603.0904969159747
3930,1.0686626434326172,8,892,603.0904969159747
3931,1.0687559843063354,8,892,603.0904969159747
3932,1.068732500076294,8,892,603.0904969159747
3933,1.068617582321167,8,892,603.0904969159747
3934,1.0693455934524536,8,892,603.0904969159747
3935,1.068660855293274,8,892,603.0904969159747
3936,1.0687847137451172,8,892,603.0904969159747
3937,1.0687919855117798,8,892,603.0904969159747
3938,1.0687034130096436,8,892,603.0904969159747
3939,1.0688326358795166,8,892,603.0904969159747
3940,1.0687804222106934,8,892,603.0904969159747
3941,1.0689244270324707,8,892,603.0904969159747
3942,1.0689464807510376,8,892,603.0904969159747
3943,1.0688761472702026,8,892,603.0904969159747
3944,1.0687103271484375,8,892,603.0904969159747
3945,1.0690035820007324,8,892,603.0904969159747
3946,1.0686713457107544,8,892,603.0904969159747
3947,1.0687531232833862,8,892,603.0904969159747
3948,1.0687357187271118,8,892,603.0904969159747
3949,1.0686135292053223,8,892,603.0904969159747
3950,1.0692037343978882,8,892,603.0904969159747
3951,1.0686414241790771,8,892,603.0904969159747
3952,1.0687588453292847,8,892,603.0904969159747
3953,1.0687694549560547,8,892,603.0904969159747
3954,1.0686759948730469,8,892,603.0904969159747
3955,1.0687600374221802,8,892,603.0904969159747
3956,1.0687497854232788,8,892,603.0904969159747
3957,1.0688927173614502,8,892,603.0904969159747
3958,1.0689131021499634,8,892,603.0904969159747
3959,1.068842887878418,8,892,603.0904969159747
3960,1.0686845779418945,8,892,603.0904969159747
3961,1.0689787864685059,8,892,603.0904969159747
3962,1.0686380863189697,8,892,603.0904969159747
3963,1.0687214136123657,8,892,603.0904969159747
3964,1.0686891078948975,8,892,603.0904969159747
3965,1.0685763359069824,8,892,603.0904969159747
3966,1.069206953048706,8,892,603.0904969159747
3967,1.0686079263687134,8,892,603.0904969159747
3968,1.068719506263733,8,892,603.0904969159747
3969,1.0687257051467896,8,892,603.0904969159747
3970,1.0686390399932861,8,892,603.0904969159747
3971,1.0687859058380127,8,892,603.0904969159747
3972,1.0687116384506226,8,892,603.0904969159747
3973,1.068848729133606,8,892,603.0904969159747
3974,1.0688625574111938,8,892,603.0904969159747
3975,1.0687968730926514,8,892,603.0904969159747
3976,1.0686343908309937,8,892,603.0904969159747
3977,1.0690186023712158,8,892,603.0904969159747
3978,1.0685855150222778,8,892,603.0904969159747
3979,1.0686662197113037,8,892,603.0904969159747
3980,1.0686477422714233,8,892,603.0904969159747
3981,1.0685224533081055,8,892,603.0904969159747
3982,1.0692594051361084,8,892,603.0904969159747
3983,1.068551778793335,8,892,603.0904969159747
3984,1.068674087524414,8,892,603.0904969159747
3985,1.0686782598495483,8,892,603.0904969159747
3986,1.0685793161392212,8,892,603.0904969159747
3987,1.068851351737976,8,892,603.0904969159747
3988,1.0686532258987427,8,892,603.0904969159747
3989,1.068787932395935,8,892,603.0904969159747
3990,1.0688071250915527,8,892,603.0904969159747
3991,1.0687402486801147,8,892,603.0904969159747
3992,1.0685781240463257,8,892,603.0904969159747
3993,1.0690997838974,8,892,603.0904969159747
3994,1.06853187084198,8,892,603.0904969159747
3995,1.0686074495315552,8,892,603.0904969159747
3996,1.0685880184173584,8,892,603.0904969159747
3997,1.0684916973114014,8,892,603.0904969159747
3998,1.0687636137008667,8,892,603.0904969159747
3999,1.0689465999603271,8,892,603.0904969159747
4000,1.069007396697998,8,892,603.0904969159747
4001,1.0689719915390015,8,892,603.0904969159747
4002,1.0688540935516357,8,892,603.0904969159747
4003,1.0686534643173218,8,892,603.0904969159747
4004,1.068824052810669,8,892,603.0904969159747
4005,1.0685290098190308,8,892,603.0904969159747
4006,1.0685828924179077,8,892,603.0904969159747
4007,1.0685235261917114,8,892,603.0904969159747
4008,1.0687543153762817,8,892,603.0904969159747
4009,1.0686641931533813,8,892,603.0904969159747
4010,1.0688120126724243,8,892,603.0904969159747
4011,1.0688589811325073,8,892,603.0904969159747
4012,1.0688153505325317,8,892,603.0904969159747
4013,1.068673014640808,8,892,603.0904969159747
4014,1.0684545040130615,8,892,603.0904969159747
4015,1.0696512460708618,8,892,603.0904969159747
4016,1.069002628326416,8,892,603.0904969159747
4017,1.0688459873199463,8,892,603.0904969159747
4018,1.0692310333251953,8,892,603.0904969159747
4019,1.0694814920425415,8,892,603.0904969159747
4020,1.0696163177490234,8,892,603.0904969159747
4021,1.0696598291397095,8,892,603.0904969159747
4022,1.0696169137954712,8,892,603.0904969159747
4023,1.0694975852966309,8,892,603.0904969159747
4024,1.0693012475967407,8,892,603.0904969159747
4025,1.0690405368804932,8,892,603.0904969159747
4026,1.0687100887298584,8,892,603.0904969159747
4027,1.0688655376434326,8,892,603.0904969159747
4028,1.0686527490615845,8,892,603.0904969159747
4029,1.0688008069992065,8,892,603.0904969159747
4030,1.0691052675247192,8,892,603.0904969159747
4031,1.0692845582962036,8,892,603.0904969159747
4032,1.0693551301956177,8,892,603.0904969159747
4033,1.069337248802185,8,892,603.0904969159747
4034,1.0692434310913086,8,892,603.0904969159747
4035,1.0690629482269287,8,892,603.0904969159747
4036,1.0688148736953735,8,892,603.0904969159747
4037,1.068501591682434,8,892,603.0904969159747
4038,1.069606900215149,8,892,603.0904969159747
4039,1.0693295001983643,8,892,603.0904969159747
4040,1.0686359405517578,8,892,603.0904969159747
4041,1.0689555406570435,8,892,603.0904969159747
4042,1.0691460371017456,8,892,603.0904969159747
4043,1.0692288875579834,8,892,603.0904969159747
4044,1.0692236423492432,8,892,603.0904969159747
4045,1.069130539894104,8,892,603.0904969159747
4046,1.0689600706100464,8,892,603.0904969159747
4047,1.068720817565918,8,892,603.0904969159747
4048,1.0684059858322144,8,892,603.0904969159747
4049,1.0698860883712769,8,892,603.0904969159747
4050,1.0695850849151611,8,892,603.0904969159747
4051,1.0685592889785767,8,892,603.0904969159747
4052,1.068878173828125,8,892,603.0904969159747
4053,1.0690728425979614,8,892,603.0904969159747
4054,1.069164752960205,8,892,603.0904969159747
4055,1.0691548585891724,8,892,603.0904969159747
4056,1.069067358970642,8,892,603.0904969159747
4057,1.0688986778259277,8,892,603.0904969159747
4058,1.0686622858047485,8,892,603.0904969159747
4059,1.0684187412261963,8,892,603.0904969159747
4060,1.0684645175933838,8,892,603.0904969159747
4061,1.0684731006622314,8,892,603.0904969159747
4062,1.068388819694519,8,892,603.0904969159747
4063,1.0689364671707153,8,892,603.0904969159747
4064,1.068467617034912,8,892,603.0904969159747
4065,1.0685957670211792,8,892,603.0904969159747
4066,1.0686125755310059,8,892,603.0904969159747
4067,1.068548560142517,8,892,603.0904969159747
4068,1.0683894157409668,8,892,603.0904969159747
4069,1.0691452026367188,8,892,603.0904969159747
4070,1.0683419704437256,8,892,603.0904969159747
4071,1.0684200525283813,8,892,603.0904969159747
4072,1.0684006214141846,8,892,603.0904969159747
4073,1.0685644149780273,8,892,603.0904969159747
4074,1.0685721635818481,8,892,603.0904969159747
4075,1.0687443017959595,8,892,603.0904969159747
4076,1.0688016414642334,8,892,603.0904969159747
4077,1.068769097328186,8,892,603.0904969159747
4078,1.0686533451080322,8,892,603.0904969159747
4079,1.0684605836868286,8,892,603.0904969159747
4080,1.0689136981964111,8,892,603.0904969159747
4081,1.0683380365371704,8,892,603.0904969159747
4082,1.0683852434158325,8,892,603.0904969159747
4083,1.068333387374878,8,892,603.0904969159747
4084,1.0688691139221191,8,892,603.0904969159747
4085,1.068454623222351,8,892,603.0904969159747
4086,1.0686041116714478,8,892,603.0904969159747
4087,1.0686461925506592,8,892,603.0904969159747
4088,1.0685927867889404,8,892,603.0904969159747
4089,1.0684633255004883,8,892,603.0904969159747
4090,1.0685731172561646,8,892,603.0904969159747
4091,1.068446159362793,8,892,603.0904969159747
4092,1.0685216188430786,8,892,603.0904969159747
4093,1.06851065158844,8,892,603.0904969159747
4094,1.068410873413086,8,892,603.0904969159747
4095,1.0685900449752808,8,892,603.0904969159747
4096,1.068453311920166,8,892,603.0904969159747
4097,1.0685697793960571,8,892,603.0904969159747
4098,1.0685808658599854,8,892,603.0904969159747
4099,1.0684970617294312,8,892,603.0904969159747
4100,1.0683326721191406,8,892,603.0904969159747
4101,1.0691273212432861,8,892,603.0904969159747
4102,1.0683650970458984,8,892,603.0904969159747
4103,1.0688092708587646,8,892,603.0904969159747
4104,1.0691983699798584,8,892,603.0904969159747
4105,1.0694574117660522,8,892,603.0904969159747
4106,1.0696065425872803,8,892,603.0904969159747
4107,1.069665789604187,8,892,603.0904969159747
4108,1.0696367025375366,8,892,603.0904969159747
4109,1.0695462226867676,8,892,603.0904969159747
4110,1.0693832635879517,8,892,603.0904969159747
4111,1.0691529512405396,8,892,603.0904969159747
4112,1.068863868713379,8,892,603.0904969159747
4113,1.068507432937622,8,892,603.0904969159747
4114,1.0689939260482788,8,892,603.0904969159747
4115,1.068917989730835,8,892,603.0904969159747
4116,1.0685145854949951,8,892,603.0904969159747
4117,1.0687799453735352,8,892,603.0904969159747
4118,1.0689300298690796,8,892,603.0904969159747
4119,1.068981647491455,8,892,603.0904969159747
4120,1.068945288658142,8,892,603.0904969159747
4121,1.0688294172286987,8,892,603.0904969159747
4122,1.0686372518539429,8,892,603.0904969159747
4123,1.0683813095092773,8,892,603.0904969159747
4124,1.0690850019454956,8,892,603.0904969159747
4125,1.0686819553375244,8,892,603.0904969159747
4126,1.0686136484146118,8,892,603.0904969159747
4127,1.0689343214035034,8,892,603.0904969159747
4128,1.069133996963501,8,892,603.0904969159747
4129,1.0692365169525146,8,892,603.0904969159747
4130,1.0692485570907593,8,892,603.0904969159747
4131,1.0691806077957153,8,892,603.0904969159747
4132,1.069036841392517,8,892,603.0904969159747
4133,1.0688283443450928,8,892,603.0904969159747
4134,1.0685511827468872,8,892,603.0904969159747
4135,1.0683352947235107,8,892,603.0904969159747
4136,1.0682792663574219,8,892,603.0904969159747
4137,1.0682568550109863,8,892,603.0904969159747
4138,1.0686054229736328,8,892,603.0904969159747
4139,1.0684220790863037,8,892,603.0904969159747
4140,1.0685821771621704,8,892,603.0904969159747
4141,1.0686415433883667,8,892,603.0904969159747
4142,1.0686038732528687,8,892,603.0904969159747
4143,1.0684866905212402,8,892,603.0904969159747
4144,1.0682945251464844,8,892,603.0904969159747
4145,1.0690298080444336,8,892,603.0904969159747
4146,1.068408727645874,8,892,603.0904969159747
4147,1.068673849105835,8,892,603.0904969159747
4148,1.0690281391143799,8,892,603.0904969159747
4149,1.0692611932754517,8,892,603.0904969159747
4150,1.0693907737731934,8,892,603.0904969159747
4151,1.0694330930709839,8,892,603.0904969159747
4152,1.0693978071212769,8,892,603.0904969159747
4153,1.0692867040634155,8,892,603.0904969159747
4154,1.0691094398498535,8,892,603.0904969159747
4155,1.068870186805725,8,892,603.0904969159747
4156,1.068570613861084,8,892,603.0904969159747
4157,1.0682016611099243,8,892,603.0904969159747
4158,1.0699706077575684,8,892,603.0904969159747
4159,1.069926142692566,8,892,603.0904969159747
4160,1.0682432651519775,8,892,603.0904969159747
4161,1.068894624710083,8,892,603.0904969159747
4162,1.0694317817687988,8,892,603.0904969159747
4163,1.069814682006836,8,892,603.0904969159747
4164,1.0700849294662476,8,892,603.0904969159747
4165,1.0702540874481201,8,892,603.0904969159747
4166,1.0703469514846802,8,892,603.0904969159747
4167,1.0703669786453247,8,892,603.0904969159747
4168,1.0703177452087402,8,892,603.0904969159747
4169,1.0702130794525146,8,892,603.0904969159747
4170,1.070045828819275,8,892,603.0904969159747
4171,1.0698332786560059,8,892,603.0904969159747
4172,1.0695645809173584,8,892,603.0904969159747
4173,1.0692451000213623,8,892,603.0904969159747
4174,1.0688780546188354,8,892,603.0904969159747
4175,1.0684592723846436,8,892,603.0904969159747
4176,1.0689629316329956,8,892,603.0904969159747
4177,1.0691978931427002,8,892,603.0904969159747
4178,1.0682477951049805,8,892,603.0904969159747
4179,1.0684483051300049,8,892,603.0904969159747
4180,1.068547248840332,8,892,603.0904969159747
4181,1.0685502290725708,8,892,603.0904969159747
4182,1.0684667825698853,8,892,603.0904969159747
4183,1.0683112144470215,8,892,603.0904969159747
4184,1.068469762802124,8,892,603.0904969159747
4185,1.068241834640503,8,892,603.0904969159747
4186,1.0683066844940186,8,892,603.0904969159747
4187,1.0682710409164429,8,892,603.0904969159747
4188,1.0681548118591309,8,892,603.0904969159747
4189,1.068930983543396,8,892,603.0904969159747
4190,1.06815767288208,8,892,603.0904969159747
4191,1.0682491064071655,8,892,603.0904969159747
4192,1.0682483911514282,8,892,603.0904969159747
4193,1.0681601762771606,8,892,603.0904969159747
4194,1.0687631368637085,8,892,603.0904969159747
4195,1.0682085752487183,8,892,603.0904969159747
4196,1.06831955909729,8,892,603.0904969159747
4197,1.0683332681655884,8,892,603.0904969159747
4198,1.0682576894760132,8,892,603.0904969159747
4199,1.0682324171066284,8,892,603.0904969159747
4200,1.06833815574646,8,892,603.0904969159747
4201,1.0684555768966675,8,892,603.0904969159747
4202,1.2058906555175781,16,892,603.0904969159747
4203,1.0880262851715088,16,892,603.0904969159747
4204,1.0881482362747192,16,892,603.0904969159747
4205,1.0981963872909546,16,892,603.0904969159747
4206,1.1023377180099487,16,892,603.0904969159747
4207,1.1042404174804688,16,892,603.0904969159747
4208,1.1051437854766846,16,892,603.0904969159747
4209,1.1055670976638794,16,892,603.0904969159747
4210,1.1057264804840088,16,892,603.0904969159747
4211,1.1057324409484863,16,892,603.0904969159747
4212,1.1056488752365112,16,892,603.0904969159747
4213,1.1055028438568115,16,892,603.0904969159747
4214,1.1053255796432495,16,892,603.0904969159747
4215,1.1051141023635864,16,892,603.0904969159747
4216,1.1048792600631714,16,892,603.0904969159747
4217,1.1046303510665894,16,892,603.0904969159747
4218,1.1043695211410522,16,892,603.0904969159747
4219,1.104100227355957,16,892,603.0904969159747
4220,1.103811502456665,16,892,603.0904969159747
4221,1.1035175323486328,16,892,603.0904969159747
4222,1.1032124757766724,16,892,603.0904969159747
4223,1.1028969287872314,16,892,603.0904969159747
4224,1.1025761365890503,16,892,603.0904969159747
4225,1.102243185043335,16,892,603.0904969159747
4226,1.1019030809402466,16,892,603.0904969159747
4227,1.1015557050704956,16,892,603.0904969159747
4228,1.1011987924575806,16,892,603.0904969159747
4229,1.1008403301239014,16,892,603.0904969159747
4230,1.1004695892333984,16,892,603.0904969159747
4231,1.100096583366394,16,892,603.0904969159747
4232,1.0997222661972046,16,892,603.0904969159747
4233,1.0993448495864868,16,892,603.0904969159747
4234,1.0989651679992676,16,892,603.0904969159747
4235,1.0985850095748901,16,892,603.0904969159747
4236,1.0982154607772827,16,892,603.0904969159747
4237,1.0978426933288574,16,892,603.0904969159747
4238,1.097471833229065,16,892,603.0904969159747
4239,1.0971111059188843,16,892,603.0904969159747
4240,1.0967605113983154,16,892,603.0904969159747
4241,1.0964114665985107,16,892,603.0904969159747
4242,1.096075177192688,16,892,603.0904969159747
4243,1.095747470855713,16,892,603.0904969159747
4244,1.0954279899597168,16,892,603.0904969159747
4245,1.0951149463653564,16,892,603.0904969159747
4246,1.0948230028152466,16,892,603.0904969159747
4247,1.0945314168930054,16,892,603.0904969159747
4248,1.0942457914352417,16,892,603.0904969159747
4249,1.0939713716506958,16,892,603.0904969159747
4250,1.0937069654464722,16,892,603.0904969159747
4251,1.0934497117996216,16,892,603.0904969159747
4252,1.0932013988494873,16,892,603.0904969159747
4253,1.0929580926895142,16,892,603.0904969159747
4254,1.0927255153656006,16,892,603.0904969159747
4255,1.0924859046936035,16,892,603.0904969159747
4256,1.0922636985778809,16,892,603.0904969159747
4257,1.0920456647872925,16,892,603.0904969159747
4258,1.0918233394622803,16,892,603.0904969159747
4259,1.0916115045547485,16,892,603.0904969159747
4260,1.0914008617401123,16,892,603.0904969159747
4261,1.0911979675292969,16,892,603.0904969159747
4262,1.09099280834198,16,892,603.0904969159747
4263,1.0907913446426392,16,892,603.0904969159747
4264,1.0905981063842773,16,892,603.0904969159747
4265,1.0904017686843872,16,892,603.0904969159747
4266,1.0902092456817627,16,892,603.0904969159747
4267,1.09002685546875,16,892,603.0904969159747
4268,1.0898445844650269,16,892,603.0904969159747
4269,1.0896644592285156,16,892,603.0904969159747
4270,1.089491367340088,16,892,603.0904969159747
4271,1.0893272161483765,16,892,603.0904969159747
4272,1.0891671180725098,16,892,603.0904969159747
4273,1.0890069007873535,16,892,603.0904969159747
4274,1.0888609886169434,16,892,603.0904969159747
4275,1.0887120962142944,16,892,603.0904969159747
4276,1.0885800123214722,16,892,603.0904969159747
4277,1.0884402990341187,16,892,603.0904969159747
4278,1.0883152484893799,16,892,603.0904969159747
4279,1.0881909132003784,16,892,603.0904969159747
4280,1.088075876235962,16,892,603.0904969159747
4281,1.0879615545272827,16,892,603.0904969159747
4282,1.0878585577011108,16,892,603.0904969159747
4283,1.0877577066421509,16,892,603.0904969159747
4284,1.0876668691635132,16,892,603.0904969159747
4285,1.0875643491744995,16,892,603.0904969159747
4286,1.0874897241592407,16,892,603.0904969159747
4287,1.0874013900756836,16,892,603.0904969159747
4288,1.0873347520828247,16,892,603.0904969159747
4289,1.0872548818588257,16,892,603.0904969159747
4290,1.0871844291687012,16,892,603.0904969159747
4291,1.0871105194091797,16,892,603.0904969159747
4292,1.0870463848114014,16,892,603.0904969159747
4293,1.0869864225387573,16,892,603.0904969159747
4294,1.0869276523590088,16,892,603.0904969159747
4295,1.0868661403656006,16,892,603.0904969159747
4296,1.0868134498596191,16,892,603.0904969159747
4297,1.086756944656372,16,892,603.0904969159747
4298,1.0867007970809937,16,892,603.0904969159747
4299,1.0866528749465942,16,892,603.0904969159747
4300,1.086605429649353,16,892,603.0904969159747
4301,1.086557388305664,16,892,603.0904969159747
4302,1.086510181427002,16,892,603.0904969159747
4303,1.0864660739898682,16,892,603.0904969159747
4304,1.0864242315292358,16,892,603.0904969159747
4305,1.08638334274292,16,892,603.0904969159747
4306,1.086342453956604,16,892,603.0904969159747
4307,1.0863003730773926,16,892,603.0904969159747
4308,1.0862571001052856,16,892,603.0904969159747
4309,1.0862113237380981,16,892,603.0904969159747
4310,1.0861766338348389,16,892,603.0904969159747
4311,1.0861400365829468,16,892,603.0904969159747
4312,1.0861002206802368,16,892,603.0904969159747
4313,1.0860556364059448,16,892,603.0904969159747
4314,1.0860177278518677,16,892,603.0904969159747
4315,1.0859754085540771,16,892,603.0904969159747
4316,1.0859391689300537,16,892,603.0904969159747
4317,1.0859016180038452,16,892,603.0904969159747
4318,1.0858581066131592,16,892,603.0904969159747
4319,1.0858174562454224,16,892,603.0904969159747
4320,1.0857768058776855,16,892,603.0904969159747
4321,1.0857360363006592,16,892,603.0904969159747
4322,1.085699200630188,16,892,603.0904969159747
4323,1.0856595039367676,16,892,603.0904969159747
4324,1.085615873336792,16,892,603.0904969159747
4325,1.0855618715286255,16,892,603.0904969159747
4326,1.0855244398117065,16,892,603.0904969159747
4327,1.0854754447937012,16,892,603.0904969159747
4328,1.0854333639144897,16,892,603.0904969159747
4329,1.0853896141052246,16,892,603.0904969159747
4330,1.085339069366455,16,892,603.0904969159747
4331,1.0852904319763184,16,892,603.0904969159747
4332,1.0852365493774414,16,892,603.0904969159747
4333,1.0851831436157227,16,892,603.0904969159747
4334,1.0851306915283203,16,892,603.0904969159747
4335,1.0850709676742554,16,892,603.0904969159747
4336,1.0850145816802979,16,892,603.0904969159747
4337,1.0849499702453613,16,892,603.0904969159747
4338,1.0848934650421143,16,892,603.0904969159747
4339,1.0848238468170166,16,892,603.0904969159747
4340,1.0847580432891846,16,892,603.0904969159747
4341,1.084682822227478,16,892,603.0904969159747
4342,1.0846059322357178,16,892,603.0904969159747
4343,1.0845268964767456,16,892,603.0904969159747
4344,1.08444082736969,16,892,603.0904969159747
4345,1.084355354309082,16,892,603.0904969159747
4346,1.0842536687850952,16,892,603.0904969159747
4347,1.0841560363769531,16,892,603.0904969159747
4348,1.0840438604354858,16,892,603.0904969159747
4349,1.0839259624481201,16,892,603.0904969159747
4350,1.0837974548339844,16,892,603.0904969159747
4351,1.0836689472198486,16,892,603.0904969159747
4352,1.0835200548171997,16,892,603.0904969159747
4353,1.083369493484497,16,892,603.0904969159747
4354,1.0831934213638306,16,892,603.0904969159747
4355,1.0830118656158447,16,892,603.0904969159747
4356,1.0828113555908203,16,892,603.0904969159747
4357,1.0825883150100708,16,892,603.0904969159747
4358,1.082350492477417,16,892,603.0904969159747
4359,1.082079291343689,16,892,603.0904969159747
4360,1.0817912817001343,16,892,603.0904969159747
4361,1.0814661979675293,16,892,603.0904969159747
4362,1.0811129808425903,16,892,603.0904969159747
4363,1.0807188749313354,16,892,603.0904969159747
4364,1.0802912712097168,16,892,603.0904969159747
4365,1.0798170566558838,16,892,603.0904969159747
4366,1.0792917013168335,16,892,603.0904969159747
4367,1.0787110328674316,16,892,603.0904969159747
4368,1.0780869722366333,16,892,603.0904969159747
4369,1.0773978233337402,16,892,603.0904969159747
4370,1.0766546726226807,16,892,603.0904969159747
4371,1.075858235359192,16,892,603.0904969159747
4372,1.075020670890808,16,892,603.0904969159747
4373,1.0741403102874756,16,892,603.0904969159747
4374,1.0732372999191284,16,892,603.0904969159747
4375,1.0723177194595337,16,892,603.0904969159747
4376,1.0714144706726074,16,892,603.0904969159747
4377,1.0705382823944092,16,892,603.0904969159747
4378,1.0697031021118164,16,892,603.0904969159747
4379,1.0689187049865723,16,892,603.0904969159747
4380,1.06820809841156,16,892,603.0904969159747
4381,1.06757652759552,16,892,603.0904969159747
4382,1.0669982433319092,16,892,603.0904969159747
4383,1.0664982795715332,16,892,603.0904969159747
4384,1.06605064868927,16,892,603.0904969159747
4385,1.0656490325927734,16,892,603.0904969159747
4386,1.0652976036071777,16,892,603.0904969159747
4387,1.0649739503860474,16,892,603.0904969159747
4388,1.0646723508834839,16,892,603.0904969159747
4389,1.0643991231918335,16,892,603.0904969159747
4390,1.0641406774520874,16,892,603.0904969159747
4391,1.0642307996749878,16,892,603.0904969159747
4392,1.0647331476211548,16,892,603.0904969159747
4393,1.0650568008422852,16,892,603.0904969159747
4394,1.0652072429656982,16,892,603.0904969159747
4395,1.0652008056640625,16,892,603.0904969159747
4396,1.0650519132614136,16,892,603.0904969159747
4397,1.0647844076156616,16,892,603.0904969159747
4398,1.0644205808639526,16,892,603.0904969159747
4399,1.0639820098876953,16,892,603.0904969159747
4400,1.0641087293624878,16,892,603.0904969159747
4401,1.0642470121383667,16,892,603.0904969159747
4402,1.064362645149231,16,892,603.0904969159747
4403,1.0644423961639404,16,892,603.0904969159747
4404,1.0645039081573486,16,892,603.0904969159747
4405,1.0645400285720825,16,892,603.0904969159747
4406,1.0645561218261719,16,892,603.0904969159747
4407,1.064557433128357,16,892,603.0904969159747
4408,1.064536213874817,16,892,603.0904969159747
4409,1.0645029544830322,16,892,603.0904969159747
4410,1.0644588470458984,16,892,603.0904969159747
4411,1.0644134283065796,16,892,603.0904969159747
4412,1.0643359422683716,16,892,603.0904969159747
4413,1.064261794090271,16,892,603.0904969159747
4414,1.064183235168457,16,892,603.0904969159747
4415,1.0640944242477417,16,892,603.0904969159747
4416,1.0639969110488892,16,892,603.0904969159747
4417,1.0638997554779053,16,892,603.0904969159747
4418,1.0640848875045776,16,892,603.0904969159747
4419,1.064225673675537,16,892,603.0904969159747
4420,1.0642426013946533,16,892,603.0904969159747
4421,1.0641467571258545,16,892,603.0904969159747
4422,1.0639562606811523,16,892,603.0904969159747
4423,1.0639253854751587,16,892,603.0904969159747
4424,1.063987374305725,16,892,603.0904969159747
4425,1.0640400648117065,16,892,603.0904969159747
4426,1.0640697479248047,16,892,603.0904969159747
4427,1.064084529876709,16,892,603.0904969159747
4428,1.0640734434127808,16,892,603.0904969159747
4429,1.0640581846237183,16,892,603.0904969159747
4430,1.0640240907669067,16,892,603.0904969159747
4431,1.0639797449111938,16,892,603.0904969159747
4432,1.0639303922653198,16,892,603.0904969159747
4433,1.0638638734817505,16,892,603.0904969159747
4434,1.0638865232467651,16,892,603.0904969159747
4435,1.0639498233795166,16,892,603.0904969159747
4436,1.0639034509658813,16,892,603.0904969159747
4437,1.0638253688812256,16,892,603.0904969159747
4438,1.0638540983200073,16,892,603.0904969159747
4439,1.063862919807434,16,892,603.0904969159747
4440,1.06386137008667,16,892,603.0904969159747
4441,1.0638428926467896,16,892,603.0904969159747
4442,1.0638115406036377,16,892,603.0904969159747
4443,1.0638389587402344,16,892,603.0904969159747
4444,1.063832402229309,16,892,603.0904969159747
4445,1.0638049840927124,16,892,603.0904969159747
4446,1.0638290643692017,16,892,603.0904969159747
4447,1.063820242881775,16,892,603.0904969159747
4448,1.0638073682785034,16,892,603.0904969159747
4449,1.0637818574905396,16,892,603.0904969159747
4450,1.0638371706008911,16,892,603.0904969159747
4451,1.0638214349746704,16,892,603.0904969159747
4452,1.0637820959091187,16,892,603.0904969159747
4453,1.0638015270233154,16,892,603.0904969159747
4454,1.063806414604187,16,892,603.0904969159747
4455,1.0637891292572021,16,892,603.0904969159747
4456,1.063767433166504,16,892,603.0904969159747
4457,1.0637956857681274,16,892,603.0904969159747
4458,1.0637787580490112,16,892,603.0904969159747
4459,1.063773274421692,16,892,603.0904969159747
4460,1.0637928247451782,16,892,603.0904969159747
4461,1.0637997388839722,16,892,603.0904969159747
4462,1.06378972530365,16,892,603.0904969159747
4463,1.0637617111206055,16,892,603.0904969159747
4464,1.0637401342391968,16,892,603.0904969159747
4465,1.0637314319610596,16,892,603.0904969159747
4466,1.063745141029358,16,892,603.0904969159747
4467,1.0637435913085938,16,892,603.0904969159747
4468,1.0637489557266235,16,892,603.0904969159747
4469,1.0637426376342773,16,892,603.0904969159747
4470,1.063719630241394,16,892,603.0904969159747
4471,1.0637662410736084,16,892,603.0904969159747
4472,1.0637400150299072,16,892,603.0904969159747
4473,1.0637342929840088,16,892,603.0904969159747
4474,1.0637637376785278,16,892,603.0904969159747
4475,1.06376051902771,16,892,603.0904969159747
4476,1.0637588500976562,16,892,603.0904969159747
4477,1.063730001449585,16,892,603.0904969159747
4478,1.0636953115463257,16,892,603.0904969159747
4479,1.0637937784194946,16,892,603.0904969159747
4480,1.0637985467910767,16,892,603.0904969159747
4481,1.0637034177780151,16,892,603.0904969159747
4482,1.0637446641921997,16,892,603.0904969159747
4483,1.063787817955017,16,892,603.0904969159747
4484,1.0638145208358765,16,892,603.0904969159747
4485,1.0638235807418823,16,892,603.0904969159747
4486,1.0638164281845093,16,892,603.0904969159747
4487,1.0637861490249634,16,892,603.0904969159747
4488,1.0637480020523071,16,892,603.0904969159747
4489,1.0636998414993286,16,892,603.0904969159747
4490,1.0637168884277344,16,892,603.0904969159747
4491,1.0637485980987549,16,892,603.0904969159747
4492,1.0636779069900513,16,892,603.0904969159747
4493,1.063707709312439,16,892,603.0904969159747
4494,1.063744306564331,16,892,603.0904969159747
4495,1.0637667179107666,16,892,603.0904969159747
4496,1.06377375125885,16,892,603.0904969159747
4497,1.0637555122375488,16,892,603.0904969159747
4498,1.0637245178222656,16,892,603.0904969159747
4499,1.0636810064315796,16,892,603.0904969159747
4500,1.0636684894561768,16,892,603.0904969159747
4501,1.063686728477478,16,892,603.0904969159747
4502,1.063647985458374,16,892,603.0904969159747
4503,1.0636613368988037,16,892,603.0904969159747
4504,1.063652515411377,16,892,603.0904969159747
4505,1.0636314153671265,16,892,603.0904969159747
4506,1.0637028217315674,16,892,603.0904969159747
4507,1.0636767148971558,16,892,603.0904969159747
4508,1.0636485815048218,16,892,603.0904969159747
4509,1.0636740922927856,16,892,603.0904969159747
4510,1.0636823177337646,16,892,603.0904969159747
4511,1.0636767148971558,16,892,603.0904969159747
4512,1.063651204109192,16,892,603.0904969159747
4513,1.0636231899261475,16,892,603.0904969159747
4514,1.0636136531829834,16,892,603.0904969159747
4515,1.0636297464370728,16,892,603.0904969159747
4516,1.0636264085769653,16,892,603.0904969159747
4517,1.063636064529419,16,892,603.0904969159747
4518,1.063632845878601,16,892,603.0904969159747
4519,1.0636099576950073,16,892,603.0904969159747
4520,1.0636703968048096,16,892,603.0904969159747
4521,1.063647985458374,16,892,603.0904969159747
4522,1.063625693321228,16,892,603.0904969159747
4523,1.0636476278305054,16,892,603.0904969159747
4524,1.0636554956436157,16,892,603.0904969159747
4525,1.0636446475982666,16,892,603.0904969159747
4526,1.0636121034622192,16,892,603.0904969159747
4527,1.063616156578064,16,892,603.0904969159747
4528,1.0636012554168701,16,892,603.0904969159747
4529,1.0636173486709595,16,892,603.0904969159747
4530,1.0636460781097412,16,892,603.0904969159747
4531,1.0636489391326904,16,892,603.0904969159747
4532,1.0636353492736816,16,892,603.0904969159747
4533,1.063607931137085,16,892,603.0904969159747
4534,1.0636043548583984,16,892,603.0904969159747
4535,1.0635924339294434,16,892,603.0904969159747
4536,1.0636111497879028,16,892,603.0904969159747
4537,1.0636276006698608,16,892,603.0904969159747
4538,1.0636310577392578,16,892,603.0904969159747
4539,1.0636157989501953,16,892,603.0904969159747
4540,1.0635837316513062,16,892,603.0904969159747
4541,1.063616394996643,16,892,603.0904969159747
4542,1.0636051893234253,16,892,603.0904969159747
4543,1.0635849237442017,16,892,603.0904969159747
4544,1.0636075735092163,16,892,603.0904969159747
4545,1.0636093616485596,16,892,603.0904969159747
4546,1.063601016998291,16,892,603.0904969159747
4547,1.0635653734207153,16,892,603.0904969159747
4548,1.0636401176452637,16,892,603.0904969159747
4549,1.0636314153671265,16,892,603.0904969159747
4550,1.0635576248168945,16,892,603.0904969159747
4551,1.0635812282562256,16,892,603.0904969159747
4552,1.0635830163955688,16,892,603.0904969159747
4553,1.0635707378387451,16,892,603.0904969159747
4554,1.06355881690979,16,892,603.0904969159747
4555,1.0635484457015991,16,892,603.0904969159747
4556,1.0635391473770142,16,892,603.0904969159747
4557,1.0635781288146973,16,892,603.0904969159747
4558,1.0635502338409424,16,892,603.0904969159747
4559,1.0635501146316528,16,892,603.0904969159747
4560,1.0635360479354858,16,892,603.0904969159747
4561,1.0635589361190796,16,892,603.0904969159747
4562,1.0635699033737183,16,892,603.0904969159747
4563,1.0635610818862915,16,892,603.0904969159747
4564,1.0635309219360352,16,892,603.0904969159747
4565,1.0636175870895386,16,892,603.0904969159747
4566,1.0636000633239746,16,892,603.0904969159747
4567,1.0635486841201782,16,892,603.0904969159747
4568,1.0635675191879272,16,892,603.0904969159747
4569,1.0635801553726196,16,892,603.0904969159747
4570,1.0635614395141602,16,892,603.0904969159747
4571,1.0635342597961426,16,892,603.0904969159747
4572,1.0636037588119507,16,892,603.0904969159747
4573,1.0635920763015747,16,892,603.0904969159747
4574,1.063533902168274,16,892,603.0904969159747
4575,1.0635592937469482,16,892,603.0904969159747
4576,1.0635592937469482,16,892,603.0904969159747
4577,1.0635442733764648,16,892,603.0904969159747
4578,1.0635076761245728,16,892,603.0904969159747
4579,1.0636297464370728,16,892,603.0904969159747
4580,1.0636210441589355,16,892,603.0904969159747
4581,1.0635123252868652,16,892,603.0904969159747
4582,1.0635360479354858,16,892,603.0904969159747
4583,1.0635364055633545,16,892,603.0904969159747
4584,1.0635169744491577,16,892,603.0904969159747
4585,1.0635473728179932,16,892,603.0904969159747
4586,1.063503623008728,16,892,603.0904969159747
4587,1.0635563135147095,16,892,603.0904969159747
4588,1.0635921955108643,16,892,603.0904969159747
4589,1.0636128187179565,16,892,603.0904969159747
4590,1.0635955333709717,16,892,603.0904969159747
4591,1.0635677576065063,16,892,603.0904969159747
4592,1.0635185241699219,16,892,603.0904969159747
4593,1.0635733604431152,16,892,603.0904969159747
4594,1.06358802318573,16,892,603.0904969159747
4595,1.0634883642196655,16,892,603.0904969159747
4596,1.0635077953338623,16,892,603.0904969159747
4597,1.0635015964508057,16,892,603.0904969159747
4598,1.0634937286376953,16,892,603.0904969159747
4599,1.0635122060775757,16,892,603.0904969159747
4600,1.0635178089141846,16,892,603.0904969159747
4601,1.0634925365447998,16,892,603.0904969159747
4602,1.0635316371917725,16,892,603.0904969159747
4603,1.063482642173767,16,892,603.0904969159747
4604,1.0635480880737305,16,892,603.0904969159747
4605,1.0635854005813599,16,892,603.0904969159747
4606,1.0636013746261597,16,892,603.0904969159747
4607,1.0635907649993896,16,892,603.0904969159747
4608,1.063555121421814,16,892,603.0904969159747
4609,1.0635069608688354,16,892,603.0904969159747
4610,1.063545823097229,16,892,603.0904969159747
4611,1.063560962677002,16,892,603.0904969159747
4612,1.0634765625,16,892,603.0904969159747
4613,1.0634958744049072,16,892,603.0904969159747
4614,1.0634894371032715,16,892,603.0904969159747
4615,1.0634697675704956,16,892,603.0904969159747
4616,1.0635727643966675,16,892,603.0904969159747
4617,1.0635391473770142,16,892,603.0904969159747
4618,1.063502311706543,16,892,603.0904969159747
4619,1.063531517982483,16,892,603.0904969159747
4620,1.0635414123535156,16,892,603.0904969159747
4621,1.063530683517456,16,892,603.0904969159747
4622,1.0634939670562744,16,892,603.0904969159747
4623,1.0635064840316772,16,892,603.0904969159747
4624,1.063491702079773,16,892,603.0904969159747
4625,1.063498854637146,16,892,603.0904969159747
4626,1.0635324716567993,16,892,603.0904969159747
4627,1.0635371208190918,16,892,603.0904969159747
4628,1.063523292541504,16,892,603.0904969159747
4629,1.063476324081421,16,892,603.0904969159747
4630,1.0635360479354858,16,892,603.0904969159747
4631,1.0635279417037964,16,892,603.0904969159747
4632,1.0634788274765015,16,892,603.0904969159747
4633,1.0635011196136475,16,892,603.0904969159747
4634,1.063503623008728,16,892,603.0904969159747
4635,1.063483715057373,16,892,603.0904969159747
4636,1.0634548664093018,16,892,603.0904969159747
4637,1.063458800315857,16,892,603.0904969159747
4638,1.0634554624557495,16,892,603.0904969159747
4639,1.0634982585906982,16,892,603.0904969159747
4640,1.0634523630142212,16,892,603.0904969159747
4641,1.063460350036621,16,892,603.0904969159747
4642,1.0634593963623047,16,892,603.0904969159747
4643,1.0634690523147583,16,892,603.0904969159747
4644,1.0634844303131104,16,892,603.0904969159747
4645,1.0634666681289673,16,892,603.0904969159747
4646,1.0634533166885376,16,892,603.0904969159747
4647,1.0634596347808838,16,892,603.0904969159747
4648,1.0634559392929077,16,892,603.0904969159747
4649,1.0634573698043823,16,892,603.0904969159747
4650,1.0634616613388062,16,892,603.0904969159747
4651,1.0634706020355225,16,892,603.0904969159747
4652,1.0634502172470093,16,892,603.0904969159747
4653,1.0634897947311401,16,892,603.0904969159747
4654,1.063432216644287,16,892,603.0904969159747
4655,1.0634403228759766,16,892,603.0904969159747
4656,1.0634825229644775,16,892,603.0904969159747
4657,1.0635111331939697,16,892,603.0904969159747
4658,1.0634995698928833,16,892,603.0904969159747
4659,1.0634733438491821,16,892,603.0904969159747
4660,1.0634281635284424,16,892,603.0904969159747
4661,1.0634427070617676,16,892,603.0904969159747
4662,1.0634275674819946,16,892,603.0904969159747
4663,1.0634971857070923,16,892,603.0904969159747
4664,1.0634241104125977,16,892,603.0904969159747
4665,1.0635119676589966,16,892,603.0904969159747
4666,1.063568115234375,16,892,603.0904969159747
4667,1.0635907649993896,16,892,603.0904969159747
4668,1.06358003616333,16,892,603.0904969159747
4669,1.0635385513305664,16,892,603.0904969159747
4670,1.0634840726852417,16,892,603.0904969159747
4671,1.0634373426437378,16,892,603.0904969159747
4672,1.0634548664093018,16,892,603.0904969159747
4673,1.0634584426879883,16,892,603.0904969159747
4674,1.063477635383606,16,892,603.0904969159747
4675,1.0634808540344238,16,892,603.0904969159747
4676,1.0634490251541138,16,892,603.0904969159747
4677,1.0634633302688599,16,892,603.0904969159747
4678,1.0634243488311768,16,892,603.0904969159747
4679,1.0634843111038208,16,892,603.0904969159747
4680,1.0635346174240112,16,892,603.0904969159747
4681,1.0635424852371216,16,892,603.0904969159747
4682,1.0635243654251099,16,892,603.0904969159747
4683,1.0634804964065552,16,892,603.0904969159747
4684,1.0634177923202515,16,892,603.0904969159747
4685,1.0636106729507446,16,892,603.0904969159747
4686,1.0636451244354248,16,892,603.0904969159747
4687,1.0635135173797607,16,892,603.0904969159747
4688,1.0634725093841553,16,892,603.0904969159747
4689,1.0635510683059692,16,892,603.0904969159747
4690,1.0635937452316284,16,892,603.0904969159747
4691,1.0635929107666016,16,892,603.0904969159747
4692,1.0635738372802734,16,892,603.0904969159747
4693,1.0635203123092651,16,892,603.0904969159747
4694,1.063449740409851,16,892,603.0904969159747
4695,1.063521146774292,16,892,603.0904969159747
4696,1.0635629892349243,16,892,603.0904969159747
4697,1.0634369850158691,16,892,603.0904969159747
4698,1.063501000404358,16,892,603.0904969159747
4699,1.06356942653656,16,892,603.0904969159747
4700,1.0636115074157715,16,892,603.0904969159747
4701,1.0636166334152222,16,892,603.0904969159747
4702,1.0635886192321777,16,892,603.0904969159747
4703,1.063535213470459,16,892,603.0904969159747
4704,1.0634546279907227,16,892,603.0904969159747
4705,1.0634907484054565,16,892,603.0904969159747
4706,1.063538908958435,16,892,603.0904969159747
4707,1.0634139776229858,16,892,603.0904969159747
4708,1.0634979009628296,16,892,603.0904969159747
4709,1.063578486442566,16,892,603.0904969159747
4710,1.063608169555664,16,892,603.0904969159747
4711,1.0636144876480103,16,892,603.0904969159747
4712,1.0635849237442017,16,892,603.0904969159747
4713,1.063533902168274,16,892,603.0904969159747
4714,1.063450813293457,16,892,603.0904969159747
4715,1.0634880065917969,16,892,603.0904969159747
4716,1.0635377168655396,16,892,603.0904969159747
4717,1.0634146928787231,16,892,603.0904969159747
4718,1.0634907484054565,16,892,603.0904969159747
4719,1.0635663270950317,16,892,603.0904969159747
4720,1.0636037588119507,16,892,603.0904969159747
4721,1.0636073350906372,16,892,603.0904969159747
4722,1.063578486442566,16,892,603.0904969159747
4723,1.0635287761688232,16,892,603.0904969159747
4724,1.0634443759918213,16,892,603.0904969159747
4725,1.0635005235671997,16,892,603.0904969159747
4726,1.0635521411895752,16,892,603.0904969159747
4727,1.063428521156311,16,892,603.0904969159747
4728,1.0634827613830566,16,892,603.0904969159747
4729,1.063559651374817,16,892,603.0904969159747
4730,1.0635970830917358,16,892,603.0904969159747
4731,1.0635981559753418,16,892,603.0904969159747
4732,1.0635700225830078,16,892,603.0904969159747
4733,1.0635135173797607,16,892,603.0904969159747
4734,1.063429594039917,16,892,603.0904969159747
4735,1.0635199546813965,16,892,603.0904969159747
4736,1.0635732412338257,16,892,603.0904969159747
4737,1.063448190689087,16,892,603.0904969159747
4738,1.0634766817092896,16,892,603.0904969159747
4739,1.0635480880737305,16,892,603.0904969159747
4740,1.0635828971862793,16,892,603.0904969159747
4741,1.0635902881622314,16,892,603.0904969159747
4742,1.0635570287704468,16,892,603.0904969159747
4743,1.0635026693344116,16,892,603.0904969159747
4744,1.0634195804595947,16,892,603.0904969159747
4745,1.0635449886322021,16,892,603.0904969159747
4746,1.0635985136032104,16,892,603.0904969159747
4747,1.0634709596633911,16,892,603.0904969159747
4748,1.0634585618972778,16,892,603.0904969159747
4749,1.0635398626327515,16,892,603.0904969159747
4750,1.063583493232727,16,892,603.0904969159747
4751,1.0635799169540405,16,892,603.0904969159747
4752,1.0635486841201782,16,892,603.0904969159747
4753,1.063488483428955,16,892,603.0904969159747
4754,1.0634006261825562,16,892,603.0904969159747
4755,1.0635673999786377,16,892,603.0904969159747
4756,1.0636235475540161,16,892,603.0904969159747
4757,1.063496470451355,16,892,603.0904969159747
4758,1.0634435415267944,16,892,603.0904969159747
4759,1.06351900100708,16,892,603.0904969159747
4760,1.0635592937469482,16,892,603.0904969159747
4761,1.063568115234375,16,892,603.0904969159747
4762,1.0635359287261963,16,892,603.0904969159747
4763,1.0634716749191284,16,892,603.0904969159747
4764,1.0633854866027832,16,892,603.0904969159747
4765,1.0635957717895508,16,892,603.0904969159747
4766,1.0636523962020874,16,892,603.0904969159747
4767,1.0635216236114502,16,892,603.0904969159747
4768,1.0634315013885498,16,892,603.0904969159747
4769,1.063509464263916,16,892,603.0904969159747
4770,1.0635457038879395,16,892,603.0904969159747
4771,1.0635474920272827,16,892,603.0904969159747
4772,1.0635157823562622,16,892,603.0904969159747
4773,1.0634526014328003,16,892,603.0904969159747
4774,1.063371181488037,16,892,603.0904969159747
4775,1.0636252164840698,16,892,603.0904969159747
4776,1.0636804103851318,16,892,603.0904969159747
4777,1.0635489225387573,16,892,603.0904969159747
4778,1.0634124279022217,16,892,603.0904969159747
4779,1.0634944438934326,16,892,603.0904969159747
4780,1.0635422468185425,16,892,603.0904969159747
4781,1.0635344982147217,16,892,603.0904969159747
4782,1.0635061264038086,16,892,603.0904969159747
4783,1.0634442567825317,16,892,603.0904969159747
4784,1.0633848905563354,16,892,603.0904969159747
4785,1.0633859634399414,16,892,603.0904969159747
4786,1.0634263753890991,16,892,603.0904969159747
4787,1.0634642839431763,16,892,603.0904969159747
4788,1.063458800315857,16,892,603.0904969159747
4789,1.06343412399292,16,892,603.0904969159747
4790,1.0633713006973267,16,892,603.0904969159747
4791,1.0635638236999512,16,892,603.0904969159747
4792,1.0635722875595093,16,892,603.0904969159747
4793,1.063388705253601,16,892,603.0904969159747
4794,1.0634934902191162,16,892,603.0904969159747
4795,1.0635915994644165,16,892,603.0904969159747
4796,1.0636414289474487,16,892,603.0904969159747
4797,1.0636574029922485,16,892,603.0904969159747
4798,1.063637137413025,16,892,603.0904969159747
4799,1.0635768175125122,16,892,603.0904969159747
4800,1.0634971857070923,16,892,603.0904969159747
4801,1.0633870363235474,16,892,603.0904969159747
4802,1.0636053085327148,16,892,603.0904969159747
4803,1.0636978149414062,16,892,603.0904969159747
4804,1.0635987520217896,16,892,603.0904969159747
4805,1.063371181488037,16,892,603.0904969159747
4806,1.063440203666687,16,892,603.0904969159747
4807,1.0634700059890747,16,892,603.0904969159747
4808,1.0634632110595703,16,892,603.0904969159747
4809,1.0634212493896484,16,892,603.0904969159747
4810,1.0633522272109985,16,892,603.0904969159747
4811,1.0635837316513062,16,892,603.0904969159747
4812,1.0635986328125,16,892,603.0904969159747
4813,1.0634249448776245,16,892,603.0904969159747
4814,1.0634697675704956,16,892,603.0904969159747
4815,1.0635652542114258,16,892,603.0904969159747
4816,1.0636166334152222,16,892,603.0904969159747
4817,1.0636290311813354,16,892,603.0904969159747
4818,1.0636101961135864,16,892,603.0904969159747
4819,1.0635484457015991,16,892,603.0904969159747
4820,1.06345534324646,16,892,603.0904969159747
4821,1.0633577108383179,16,892,603.0904969159747
4822,1.0634074211120605,16,892,603.0904969159747
4823,1.0633845329284668,16,892,603.0904969159747
4824,1.0634071826934814,16,892,603.0904969159747
4825,1.0633935928344727,16,892,603.0904969159747
4826,1.0633472204208374,16,892,603.0904969159747
4827,1.0633889436721802,16,892,603.0904969159747
4828,1.0633867979049683,16,892,603.0904969159747
4829,1.0633533000946045,16,892,603.0904969159747
4830,1.0634808540344238,16,892,603.0904969159747
4831,1.063422441482544,16,892,603.0904969159747
4832,1.0634164810180664,16,892,603.0904969159747
4833,1.0634769201278687,16,892,603.0904969159747
4834,1.0634909868240356,16,892,603.0904969159747
4835,1.0634753704071045,16,892,603.0904969159747
4836,1.063418984413147,16,892,603.0904969159747
4837,1.0633606910705566,16,892,603.0904969159747
4838,1.0633448362350464,16,892,603.0904969159747
4839,1.0634033679962158,16,892,603.0904969159747
4840,1.0633721351623535,16,892,603.0904969159747
4841,1.0633925199508667,16,892,603.0904969159747
4842,1.063369631767273,16,892,603.0904969159747
4843,1.0633877515792847,16,892,603.0904969159747
4844,1.063353419303894,16,892,603.0904969159747
4845,1.0633522272109985,16,892,603.0904969159747
4846,1.063390851020813,16,892,603.0904969159747
4847,1.063366174697876,16,892,603.0904969159747
4848,1.0633788108825684,16,892,603.0904969159747
4849,1.0633546113967896,16,892,603.0904969159747
4850,1.0634469985961914,16,892,603.0904969159747
4851,1.0633714199066162,16,892,603.0904969159747
4852,1.0634310245513916,16,892,603.0904969159747
4853,1.063501238822937,16,892,603.0904969159747
4854,1.0635205507278442,16,892,603.0904969159747
4855,1.0635120868682861,16,892,603.0904969159747
4856,1.0634567737579346,16,892,603.0904969159747
4857,1.063377857208252,16,892,603.0904969159747
4858,1.0635076761245728,16,892,603.0904969159747
4859,1.063539743423462,16,892,603.0904969159747
4860,1.0633662939071655,16,892,603.0904969159747
4861,1.0634682178497314,16,892,603.0904969159747
4862,1.0635709762573242,16,892,603.0904969159747
4863,1.0636202096939087,16,892,603.0904969159747
4864,1.063633918762207,16,892,603.0904969159747
4865,1.063602089881897,16,892,603.0904969159747
4866,1.0635327100753784,16,892,603.0904969159747
4867,1.0634396076202393,16,892,603.0904969159747
4868,1.0633716583251953,16,892,603.0904969159747
4869,1.0634320974349976,16,892,603.0904969159747
4870,1.063355565071106,16,892,603.0904969159747
4871,1.0633738040924072,16,892,603.0904969159747
4872,1.063359022140503,16,892,603.0904969159747
4873,1.0633882284164429,16,892,603.0904969159747
4874,1.0633472204208374,16,892,603.0904969159747
4875,1.063346266746521,16,892,603.0904969159747
4876,1.0633749961853027,16,892,603.0904969159747
4877,1.063367486000061,16,892,603.0904969159747
4878,1.063375473022461,16,892,603.0904969159747
4879,1.0633502006530762,16,892,603.0904969159747
4880,1.0634181499481201,16,892,603.0904969159747
4881,1.06333589553833,16,892,603.0904969159747
4882,1.063439965248108,16,892,603.0904969159747
4883,1.0635161399841309,16,892,603.0904969159747
4884,1.0635385513305664,16,892,603.0904969159747
4885,1.0635229349136353,16,892,603.0904969159747
4886,1.0634647607803345,16,892,603.0904969159747
4887,1.0633822679519653,16,892,603.0904969159747
4888,1.063468098640442,16,892,603.0904969159747
4889,1.0635038614273071,16,892,603.0904969159747
4890,1.063326120376587,16,892,603.0904969159747
4891,1.0633563995361328,16,892,603.0904969159747
4892,1.0633423328399658,16,892,603.0904969159747
4893,1.0633842945098877,16,892,603.0904969159747
4894,1.0633463859558105,16,892,603.0904969159747
4895,1.0633488893508911,16,892,603.0904969159747
4896,1.063334345817566,16,892,603.0904969159747
4897,1.063378930091858,16,892,603.0904969159747
4898,1.0633882284164429,16,892,603.0904969159747
4899,1.0633692741394043,16,892,603.0904969159747
4900,1.0633467435836792,16,892,603.0904969159747
4901,1.063346028327942,16,892,603.0904969159747
4902,1.0633447170257568,16,892,603.0904969159747
4903,1.0633636713027954,16,892,603.0904969159747
4904,1.0633572340011597,16,892,603.0904969159747
4905,1.06336510181427,16,892,603.0904969159747
4906,1.0633362531661987,16,892,603.0904969159747
4907,1.0634371042251587,16,892,603.0904969159747
4908,1.0633587837219238,16,892,603.0904969159747
4909,1.063420295715332,16,892,603.0904969159747
4910,1.0634896755218506,16,892,603.0904969159747
4911,1.0635136365890503,16,892,603.0904969159747
4912,1.0634912252426147,16,892,603.0904969159747
4913,1.0634346008300781,16,892,603.0904969159747
4914,1.063349723815918,16,892,603.0904969159747
4915,1.063518762588501,16,892,603.0904969159747
4916,1.0635579824447632,16,892,603.0904969159747
4917,1.0633758306503296,16,892,603.0904969159747
4918,1.0634472370147705,16,892,603.0904969159747
4919,1.0635497570037842,16,892,603.0904969159747
4920,1.0636073350906372,16,892,603.0904969159747
4921,1.0636197328567505,16,892,603.0904969159747
4922,1.0635844469070435,16,892,603.0904969159747
4923,1.0635170936584473,16,892,603.0904969159747
4924,1.0634149312973022,16,892,603.0904969159747
4925,1.0633883476257324,16,892,603.0904969159747
4926,1.0634528398513794,16,892,603.0904969159747
4927,1.0633240938186646,16,892,603.0904969159747
4928,1.0633423328399658,16,892,603.0904969159747
4929,1.0633283853530884,16,892,603.0904969159747
4930,1.0634057521820068,16,892,603.0904969159747
4931,1.063315987586975,16,892,603.0904969159747
4932,1.0633147954940796,16,892,603.0904969159747
4933,1.0633965730667114,16,892,603.0904969159747
4934,1.0633347034454346,16,892,603.0904969159747
4935,1.0633476972579956,16,892,603.0904969159747
4936,1.0633184909820557,16,892,603.0904969159747
4937,1.0634454488754272,16,892,603.0904969159747
4938,1.0633567571640015,16,892,603.0904969159747
4939,1.0634102821350098,16,892,603.0904969159747
4940,1.0634821653366089,16,892,603.0904969159747
4941,1.0635144710540771,16,892,603.0904969159747
4942,1.0634956359863281,16,892,603.0904969159747
4943,1.063435673713684,16,892,603.0904969159747
4944,1.0633430480957031,16,892,603.0904969159747
4945,1.0635013580322266,16,892,603.0904969159747
4946,1.0635374784469604,16,892,603.0904969159747
4947,1.0633448362350464,16,892,603.0904969159747
4948,1.0634593963623047,16,892,603.0904969159747
4949,1.063567042350769,16,892,603.0904969159747
4950,1.0636240243911743,16,892,603.0904969159747
4951,1.0636285543441772,16,892,603.0904969159747
4952,1.0635980367660522,16,892,603.0904969159747
4953,1.0635231733322144,16,892,603.0904969159747
4954,1.0634173154830933,16,892,603.0904969159747
4955,1.0633493661880493,16,892,603.0904969159747
4956,1.0634151697158813,16,892,603.0904969159747
4957,1.063331127166748,16,892,603.0904969159747
4958,1.0633492469787598,16,892,603.0904969159747
4959,1.0633355379104614,16,892,603.0904969159747
4960,1.0633684396743774,16,892,603.0904969159747
4961,1.063321590423584,16,892,603.0904969159747
4962,1.0633213520050049,16,892,603.0904969159747
4963,1.0633538961410522,16,892,603.0904969159747
4964,1.0633349418640137,16,892,603.0904969159747
4965,1.0633503198623657,16,892,603.0904969159747
4966,1.0633208751678467,16,892,603.0904969159747
4967,1.0634026527404785,16,892,603.0904969159747
4968,1.0633156299591064,16,892,603.0904969159747
4969,1.063420295715332,16,892,603.0904969159747
4970,1.0634946823120117,16,892,603.0904969159747
4971,1.0635228157043457,16,892,603.0904969159747
4972,1.063508152961731,16,892,603.0904969159747
4973,1.0634468793869019,16,892,603.0904969159747
4974,1.0633530616760254,16,892,603.0904969159747
4975,1.0634621381759644,16,892,603.0904969159747
4976,1.0634993314743042,16,892,603.0904969159747
4977,1.0633050203323364,16,892,603.0904969159747
4978,1.0634623765945435,16,892,603.0904969159747
4979,1.0635677576065063,16,892,603.0904969159747
4980,1.0636340379714966,16,892,603.0904969159747
4981,1.0636398792266846,16,892,603.0904969159747
4982,1.0636074542999268,16,892,603.0904969159747
4983,1.063530445098877,16,892,603.0904969159747
4984,1.0634204149246216,16,892,603.0904969159747
4985,1.0633095502853394,16,892,603.0904969159747
4986,1.0633734464645386,16,892,603.0904969159747
4987,1.0633344650268555,16,892,603.0904969159747
4988,1.0633559226989746,16,892,603.0904969159747
4989,1.0633341073989868,16,892,603.0904969159747
4990,1.0633271932601929,16,892,603.0904969159747
4991,1.0633267164230347,16,892,603.0904969159747
4992,1.063327431678772,16,892,603.0904969159747
4993,1.0633165836334229,16,892,603.0904969159747
4994,1.0633374452590942,16,892,603.0904969159747
4995,1.063364028930664,16,892,603.0904969159747
4996,1.0633224248886108,16,892,603.0904969159747
4997,1.0633658170700073,16,892,603.0904969159747
4998,1.0632940530776978,16,892,603.0904969159747
4999,1.063293695449829,16,892,603.0904969159747
5000,1.0633803606033325,16,892,603.0904969159747
5001,1.0634181499481201,16,892,603.0904969159747
5002,1.0634162425994873,16,892,603.0904969159747
5003,1.063368320465088,16,892,603.0904969159747
5004,1.063294529914856,16,892,603.0904969159747
5005,1.0633118152618408,16,892,603.0904969159747
5006,1.0632898807525635,16,892,603.0904969159747
5007,1.0634229183197021,16,892,603.0904969159747
5008,1.063315749168396,16,892,603.0904969159747
5009,1.0634136199951172,16,892,603.0904969159747
5010,1.0634955167770386,16,892,603.0904969159747
5011,1.063523530960083,16,892,603.0904969159747
5012,1.063517451286316,16,892,603.0904969159747
5013,1.0634593963623047,16,892,603.0904969159747
5014,1.0633690357208252,16,892,603.0904969159747
5015,1.0633857250213623,16,892,603.0904969159747
5016,1.0634161233901978,16,892,603.0904969159747
5017,1.063315749168396,16,892,603.0904969159747
5018,1.0633506774902344,16,892,603.0904969159747
5019,1.0633412599563599,16,892,603.0904969159747
5020,1.0632983446121216,16,892,603.0904969159747
5021,1.0634678602218628,16,892,603.0904969159747
5022,1.0634206533432007,16,892,603.0904969159747
5023,1.0633394718170166,16,892,603.0904969159747
5024,1.0634102821350098,16,892,603.0904969159747
5025,1.0634244680404663,16,892,603.0904969159747
5026,1.0633938312530518,16,892,603.0904969159747
5027,1.0633255243301392,16,892,603.0904969159747
5028,1.0634243488311768,16,892,603.0904969159747
5029,1.0634087324142456,16,892,603.0904969159747
5030,1.0633338689804077,16,892,603.0904969159747
5031,1.0633862018585205,16,892,603.0904969159747
5032,1.0633920431137085,16,892,603.0904969159747
5033,1.063348650932312,16,892,603.0904969159747
5034,1.063293695449829,16,892,603.0904969159747
5035,1.0633015632629395,16,892,603.0904969159747
5036,1.0632942914962769,16,892,603.0904969159747
5037,1.0633795261383057,16,892,603.0904969159747
5038,1.063284993171692,16,892,603.0904969159747
5039,1.0632908344268799,16,892,603.0904969159747
5040,1.0633364915847778,16,892,603.0904969159747
5041,1.0633201599121094,16,892,603.0904969159747
5042,1.0633351802825928,16,892,603.0904969159747
5043,1.063312292098999,16,892,603.0904969159747
5044,1.0633567571640015,16,892,603.0904969159747
5045,1.0632855892181396,16,892,603.0904969159747
5046,1.0632799863815308,16,892,603.0904969159747
5047,1.0633808374404907,16,892,603.0904969159747
5048,1.0632871389389038,16,892,603.0904969159747
5049,1.0632926225662231,16,892,603.0904969159747
5050,1.0632961988449097,16,892,603.0904969159747
5051,1.0633361339569092,16,892,603.0904969159747
5052,1.0633598566055298,16,892,603.0904969159747
5053,1.063333511352539,16,892,603.0904969159747
5054,1.0632754564285278,16,892,603.0904969159747
5055,1.0633169412612915,16,892,603.0904969159747
5056,1.063319206237793,16,892,603.0904969159747
5057,1.0632838010787964,16,892,603.0904969159747
5058,1.0633257627487183,16,892,603.0904969159747
5059,1.063340187072754,16,892,603.0904969159747
5060,1.0633102655410767,16,892,603.0904969159747
5061,1.063349723815918,16,892,603.0904969159747
5062,1.0632799863815308,16,892,603.0904969159747
5063,1.0632792711257935,16,892,603.0904969159747
5064,1.0633625984191895,16,892,603.0904969159747
5065,1.0634040832519531,16,892,603.0904969159747
5066,1.063395619392395,16,892,603.0904969159747
5067,1.0633498430252075,16,892,603.0904969159747
5068,1.0632874965667725,16,892,603.0904969159747
5069,1.0632853507995605,16,892,603.0904969159747
5070,1.0632805824279785,16,892,603.0904969159747
5071,1.0633511543273926,16,892,603.0904969159747
5072,1.063381552696228,16,892,603.0904969159747
5073,1.0633575916290283,16,892,603.0904969159747
5074,1.063307523727417,16,892,603.0904969159747
5075,1.0633974075317383,16,892,603.0904969159747
5076,1.063354253768921,16,892,603.0904969159747
5077,1.0633498430252075,16,892,603.0904969159747
5078,1.063414454460144,16,892,603.0904969159747
5079,1.063423991203308,16,892,603.0904969159747
5080,1.063394546508789,16,892,603.0904969159747
5081,1.0633149147033691,16,892,603.0904969159747
5082,1.063401222229004,16,892,603.0904969159747
5083,1.0633882284164429,16,892,603.0904969159747
5084,1.063317894935608,16,892,603.0904969159747
5085,1.06337571144104,16,892,603.0904969159747
5086,1.0633807182312012,16,892,603.0904969159747
5087,1.0633388757705688,16,892,603.0904969159747
5088,1.0632851123809814,16,892,603.0904969159747
5089,1.0632832050323486,16,892,603.0904969159747
5090,1.0632668733596802,16,892,603.0904969159747
5091,1.0633803606033325,16,892,603.0904969159747
5092,1.0632632970809937,16,892,603.0904969159747
5093,1.0632686614990234,16,892,603.0904969159747
5094,1.0633412599563599,16,892,603.0904969159747
5095,1.0632964372634888,16,892,603.0904969159747
5096,1.0633149147033691,16,892,603.0904969159747
5097,1.063286304473877,16,892,603.0904969159747
5098,1.06336510181427,16,892,603.0904969159747
5099,1.063266634941101,16,892,603.0904969159747
5100,1.063399076461792,16,892,603.0904969159747
5101,1.0634875297546387,16,892,603.0904969159747
5102,1.063515067100525,16,892,603.0904969159747
5103,1.0635014772415161,16,892,603.0904969159747
5104,1.0634291172027588,16,892,603.0904969159747
5105,1.0633329153060913,16,892,603.0904969159747
5106,1.063400149345398,16,892,603.0904969159747
5107,1.0634413957595825,16,892,603.0904969159747
5108,1.0632692575454712,16,892,603.0904969159747
5109,1.0633094310760498,16,892,603.0904969159747
5110,1.0632930994033813,16,892,603.0904969159747
5111,1.0632950067520142,16,892,603.0904969159747
5112,1.0632953643798828,16,892,603.0904969159747
5113,1.0633046627044678,16,892,603.0904969159747
5114,1.0632662773132324,16,892,603.0904969159747
5115,1.063425064086914,16,892,603.0904969159747
5116,1.0633412599563599,16,892,603.0904969159747
5117,1.0633533000946045,16,892,603.0904969159747
5118,1.063434362411499,16,892,603.0904969159747
5119,1.0634562969207764,16,892,603.0904969159747
5120,1.0634323358535767,16,892,603.0904969159747
5121,1.0633631944656372,16,892,603.0904969159747
5122,1.0632617473602295,16,892,603.0904969159747
5123,1.063561201095581,16,892,603.0904969159747
5124,1.0636087656021118,16,892,603.0904969159747
5125,1.0634034872055054,16,892,603.0904969159747
5126,1.0633742809295654,16,892,603.0904969159747
5127,1.0634920597076416,16,892,603.0904969159747
5128,1.0635614395141602,16,892,603.0904969159747
5129,1.0635629892349243,16,892,603.0904969159747
5130,1.0635251998901367,16,892,603.0904969159747
5131,1.0634427070617676,16,892,603.0904969159747
5132,1.0633244514465332,16,892,603.0904969159747
5133,1.0634326934814453,16,892,603.0904969159747
5134,1.0635024309158325,16,892,603.0904969159747
5135,1.0633186101913452,16,892,603.0904969159747
5136,1.0633957386016846,16,892,603.0904969159747
5137,1.0635124444961548,16,892,603.0904969159747
5138,1.06356942653656,16,892,603.0904969159747
5139,1.063570261001587,16,892,603.0904969159747
5140,1.0635253190994263,16,892,603.0904969159747
5141,1.0634385347366333,16,892,603.0904969159747
5142,1.0633152723312378,16,892,603.0904969159747
5143,1.063449740409851,16,892,603.0904969159747
5144,1.063529372215271,16,892,603.0904969159747
5145,1.0633517503738403,16,892,603.0904969159747
5146,1.0633724927902222,16,892,603.0904969159747
5147,1.0634868144989014,16,892,603.0904969159747
5148,1.0635372400283813,16,892,603.0904969159747
5149,1.0635426044464111,16,892,603.0904969159747
5150,1.0634928941726685,16,892,603.0904969159747
5151,1.0634040832519531,16,892,603.0904969159747
5152,1.0632860660552979,16,892,603.0904969159747
5153,1.063517689704895,16,892,603.0904969159747
5154,1.0636003017425537,16,892,603.0904969159747
5155,1.0634269714355469,16,892,603.0904969159747
5156,1.0633337497711182,16,892,603.0904969159747
5157,1.0634441375732422,16,892,603.0904969159747
5158,1.0634981393814087,16,892,603.0904969159747
5159,1.0634938478469849,16,892,603.0904969159747
5160,1.0634480714797974,16,892,603.0904969159747
5161,1.0633652210235596,16,892,603.0904969159747
5162,1.063244104385376,16,892,603.0904969159747
5163,1.0635991096496582,16,892,603.0904969159747
5164,1.0636827945709229,16,892,603.0904969159747
5165,1.0635099411010742,16,892,603.0904969159747
5166,1.0632983446121216,16,892,603.0904969159747
5167,1.0634042024612427,16,892,603.0904969159747
5168,1.0634527206420898,16,892,603.0904969159747
5169,1.063452124595642,16,892,603.0904969159747
5170,1.063405156135559,16,892,603.0904969159747
5171,1.0633234977722168,16,892,603.0904969159747
5172,1.0633182525634766,16,892,603.0904969159747
5173,1.063323974609375,16,892,603.0904969159747
5174,1.0632970333099365,16,892,603.0904969159747
5175,1.0633409023284912,16,892,603.0904969159747
5176,1.0633381605148315,16,892,603.0904969159747
5177,1.0632948875427246,16,892,603.0904969159747
5178,1.0632892847061157,16,892,603.0904969159747
5179,1.0632377862930298,16,892,603.0904969159747
5180,1.063266396522522,16,892,603.0904969159747
5181,1.0633090734481812,16,892,603.0904969159747
5182,1.063341736793518,16,892,603.0904969159747
5183,1.0633264780044556,16,892,603.0904969159747
5184,1.0632702112197876,16,892,603.0904969159747
5185,1.063360571861267,16,892,603.0904969159747
5186,1.0633131265640259,16,892,603.0904969159747
5187,1.0633174180984497,16,892,603.0904969159747
5188,1.063387155532837,16,892,603.0904969159747
5189,1.0634045600891113,16,892,603.0904969159747
5190,1.0633697509765625,16,892,603.0904969159747
5191,1.0632976293563843,16,892,603.0904969159747
5192,1.063340187072754,16,892,603.0904969159747
5193,1.0633273124694824,16,892,603.0904969159747
5194,1.0632989406585693,16,892,603.0904969159747
5195,1.0633522272109985,16,892,603.0904969159747
5196,1.0633559226989746,16,892,603.0904969159747
5197,1.0633125305175781,16,892,603.0904969159747
5198,1.0632323026657104,16,892,603.0904969159747
5199,1.0634961128234863,16,892,603.0904969159747
5200,1.0634976625442505,16,892,603.0904969159747
5201,1.063247561454773,16,892,603.0904969159747
5202,1.0634146928787231,16,892,603.0904969159747
5203,1.063554286956787,16,892,603.0904969159747
5204,1.0636334419250488,16,892,603.0904969159747
5205,1.0636498928070068,16,892,603.0904969159747
5206,1.0636192560195923,16,892,603.0904969159747
5207,1.0635461807250977,16,892,603.0904969159747
5208,1.0634284019470215,16,892,603.0904969159747
5209,1.0632811784744263,16,892,603.0904969159747
5210,1.0635102987289429,16,892,603.0904969159747
5211,1.0636423826217651,16,892,603.0904969159747
5212,1.063512921333313,16,892,603.0904969159747
5213,1.063258171081543,16,892,603.0904969159747
5214,1.063354730606079,16,892,603.0904969159747
5215,1.063392162322998,16,892,603.0904969159747
5216,1.0633786916732788,16,892,603.0904969159747
5217,1.0633273124694824,16,892,603.0904969159747
5218,1.0632351636886597,16,892,603.0904969159747
5219,1.0635030269622803,16,892,603.0904969159747
5220,1.0635284185409546,16,892,603.0904969159747
5221,1.0633034706115723,16,892,603.0904969159747
5222,1.0633801221847534,16,892,603.0904969159747
5223,1.0635015964508057,16,892,603.0904969159747
5224,1.0635770559310913,16,892,603.0904969159747
5225,1.0635885000228882,16,892,603.0904969159747
5226,1.063557744026184,16,892,603.0904969159747
5227,1.0634735822677612,16,892,603.0904969159747
5228,1.0633549690246582,16,892,603.0904969159747
5229,1.063240885734558,16,892,603.0904969159747
5230,1.0633070468902588,16,892,603.0904969159747
5231,1.0632603168487549,16,892,603.0904969159747
5232,1.0632866621017456,16,892,603.0904969159747
5233,1.0632723569869995,16,892,603.0904969159747
5234,1.0632370710372925,16,892,603.0904969159747
5235,1.0632528066635132,16,892,603.0904969159747
5236,1.0632585287094116,16,892,603.0904969159747
5237,1.0632206201553345,16,892,603.0904969159747
5238,1.0634136199951172,16,892,603.0904969159747
5239,1.0633405447006226,16,892,603.0904969159747
5240,1.063293695449829,16,892,603.0904969159747
5241,1.0633704662322998,16,892,603.0904969159747
5242,1.0633922815322876,16,892,603.0904969159747
5243,1.0633680820465088,16,892,603.0904969159747
5244,1.0632925033569336,16,892,603.0904969159747
5245,1.063267707824707,16,892,603.0904969159747
5246,1.0632400512695312,16,892,603.0904969159747
5247,1.0633134841918945,16,892,603.0904969159747
5248,1.063375473022461,16,892,603.0904969159747
5249,1.0633877515792847,16,892,603.0904969159747
5250,1.0633434057235718,16,892,603.0904969159747
5251,1.0632669925689697,16,892,603.0904969159747
5252,1.0633615255355835,16,892,603.0904969159747
5253,1.0633575916290283,16,892,603.0904969159747
5254,1.0632561445236206,16,892,603.0904969159747
5255,1.0633015632629395,16,892,603.0904969159747
5256,1.0633070468902588,16,892,603.0904969159747
5257,1.0632680654525757,16,892,603.0904969159747
5258,1.0632776021957397,16,892,603.0904969159747
5259,1.063212513923645,16,892,603.0904969159747
5260,1.063244342803955,16,892,603.0904969159747
5261,1.0632874965667725,16,892,603.0904969159747
5262,1.0633211135864258,16,892,603.0904969159747
5263,1.0633066892623901,16,892,603.0904969159747
5264,1.0632555484771729,16,892,603.0904969159747
5265,1.0633182525634766,16,892,603.0904969159747
5266,1.0632671117782593,16,892,603.0904969159747
5267,1.0633031129837036,16,892,603.0904969159747
5268,1.0633742809295654,16,892,603.0904969159747
5269,1.0633858442306519,16,892,603.0904969159747
5270,1.063361406326294,16,892,603.0904969159747
5271,1.063280463218689,16,892,603.0904969159747
5272,1.06328547000885,16,892,603.0904969159747
5273,1.0632691383361816,16,892,603.0904969159747
5274,1.0632894039154053,16,892,603.0904969159747
5275,1.0633410215377808,16,892,603.0904969159747
5276,1.0633469820022583,16,892,603.0904969159747
5277,1.0633065700531006,16,892,603.0904969159747
5278,1.0632213354110718,16,892,603.0904969159747
5279,1.0634336471557617,16,892,603.0904969159747
5280,1.06343674659729,16,892,603.0904969159747
5281,1.0632140636444092,16,892,603.0904969159747
5282,1.0632565021514893,16,892,603.0904969159747
5283,1.0632580518722534,16,892,603.0904969159747
5284,1.0632095336914062,16,892,603.0904969159747
5285,1.0633773803710938,16,892,603.0904969159747
5286,1.0633054971694946,16,892,603.0904969159747
5287,1.0632902383804321,16,892,603.0904969159747
5288,1.0633686780929565,16,892,603.0904969159747
5289,1.0633870363235474,16,892,603.0904969159747
5290,1.0633609294891357,16,892,603.0904969159747
5291,1.063286304473877,16,892,603.0904969159747
5292,1.0632398128509521,16,892,603.0904969159747
5293,1.0632137060165405,16,892,603.0904969159747
5294,1.063302993774414,16,892,603.0904969159747
5295,1.063368558883667,16,892,603.0904969159747
5296,1.0633776187896729,16,892,603.0904969159747
5297,1.0633376836776733,16,892,603.0904969159747
5298,1.063253402709961,16,892,603.0904969159747
5299,1.063344120979309,16,892,603.0904969159747
5300,1.0633410215377808,16,892,603.0904969159747
5301,1.063240647315979,16,892,603.0904969159747
5302,1.063295602798462,16,892,603.0904969159747
5303,1.0632966756820679,16,892,603.0904969159747
5304,1.063246726989746,16,892,603.0904969159747
5305,1.0632659196853638,16,892,603.0904969159747
5306,1.0631976127624512,16,892,603.0904969159747
5307,1.0632315874099731,16,892,603.0904969159747
5308,1.063265085220337,16,892,603.0904969159747
5309,1.0633032321929932,16,892,603.0904969159747
5310,1.0632888078689575,16,892,603.0904969159747
5311,1.0632339715957642,16,892,603.0904969159747
5312,1.0633105039596558,16,892,603.0904969159747
5313,1.0632591247558594,16,892,603.0904969159747
5314,1.0632898807525635,16,892,603.0904969159747
5315,1.0633609294891357,16,892,603.0904969159747
5316,1.0633713006973267,16,892,603.0904969159747
5317,1.0633407831192017,16,892,603.0904969159747
5318,1.0632667541503906,16,892,603.0904969159747
5319,1.063278079032898,16,892,603.0904969159747
5320,1.0632615089416504,16,892,603.0904969159747
5321,1.0632678270339966,16,892,603.0904969159747
5322,1.0633295774459839,16,892,603.0904969159747
5323,1.0633326768875122,16,892,603.0904969159747
5324,1.063286304473877,16,892,603.0904969159747
5325,1.0632050037384033,16,892,603.0904969159747
5326,1.0634347200393677,16,892,603.0904969159747
5327,1.0634366273880005,16,892,603.0904969159747
5328,1.0631904602050781,16,892,603.0904969159747
5329,1.0632380247116089,16,892,603.0904969159747
5330,1.0632354021072388,16,892,603.0904969159747
5331,1.063194751739502,16,892,603.0904969159747
5332,1.0633773803710938,16,892,603.0904969159747
5333,1.0633023977279663,16,892,603.0904969159747
5334,1.0632696151733398,16,892,603.0904969159747
5335,1.0633493661880493,16,892,603.0904969159747
5336,1.0633701086044312,16,892,603.0904969159747
5337,1.0633416175842285,16,892,603.0904969159747
5338,1.0632696151733398,16,892,603.0904969159747
5339,1.0632416009902954,16,892,603.0904969159747
5340,1.0632163286209106,16,892,603.0904969159747
5341,1.063283920288086,16,892,603.0904969159747
5342,1.063347578048706,16,892,603.0904969159747
5343,1.063357949256897,16,892,603.0904969159747
5344,1.0633150339126587,16,892,603.0904969159747
5345,1.0632319450378418,16,892,603.0904969159747
5346,1.0633480548858643,16,892,603.0904969159747
5347,1.0633465051651,16,892,603.0904969159747
5348,1.0632210969924927,16,892,603.0904969159747
5349,1.0632715225219727,16,892,603.0904969159747
5350,1.063271164894104,16,892,603.0904969159747
5351,1.0632269382476807,16,892,603.0904969159747
5352,1.063271403312683,16,892,603.0904969159747
5353,1.0631963014602661,16,892,603.0904969159747
5354,1.0633063316345215,16,892,603.0904969159747
5355,1.063385009765625,16,892,603.0904969159747
5356,1.0634090900421143,16,892,603.0904969159747
5357,1.06338632106781,16,892,603.0904969159747
5358,1.0633039474487305,16,892,603.0904969159747
5359,1.0631999969482422,16,892,603.0904969159747
5360,1.0634775161743164,16,892,603.0904969159747
5361,1.063531517982483,16,892,603.0904969159747
5362,1.0633217096328735,16,892,603.0904969159747
5363,1.0632970333099365,16,892,603.0904969159747
5364,1.0634276866912842,16,892,603.0904969159747
5365,1.0634891986846924,16,892,603.0904969159747
5366,1.0634983777999878,16,892,603.0904969159747
5367,1.06345534324646,16,892,603.0904969159747
5368,1.0633710622787476,16,892,603.0904969159747
5369,1.0632354021072388,16,892,603.0904969159747
5370,1.0633875131607056,16,892,603.0904969159747
5371,1.063464879989624,16,892,603.0904969159747
5372,1.063277244567871,16,892,603.0904969159747
5373,1.0633065700531006,16,892,603.0904969159747
5374,1.0634238719940186,16,892,603.0904969159747
5375,1.0634814500808716,16,892,603.0904969159747
5376,1.0634841918945312,16,892,603.0904969159747
5377,1.063437819480896,16,892,603.0904969159747
5378,1.063347339630127,16,892,603.0904969159747
5379,1.0632189512252808,16,892,603.0904969159747
5380,1.0634385347366333,16,892,603.0904969159747
5381,1.0635242462158203,16,892,603.0904969159747
5382,1.0633453130722046,16,892,603.0904969159747
5383,1.0632673501968384,16,892,603.0904969159747
5384,1.0633865594863892,16,892,603.0904969159747
5385,1.0634407997131348,16,892,603.0904969159747
5386,1.0634342432022095,16,892,603.0904969159747
5387,1.0633864402770996,16,892,603.0904969159747
5388,1.0633018016815186,16,892,603.0904969159747
5389,1.0631723403930664,16,892,603.0904969159747
5390,1.0635337829589844,16,892,603.0904969159747
5391,1.063623070716858,16,892,603.0904969159747
5392,1.0634500980377197,16,892,603.0904969159747
5393,1.0632245540618896,16,892,603.0904969159747
5394,1.0633317232131958,16,892,603.0904969159747
5395,1.0633858442306519,16,892,603.0904969159747
5396,1.063381552696228,16,892,603.0904969159747
5397,1.0633364915847778,16,892,603.0904969159747
5398,1.0632497072219849,16,892,603.0904969159747
5399,1.0632659196853638,16,892,603.0904969159747
5400,1.0632785558700562,16,892,603.0904969159747
5401,1.0632182359695435,16,892,603.0904969159747
5402,1.0632660388946533,16,892,603.0904969159747
5403,1.0632647275924683,16,892,603.0904969159747
5404,1.0632182359695435,16,892,603.0904969159747
5405,1.0632461309432983,16,892,603.0904969159747
5406,1.0631784200668335,16,892,603.0904969159747
5407,1.0632866621017456,16,892,603.0904969159747
5408,1.0633684396743774,16,892,603.0904969159747
5409,1.0633842945098877,16,892,603.0904969159747
5410,1.063351035118103,16,892,603.0904969159747
5411,1.0632823705673218,16,892,603.0904969159747
5412,1.063171625137329,16,892,603.0904969159747
5413,1.0634816884994507,16,892,603.0904969159747
5414,1.063537359237671,16,892,603.0904969159747
5415,1.063336968421936,16,892,603.0904969159747
5416,1.0632613897323608,16,892,603.0904969159747
5417,1.0633851289749146,16,892,603.0904969159747
5418,1.0634467601776123,16,892,603.0904969159747
5419,1.063456416130066,16,892,603.0904969159747
5420,1.0634127855300903,16,892,603.0904969159747
5421,1.0633283853530884,16,892,603.0904969159747
5422,1.0632033348083496,16,892,603.0904969159747
5423,1.063412070274353,16,892,603.0904969159747
5424,1.0634899139404297,16,892,603.0904969159747
5425,1.0633087158203125,16,892,603.0904969159747
5426,1.0632655620574951,16,892,603.0904969159747
5427,1.0633755922317505,16,892,603.0904969159747
5428,1.0634340047836304,16,892,603.0904969159747
5429,1.0634362697601318,16,892,603.0904969159747
5430,1.0633872747421265,16,892,603.0904969159747
5431,1.0632977485656738,16,892,603.0904969159747
5432,1.0631740093231201,16,892,603.0904969159747
5433,1.0634711980819702,16,892,603.0904969159747
5434,1.0635524988174438,16,892,603.0904969159747
5435,1.0633816719055176,16,892,603.0904969159747
5436,1.0632226467132568,16,892,603.0904969159747
5437,1.0633325576782227,16,892,603.0904969159747
5438,1.0633816719055176,16,892,603.0904969159747
5439,1.0633841753005981,16,892,603.0904969159747
5440,1.0633379220962524,16,892,603.0904969159747
5441,1.0632452964782715,16,892,603.0904969159747
5442,1.0631978511810303,16,892,603.0904969159747
5443,1.063210129737854,16,892,603.0904969159747
5444,1.0632199048995972,16,892,603.0904969159747
5445,1.06327223777771,16,892,603.0904969159747
5446,1.0632669925689697,16,892,603.0904969159747
5447,1.0632189512252808,16,892,603.0904969159747
5448,1.0631763935089111,16,892,603.0904969159747
5449,1.0631688833236694,16,892,603.0904969159747
5450,1.0631572008132935,16,892,603.0904969159747
5451,1.0632236003875732,16,892,603.0904969159747
5452,1.0632648468017578,16,892,603.0904969159747
5453,1.0632518529891968,16,892,603.0904969159747
5454,1.0631922483444214,16,892,603.0904969159747
5455,1.0632555484771729,16,892,603.0904969159747
5456,1.0632073879241943,16,892,603.0904969159747
5457,1.0632398128509521,16,892,603.0904969159747
5458,1.0633052587509155,16,892,603.0904969159747
5459,1.063321590423584,16,892,603.0904969159747
5460,1.0632874965667725,16,892,603.0904969159747
5461,1.063212275505066,16,892,603.0904969159747
5462,1.0632423162460327,16,892,603.0904969159747
5463,1.063227891921997,16,892,603.0904969159747
5464,1.0632137060165405,16,892,603.0904969159747
5465,1.0632703304290771,16,892,603.0904969159747
5466,1.0632749795913696,16,892,603.0904969159747
5467,1.0632303953170776,16,892,603.0904969159747
5468,1.0631510019302368,16,892,603.0904969159747
5469,1.0633982419967651,16,892,603.0904969159747
5470,1.0634037256240845,16,892,603.0904969159747
5471,1.063154697418213,16,892,603.0904969159747
5472,1.0633348226547241,16,892,603.0904969159747
5473,1.063474178314209,16,892,603.0904969159747
5474,1.0635517835617065,16,892,603.0904969159747
5475,1.063568115234375,16,892,603.0904969159747
5476,1.0635387897491455,16,892,603.0904969159747
5477,1.0634593963623047,16,892,603.0904969159747
5478,1.0633360147476196,16,892,603.0904969159747
5479,1.0631846189498901,16,892,603.0904969159747
5480,1.0634486675262451,16,892,603.0904969159747
5481,1.0635807514190674,16,892,603.0904969159747
5482,1.063456654548645,16,892,603.0904969159747
5483,1.0631521940231323,16,892,603.0904969159747
5484,1.0632380247116089,16,892,603.0904969159747
5485,1.0632803440093994,16,892,603.0904969159747
5486,1.063270092010498,16,892,603.0904969159747
5487,1.063216209411621,16,892,603.0904969159747
5488,1.0631685256958008,16,892,603.0904969159747
5489,1.0631365776062012,16,892,603.0904969159747
5490,1.0631763935089111,16,892,603.0904969159747
5491,1.0631933212280273,16,892,603.0904969159747
5492,1.0632270574569702,16,892,603.0904969159747
5493,1.0632078647613525,16,892,603.0904969159747
5494,1.0631484985351562,16,892,603.0904969159747
5495,1.063321590423584,16,892,603.0904969159747
5496,1.0632812976837158,16,892,603.0904969159747
5497,1.0631846189498901,16,892,603.0904969159747
5498,1.0632468461990356,16,892,603.0904969159747
5499,1.0632597208023071,16,892,603.0904969159747
5500,1.0632246732711792,16,892,603.0904969159747
5501,1.0631521940231323,16,892,603.0904969159747
5502,1.0633432865142822,16,892,603.0904969159747
5503,1.063331127166748,16,892,603.0904969159747
5504,1.063150405883789,16,892,603.0904969159747
5505,1.0632045269012451,16,892,603.0904969159747
5506,1.0632072687149048,16,892,603.0904969159747
5507,1.0631608963012695,16,892,603.0904969159747
5508,1.0632314682006836,16,892,603.0904969159747
5509,1.0631506443023682,16,892,603.0904969159747
5510,1.0632503032684326,16,892,603.0904969159747
5511,1.0633310079574585,16,892,603.0904969159747
5512,1.0633509159088135,16,892,603.0904969159747
5513,1.063321590423584,16,892,603.0904969159747
5514,1.063253402709961,16,892,603.0904969159747
5515,1.0631448030471802,16,892,603.0904969159747
5516,1.0634074211120605,16,892,603.0904969159747
5517,1.0634584426879883,16,892,603.0904969159747
5518,1.0632590055465698,16,892,603.0904969159747
5519,1.0632487535476685,16,892,603.0904969159747
5520,1.0633682012557983,16,892,603.0904969159747
5521,1.0634276866912842,16,892,603.0904969159747
5522,1.063436508178711,16,892,603.0904969159747
5523,1.063400149345398,16,892,603.0904969159747
5524,1.0633107423782349,16,892,603.0904969159747
5525,1.0631892681121826,16,892,603.0904969159747
5526,1.0633245706558228,16,892,603.0904969159747
5527,1.0634026527404785,16,892,603.0904969159747
5528,1.0632219314575195,16,892,603.0904969159747
5529,1.063247799873352,16,892,603.0904969159747
5530,1.063355565071106,16,892,603.0904969159747
5531,1.0634111166000366,16,892,603.0904969159747
5532,1.0634132623672485,16,892,603.0904969159747
5533,1.0633714199066162,16,892,603.0904969159747
5534,1.063275933265686,16,892,603.0904969159747
5535,1.0631555318832397,16,892,603.0904969159747
5536,1.0633947849273682,16,892,603.0904969159747
5537,1.0634793043136597,16,892,603.0904969159747
5538,1.063311219215393,16,892,603.0904969159747
5539,1.0632002353668213,16,892,603.0904969159747
5540,1.0633094310760498,16,892,603.0904969159747
5541,1.0633602142333984,16,892,603.0904969159747
5542,1.0633567571640015,16,892,603.0904969159747
5543,1.063308835029602,16,892,603.0904969159747
5544,1.0632202625274658,16,892,603.0904969159747
5545,1.063141942024231,16,892,603.0904969159747
5546,1.0631542205810547,16,892,603.0904969159747
5547,1.0631922483444214,16,892,603.0904969159747
5548,1.0632377862930298,16,892,603.0904969159747
5549,1.063237190246582,16,892,603.0904969159747
5550,1.0631879568099976,16,892,603.0904969159747
5551,1.063132405281067,16,892,603.0904969159747
5552,1.063124656677246,16,892,603.0904969159747
5553,1.0631160736083984,16,892,603.0904969159747
5554,1.063190221786499,16,892,603.0904969159747
5555,1.063225507736206,16,892,603.0904969159747
5556,1.063214898109436,16,892,603.0904969159747
5557,1.063157558441162,16,892,603.0904969159747
5558,1.0632153749465942,16,892,603.0904969159747
5559,1.0631684064865112,16,892,603.0904969159747
5560,1.0631986856460571,16,892,603.0904969159747
5561,1.0632710456848145,16,892,603.0904969159747
5562,1.063284158706665,16,892,603.0904969159747
5563,1.0632505416870117,16,892,603.0904969159747
5564,1.063174843788147,16,892,603.0904969159747
5565,1.0632072687149048,16,892,603.0904969159747
5566,1.0631957054138184,16,892,603.0904969159747
5567,1.0631730556488037,16,892,603.0904969159747
5568,1.0632274150848389,16,892,603.0904969159747
5569,1.0632320642471313,16,892,603.0904969159747
5570,1.0631868839263916,16,892,603.0904969159747
5571,1.063110113143921,16,892,603.0904969159747
5572,1.0633699893951416,16,892,603.0904969159747
5573,1.063374400138855,16,892,603.0904969159747
5574,1.0631282329559326,16,892,603.0904969159747
5575,1.0632901191711426,16,892,603.0904969159747
5576,1.0634304285049438,16,892,603.0904969159747
5577,1.063504934310913,16,892,603.0904969159747
5578,1.063515543937683,16,892,603.0904969159747
5579,1.0634799003601074,16,892,603.0904969159747
5580,1.0634024143218994,16,892,603.0904969159747
5581,1.063285231590271,16,892,603.0904969159747
5582,1.0631357431411743,16,892,603.0904969159747
5583,1.0634335279464722,16,892,603.0904969159747
5584,1.0635687112808228,16,892,603.0904969159747
5585,1.0634469985961914,16,892,603.0904969159747
5586,1.0631004571914673,16,892,603.0904969159747
5587,1.0631866455078125,16,892,603.0904969159747
5588,1.063224196434021,16,892,603.0904969159747
5589,1.0632131099700928,16,892,603.0904969159747
5590,1.0631539821624756,16,892,603.0904969159747
5591,1.0631736516952515,16,892,603.0904969159747
5592,1.0631259679794312,16,892,603.0904969159747
5593,1.0632045269012451,16,892,603.0904969159747
5594,1.0632741451263428,16,892,603.0904969159747
5595,1.0632890462875366,16,892,603.0904969159747
5596,1.0632563829421997,16,892,603.0904969159747
5597,1.0631811618804932,16,892,603.0904969159747
5598,1.0631520748138428,16,892,603.0904969159747
5599,1.063140630722046,16,892,603.0904969159747
5600,1.0631824731826782,16,892,603.0904969159747
5601,1.063236117362976,16,892,603.0904969159747
5602,1.063240647315979,16,892,603.0904969159747
5603,1.063198447227478,16,892,603.0904969159747
5604,1.0631170272827148,16,892,603.0904969159747
5605,1.0633103847503662,16,892,603.0904969159747
5606,1.063316822052002,16,892,603.0904969159747
5607,1.0630964040756226,16,892,603.0904969159747
5608,1.0631484985351562,16,892,603.0904969159747
5609,1.0631451606750488,16,892,603.0904969159747
5610,1.0631004571914673,16,892,603.0904969159747
5611,1.0632655620574951,16,892,603.0904969159747
5612,1.0631970167160034,16,892,603.0904969159747
5613,1.0631704330444336,16,892,603.0904969159747
5614,1.0632455348968506,16,892,603.0904969159747
5615,1.0632655620574951,16,892,603.0904969159747
5616,1.0632398128509521,16,892,603.0904969159747
5617,1.0631664991378784,16,892,603.0904969159747
5618,1.0631412267684937,16,892,603.0904969159747
5619,1.0631190538406372,16,892,603.0904969159747
5620,1.063185453414917,16,892,603.0904969159747
5621,1.0632396936416626,16,892,603.0904969159747
5622,1.063246250152588,16,892,603.0904969159747
5623,1.0632094144821167,16,892,603.0904969159747
5624,1.0631277561187744,16,892,603.0904969159747
5625,1.0632553100585938,16,892,603.0904969159747
5626,1.063254714012146,16,892,603.0904969159747
5627,1.063117265701294,16,892,603.0904969159747
5628,1.0631672143936157,16,892,603.0904969159747
5629,1.0631635189056396,16,892,603.0904969159747
5630,1.0631203651428223,16,892,603.0904969159747
5631,1.0631916522979736,16,892,603.0904969159747
5632,1.063120722770691,16,892,603.0904969159747
5633,1.0631970167160034,16,892,603.0904969159747
5634,1.063274621963501,16,892,603.0904969159747
5635,1.063295841217041,16,892,603.0904969159747
5636,1.0632717609405518,16,892,603.0904969159747
5637,1.0631937980651855,16,892,603.0904969159747
5638,1.0630848407745361,16,892,603.0904969159747
5639,1.0633989572525024,16,892,603.0904969159747
5640,1.0634522438049316,16,892,603.0904969159747
5641,1.0632572174072266,16,892,603.0904969159747
5642,1.0631799697875977,16,892,603.0904969159747
5643,1.063298225402832,16,892,603.0904969159747
5644,1.0633583068847656,16,892,603.0904969159747
5645,1.063368320465088,16,892,603.0904969159747
5646,1.0633150339126587,16,892,603.0904969159747
5647,1.0632363557815552,16,892,603.0904969159747
5648,1.0631144046783447,16,892,603.0904969159747
5649,1.0633482933044434,16,892,603.0904969159747
5650,1.0634260177612305,16,892,603.0904969159747
5651,1.0632513761520386,16,892,603.0904969159747
5652,1.0631659030914307,16,892,603.0904969159747
5653,1.0632858276367188,16,892,603.0904969159747
5654,1.0633323192596436,16,892,603.0904969159747
5655,1.063338279724121,16,892,603.0904969159747
5656,1.0632867813110352,16,892,603.0904969159747
5657,1.0631977319717407,16,892,603.0904969159747
5658,1.063071370124817,16,892,603.0904969159747
5659,1.0634363889694214,16,892,603.0904969159747
5660,1.063519835472107,16,892,603.0904969159747
5661,1.0633589029312134,16,892,603.0904969159747
5662,1.0631165504455566,16,892,603.0904969159747
5663,1.0632210969924927,16,892,603.0904969159747
5664,1.0632703304290771,16,892,603.0904969159747
5665,1.063270092010498,16,892,603.0904969159747
5666,1.0632262229919434,16,892,603.0904969159747
5667,1.0631377696990967,16,892,603.0904969159747
5668,1.0632063150405884,16,892,603.0904969159747
5669,1.0632190704345703,16,892,603.0904969159747
5670,1.0631049871444702,16,892,603.0904969159747
5671,1.0631543397903442,16,892,603.0904969159747
5672,1.0631424188613892,16,892,603.0904969159747
5673,1.0630993843078613,16,892,603.0904969159747
5674,1.063199520111084,16,892,603.0904969159747
5675,1.0631378889083862,16,892,603.0904969159747
5676,1.0631684064865112,16,892,603.0904969159747
5677,1.0632383823394775,16,892,603.0904969159747
5678,1.0632548332214355,16,892,603.0904969159747
5679,1.063222885131836,16,892,603.0904969159747
5680,1.0631532669067383,16,892,603.0904969159747
5681,1.0631077289581299,16,892,603.0904969159747
5682,1.0630885362625122,16,892,603.0904969159747
5683,1.0631688833236694,16,892,603.0904969159747
5684,1.0632191896438599,16,892,603.0904969159747
5685,1.0632288455963135,16,892,603.0904969159747
5686,1.0631905794143677,16,892,603.0904969159747
5687,1.0631053447723389,16,892,603.0904969159747
5688,1.0632339715957642,16,892,603.0904969159747
5689,1.0632364749908447,16,892,603.0904969159747
5690,1.0630879402160645,16,892,603.0904969159747
5691,1.0631393194198608,16,892,603.0904969159747
5692,1.0631473064422607,16,892,603.0904969159747
5693,1.0630954504013062,16,892,603.0904969159747
5694,1.0631766319274902,16,892,603.0904969159747
5695,1.0631091594696045,16,892,603.0904969159747
5696,1.0631710290908813,16,892,603.0904969159747
5697,1.0632407665252686,16,892,603.0904969159747
5698,1.0632673501968384,16,892,603.0904969159747
5699,1.0632377862930298,16,892,603.0904969159747
5700,1.06317138671875,16,892,603.0904969159747
5701,1.063063383102417,16,892,603.0904969159747
5702,1.0633875131607056,16,892,603.0904969159747
5703,1.0634418725967407,16,892,603.0904969159747
5704,1.0632504224777222,16,892,603.0904969159747
5705,1.0631511211395264,16,892,603.0904969159747
5706,1.0632628202438354,16,892,603.0904969159747
5707,1.06332528591156,16,892,603.0904969159747
5708,1.0633316040039062,16,892,603.0904969159747
5709,1.0632857084274292,16,892,603.0904969159747
5710,1.0632023811340332,16,892,603.0904969159747
5711,1.0630840063095093,16,892,603.0904969159747
5712,1.063342571258545,16,892,603.0904969159747
5713,1.0634194612503052,16,892,603.0904969159747
5714,1.063252329826355,16,892,603.0904969159747
5715,1.0631341934204102,16,892,603.0904969159747
5716,1.063238501548767,16,892,603.0904969159747
5717,1.063292145729065,16,892,603.0904969159747
5718,1.0632957220077515,16,892,603.0904969159747
5719,1.0632485151290894,16,892,603.0904969159747
5720,1.063162088394165,16,892,603.0904969159747
5721,1.063080072402954,16,892,603.0904969159747
5722,1.063092589378357,16,892,603.0904969159747
5723,1.0631327629089355,16,892,603.0904969159747
5724,1.0631757974624634,16,892,603.0904969159747
5725,1.063169240951538,16,892,603.0904969159747
5726,1.0631245374679565,16,892,603.0904969159747
5727,1.0630757808685303,16,892,603.0904969159747
5728,1.0630637407302856,16,892,603.0904969159747
5729,1.0630574226379395,16,892,603.0904969159747
5730,1.0631301403045654,16,892,603.0904969159747
5731,1.063165307044983,16,892,603.0904969159747
5732,1.0631459951400757,16,892,603.0904969159747
5733,1.0630918741226196,16,892,603.0904969159747
5734,1.0631576776504517,16,892,603.0904969159747
5735,1.0631136894226074,16,892,603.0904969159747
5736,1.0631372928619385,16,892,603.0904969159747
5737,1.0631974935531616,16,892,603.0904969159747
5738,1.0632116794586182,16,892,603.0904969159747
5739,1.063175916671753,16,892,603.0904969159747
5740,1.0631024837493896,16,892,603.0904969159747
5741,1.0631563663482666,16,892,603.0904969159747
5742,1.063146710395813,16,892,603.0904969159747
5743,1.0631047487258911,16,892,603.0904969159747
5744,1.0631592273712158,16,892,603.0904969159747
5745,1.0631664991378784,16,892,603.0904969159747
5746,1.0631215572357178,16,892,603.0904969159747
5747,1.0630464553833008,16,892,603.0904969159747
5748,1.063065528869629,16,892,603.0904969159747
5749,1.063053846359253,16,892,603.0904969159747
5750,1.0631438493728638,16,892,603.0904969159747
5751,1.0630496740341187,16,892,603.0904969159747
5752,1.0630502700805664,16,892,603.0904969159747
5753,1.0631020069122314,16,892,603.0904969159747
5754,1.0630775690078735,16,892,603.0904969159747
5755,1.0630974769592285,16,892,603.0904969159747
5756,1.0630706548690796,16,892,603.0904969159747
5757,1.0631248950958252,16,892,603.0904969159747
5758,1.06304931640625,16,892,603.0904969159747
5759,1.0630369186401367,16,892,603.0904969159747
5760,1.0631499290466309,16,892,603.0904969159747
5761,1.0630501508712769,16,892,603.0904969159747
5762,1.063061237335205,16,892,603.0904969159747
5763,1.0630543231964111,16,892,603.0904969159747
5764,1.0631041526794434,16,892,603.0904969159747
5765,1.0631260871887207,16,892,603.0904969159747
5766,1.063098669052124,16,892,603.0904969159747
5767,1.0630344152450562,16,892,603.0904969159747
5768,1.063276767730713,16,892,603.0904969159747
5769,1.0632495880126953,16,892,603.0904969159747
5770,1.0630625486373901,16,892,603.0904969159747
5771,1.0631167888641357,16,892,603.0904969159747
5772,1.0631238222122192,16,892,603.0904969159747
5773,1.0630829334259033,16,892,603.0904969159747
5774,1.0630900859832764,16,892,603.0904969159747
5775,1.0630463361740112,16,892,603.0904969159747
5776,1.0630342960357666,16,892,603.0904969159747
5777,1.0631630420684814,16,892,603.0904969159747
5778,1.0630335807800293,16,892,603.0904969159747
5779,1.0630398988723755,16,892,603.0904969159747
5780,1.063105821609497,16,892,603.0904969159747
5781,1.0630698204040527,16,892,603.0904969159747
5782,1.0630934238433838,16,892,603.0904969159747
5783,1.0630611181259155,16,892,603.0904969159747
5784,1.0631128549575806,16,892,603.0904969159747
5785,1.063039779663086,16,892,603.0904969159747
5786,1.0630322694778442,16,892,603.0904969159747
5787,1.0631325244903564,16,892,603.0904969159747
5788,1.063042163848877,16,892,603.0904969159747
5789,1.0630582571029663,16,892,603.0904969159747
5790,1.0630306005477905,16,892,603.0904969159747
5791,1.0631022453308105,16,892,603.0904969159747
5792,1.0631211996078491,16,892,603.0904969159747
5793,1.063105583190918,16,892,603.0904969159747
5794,1.0630364418029785,16,892,603.0904969159747
5795,1.063257098197937,16,892,603.0904969159747
5796,1.063228964805603,16,892,603.0904969159747
5797,1.0630568265914917,16,892,603.0904969159747
5798,1.0631204843521118,16,892,603.0904969159747
5799,1.06312096118927,16,892,603.0904969159747
5800,1.063084602355957,16,892,603.0904969159747
5801,1.063065528869629,16,892,603.0904969159747
5802,1.063044786453247,16,892,603.0904969159747
5803,1.0630340576171875,16,892,603.0904969159747
5804,1.0631459951400757,16,892,603.0904969159747
5805,1.0630278587341309,16,892,603.0904969159747
5806,1.0630366802215576,16,892,603.0904969159747
5807,1.0630855560302734,16,892,603.0904969159747
5808,1.0630693435668945,16,892,603.0904969159747
5809,1.0630930662155151,16,892,603.0904969159747
5810,1.0630574226379395,16,892,603.0904969159747
5811,1.0630974769592285,16,892,603.0904969159747
5812,1.0630290508270264,16,892,603.0904969159747
5813,1.0630254745483398,16,892,603.0904969159747
5814,1.063118577003479,16,892,603.0904969159747
5815,1.063040852546692,16,892,603.0904969159747
5816,1.063055396080017,16,892,603.0904969159747
5817,1.0630203485488892,16,892,603.0904969159747
5818,1.0632041692733765,16,892,603.0904969159747
5819,1.0631083250045776,16,892,603.0904969159747
5820,1.0631238222122192,16,892,603.0904969159747
5821,1.0632094144821167,16,892,603.0904969159747
5822,1.0632319450378418,16,892,603.0904969159747
5823,1.0632067918777466,16,892,603.0904969159747
5824,1.0631439685821533,16,892,603.0904969159747
5825,1.0630323886871338,16,892,603.0904969159747
5826,1.063315749168396,16,892,603.0904969159747
5827,1.0633652210235596,16,892,603.0904969159747
5828,1.0631614923477173,16,892,603.0904969159747
5829,1.063140630722046,16,892,603.0904969159747
5830,1.0632659196853638,16,892,603.0904969159747
5831,1.0633269548416138,16,892,603.0904969159747
5832,1.0633341073989868,16,892,603.0904969159747
5833,1.0632860660552979,16,892,603.0904969159747
5834,1.0631974935531616,16,892,603.0904969159747
5835,1.0630712509155273,16,892,603.0904969159747
5836,1.063253402709961,16,892,603.0904969159747
5837,1.0633360147476196,16,892,603.0904969159747
5838,1.0631614923477173,16,892,603.0904969159747
5839,1.063124656677246,16,892,603.0904969159747
5840,1.0632315874099731,16,892,603.0904969159747
5841,1.0632874965667725,16,892,603.0904969159747
5842,1.0632829666137695,16,892,603.0904969159747
5843,1.063231110572815,16,892,603.0904969159747
5844,1.0631377696990967,16,892,603.0904969159747
5845,1.0630109310150146,16,892,603.0904969159747
5846,1.063378095626831,16,892,603.0904969159747
5847,1.0634679794311523,16,892,603.0904969159747
5848,1.0633116960525513,16,892,603.0904969159747
5849,1.063045859336853,16,892,603.0904969159747
5850,1.0631481409072876,16,892,603.0904969159747
5851,1.0631967782974243,16,892,603.0904969159747
5852,1.06319260597229,16,892,603.0904969159747
5853,1.0631444454193115,16,892,603.0904969159747
5854,1.0630567073822021,16,892,603.0904969159747
5855,1.0631883144378662,16,892,603.0904969159747
5856,1.0632052421569824,16,892,603.0904969159747
5857,1.063024640083313,16,892,603.0904969159747
5858,1.0630662441253662,16,892,603.0904969159747
5859,1.063060998916626,16,892,603.0904969159747
5860,1.0630123615264893,16,892,603.0904969159747
5861,1.0632028579711914,16,892,603.0904969159747
5862,1.063144564628601,16,892,603.0904969159747
5863,1.06307053565979,16,892,603.0904969159747
5864,1.0631424188613892,16,892,603.0904969159747
5865,1.06316077709198,16,892,603.0904969159747
5866,1.0631353855133057,16,892,603.0904969159747
5867,1.0630559921264648,16,892,603.0904969159747
5868,1.063126564025879,16,892,603.0904969159747
5869,1.0631108283996582,16,892,603.0904969159747
5870,1.0630640983581543,16,892,603.0904969159747
5871,1.0631247758865356,16,892,603.0904969159747
5872,1.063119649887085,16,892,603.0904969159747
5873,1.0630849599838257,16,892,603.0904969159747
5874,1.0630078315734863,16,892,603.0904969159747
5875,1.0632655620574951,16,892,603.0904969159747
5876,1.0632719993591309,16,892,603.0904969159747
5877,1.0630300045013428,16,892,603.0904969159747
5878,1.0631837844848633,16,892,603.0904969159747
5879,1.0633236169815063,16,892,603.0904969159747
5880,1.063394546508789,16,892,603.0904969159747
5881,1.063405990600586,16,892,603.0904969159747
5882,1.0633704662322998,16,892,603.0904969159747
5883,1.0632930994033813,16,892,603.0904969159747
5884,1.063170075416565,16,892,603.0904969159747
5885,1.063019871711731,16,892,603.0904969159747
5886,1.0633610486984253,16,892,603.0904969159747
5887,1.0634982585906982,16,892,603.0904969159747
5888,1.063390851020813,16,892,603.0904969159747
5889,1.0630574226379395,16,892,603.0904969159747
5890,1.0632027387619019,16,892,603.0904969159747
5891,1.0633704662322998,16,892,603.0904969159747
5892,1.0634849071502686,16,892,603.0904969159747
5893,1.063523530960083,16,892,603.0904969159747
5894,1.063511848449707,16,892,603.0904969159747
5895,1.06344735622406,16,892,603.0904969159747
5896,1.0633387565612793,16,892,603.0904969159747
5897,1.0631940364837646,16,892,603.0904969159747
5898,1.0630285739898682,16,892,603.0904969159747
5899,1.0633591413497925,16,892,603.0904969159747
5900,1.0635290145874023,16,892,603.0904969159747
5901,1.0634592771530151,16,892,603.0904969159747
5902,1.0631725788116455,16,892,603.0904969159747
5903,1.0631264448165894,16,892,603.0904969159747
5904,1.0632710456848145,16,892,603.0904969159747
5905,1.0633609294891357,16,892,603.0904969159747
5906,1.063400387763977,16,892,603.0904969159747
5907,1.0633790493011475,16,892,603.0904969159747
5908,1.063315749168396,16,892,603.0904969159747
5909,1.0632095336914062,16,892,603.0904969159747
5910,1.0630782842636108,16,892,603.0904969159747
5911,1.0631563663482666,16,892,603.0904969159747
5912,1.063264012336731,16,892,603.0904969159747
5913,1.0631402730941772,16,892,603.0904969159747
5914,1.0630649328231812,16,892,603.0904969159747
5915,1.063157558441162,16,892,603.0904969159747
5916,1.063193917274475,16,892,603.0904969159747
5917,1.063189148902893,16,892,603.0904969159747
5918,1.0631356239318848,16,892,603.0904969159747
5919,1.0630519390106201,16,892,603.0904969159747
5920,1.0631163120269775,16,892,603.0904969159747
5921,1.0631394386291504,16,892,603.0904969159747
5922,1.0630050897598267,16,892,603.0904969159747
5923,1.0630425214767456,16,892,603.0904969159747
5924,1.063037395477295,16,892,603.0904969159747
5925,1.062984824180603,16,892,603.0904969159747
5926,1.0631654262542725,16,892,603.0904969159747
5927,1.063110589981079,16,892,603.0904969159747
5928,1.0630418062210083,16,892,603.0904969159747
5929,1.0631026029586792,16,892,603.0904969159747
5930,1.0631130933761597,16,892,603.0904969159747
5931,1.0630947351455688,16,892,603.0904969159747
5932,1.0630285739898682,16,892,603.0904969159747
5933,1.0631029605865479,16,892,603.0904969159747
5934,1.063086986541748,16,892,603.0904969159747
5935,1.0630310773849487,16,892,603.0904969159747
5936,1.0630874633789062,16,892,603.0904969159747
5937,1.0630933046340942,16,892,603.0904969159747
5938,1.0630496740341187,16,892,603.0904969159747
5939,1.0629887580871582,16,892,603.0904969159747
5940,1.0632224082946777,16,892,603.0904969159747
5941,1.0632240772247314,16,892,603.0904969159747
5942,1.0630015134811401,16,892,603.0904969159747
5943,1.0631499290466309,16,892,603.0904969159747
5944,1.063274621963501,16,892,603.0904969159747
5945,1.06334388256073,16,892,603.0904969159747
5946,1.0633578300476074,16,892,603.0904969159747
5947,1.0633233785629272,16,892,603.0904969159747
5948,1.0632518529891968,16,892,603.0904969159747
5949,1.063139796257019,16,892,603.0904969159747
5950,1.0630009174346924,16,892,603.0904969159747
5951,1.0633001327514648,16,892,603.0904969159747
5952,1.0634242296218872,16,892,603.0904969159747
5953,1.0633236169815063,16,892,603.0904969159747
5954,1.063010811805725,16,892,603.0904969159747
5955,1.0631659030914307,16,892,603.0904969159747
5956,1.063335657119751,16,892,603.0904969159747
5957,1.0634251832962036,16,892,603.0904969159747
5958,1.0634714365005493,16,892,603.0904969159747
5959,1.0634559392929077,16,892,603.0904969159747
5960,1.0633960962295532,16,892,603.0904969159747
5961,1.063293695449829,16,892,603.0904969159747
5962,1.0631625652313232,16,892,603.0904969159747
5963,1.0630041360855103,16,892,603.0904969159747
5964,1.0632965564727783,16,892,603.0904969159747
5965,1.0634530782699585,16,892,603.0904969159747
5966,1.0633893013000488,16,892,603.0904969159747
5967,1.0631166696548462,16,892,603.0904969159747
5968,1.0630993843078613,16,892,603.0904969159747
5969,1.063238263130188,16,892,603.0904969159747
5970,1.0633256435394287,16,892,603.0904969159747
5971,1.0633511543273926,16,892,603.0904969159747
5972,1.063340663909912,16,892,603.0904969159747
5973,1.063278317451477,16,892,603.0904969159747
5974,1.0631779432296753,16,892,603.0904969159747
5975,1.0630557537078857,16,892,603.0904969159747
5976,1.0631070137023926,16,892,603.0904969159747
5977,1.0632063150405884,16,892,603.0904969159747
5978,1.0630887746810913,16,892,603.0904969159747
5979,1.0630419254302979,16,892,603.0904969159747
5980,1.0631358623504639,16,892,603.0904969159747
5981,1.0631630420684814,16,892,603.0904969159747
5982,1.0631569623947144,16,892,603.0904969159747
5983,1.063111662864685,16,892,603.0904969159747
5984,1.0630300045013428,16,892,603.0904969159747
5985,1.0630664825439453,16,892,603.0904969159747
5986,1.0630873441696167,16,892,603.0904969159747
5987,1.0629889965057373,16,892,603.0904969159747
5988,1.063023567199707,16,892,603.0904969159747
5989,1.0630207061767578,16,892,603.0904969159747
5990,1.062984585762024,16,892,603.0904969159747
5991,1.063106656074524,16,892,603.0904969159747
5992,1.0630545616149902,16,892,603.0904969159747
5993,1.0630286931991577,16,892,603.0904969159747
5994,1.0630916357040405,16,892,603.0904969159747
5995,1.0631028413772583,16,892,603.0904969159747
5996,1.0630817413330078,16,892,603.0904969159747
5997,1.0630245208740234,16,892,603.0904969159747
5998,1.0630403757095337,16,892,603.0904969159747
5999,1.0630234479904175,16,892,603.0904969159747
6000,1.0630282163619995,16,892,603.0904969159747
6001,1.0630717277526855,16,892,603.0904969159747
6002,1.0630792379379272,16,892,603.0904969159747
6003,1.0630426406860352,16,892,603.0904969159747
6004,1.06297767162323,16,892,603.0904969159747
6005,1.0631486177444458,16,892,603.0904969159747
6006,1.0631468296051025,16,892,603.0904969159747
6007,1.0629633665084839,16,892,603.0904969159747
6008,1.0630100965499878,16,892,603.0904969159747
6009,1.0630018711090088,16,892,603.0904969159747
6010,1.062969446182251,16,892,603.0904969159747
6011,1.0630898475646973,16,892,603.0904969159747
6012,1.0630252361297607,16,892,603.0904969159747
6013,1.0630414485931396,16,892,603.0904969159747
6014,1.0631052255630493,16,892,603.0904969159747
6015,1.0631216764450073,16,892,603.0904969159747
6016,1.0630931854248047,16,892,603.0904969159747
6017,1.0630377531051636,16,892,603.0904969159747
6018,1.0629713535308838,16,892,603.0904969159747
6019,1.062951922416687,16,892,603.0904969159747
6020,1.0630499124526978,16,892,603.0904969159747
6021,1.0631048679351807,16,892,603.0904969159747
6022,1.0631040334701538,16,892,603.0904969159747
6023,1.0630680322647095,16,892,603.0904969159747
6024,1.0630016326904297,16,892,603.0904969159747
6025,1.063069224357605,16,892,603.0904969159747
6026,1.0630674362182617,16,892,603.0904969159747
6027,1.0629922151565552,16,892,603.0904969159747
6028,1.0630303621292114,16,892,603.0904969159747
6029,1.0630383491516113,16,892,603.0904969159747
6030,1.0629962682724,16,892,603.0904969159747
6031,1.063011646270752,16,892,603.0904969159747
6032,1.0629488229751587,16,892,603.0904969159747
6033,1.0629833936691284,16,892,603.0904969159747
6034,1.0630086660385132,16,892,603.0904969159747
6035,1.0630420446395874,16,892,603.0904969159747
6036,1.0630310773849487,16,892,603.0904969159747
6037,1.0629805326461792,16,892,603.0904969159747
6038,1.0630500316619873,16,892,603.0904969159747
6039,1.0630048513412476,16,892,603.0904969159747
6040,1.0630234479904175,16,892,603.0904969159747
6041,1.063080906867981,16,892,603.0904969159747
6042,1.0630924701690674,16,892,603.0904969159747
6043,1.063066005706787,16,892,603.0904969159747
6044,1.0629957914352417,16,892,603.0904969159747
6045,1.0630303621292114,16,892,603.0904969159747
6046,1.0630203485488892,16,892,603.0904969159747
6047,1.063001275062561,16,892,603.0904969159747
6048,1.0630531311035156,16,892,603.0904969159747
6049,1.0630501508712769,16,892,603.0904969159747
6050,1.0630145072937012,16,892,603.0904969159747
6051,1.062942624092102,16,892,603.0904969159747
6052,1.063177227973938,16,892,603.0904969159747
6053,1.0631821155548096,16,892,603.0904969159747
6054,1.0629675388336182,16,892,603.0904969159747
6055,1.0630978345870972,16,892,603.0904969159747
6056,1.0632257461547852,16,892,603.0904969159747
6057,1.0632967948913574,16,892,603.0904969159747
6058,1.0633047819137573,16,892,603.0904969159747
6059,1.0632719993591309,16,892,603.0904969159747
6060,1.0631921291351318,16,892,603.0904969159747
6061,1.0630793571472168,16,892,603.0904969159747
6062,1.0629442930221558,16,892,603.0904969159747
6063,1.0632882118225098,16,892,603.0904969159747
6064,1.0634148120880127,16,892,603.0904969159747
6065,1.063316822052002,16,892,603.0904969159747
6066,1.063019037246704,16,892,603.0904969159747
6067,1.0631052255630493,16,892,603.0904969159747
6068,1.0632526874542236,16,892,603.0904969159747
6069,1.0633519887924194,16,892,603.0904969159747
6070,1.0633902549743652,16,892,603.0904969159747
6071,1.0633726119995117,16,892,603.0904969159747
6072,1.063313364982605,16,892,603.0904969159747
6073,1.0632144212722778,16,892,603.0904969159747
6074,1.0630829334259033,16,892,603.0904969159747
6075,1.0629310607910156,16,892,603.0904969159747
6076,1.0633254051208496,16,892,603.0904969159747
6077,1.0634812116622925,16,892,603.0904969159747
6078,1.0634206533432007,16,892,603.0904969159747
6079,1.063166856765747,16,892,603.0904969159747
6080,1.0630172491073608,16,892,603.0904969159747
6081,1.063140630722046,16,892,603.0904969159747
6082,1.0632224082946777,16,892,603.0904969159747
6083,1.063251256942749,16,892,603.0904969159747
6084,1.0632356405258179,16,892,603.0904969159747
6085,1.0631754398345947,16,892,603.0904969159747
6086,1.0630803108215332,16,892,603.0904969159747
6087,1.0629680156707764,16,892,603.0904969159747
6088,1.0631699562072754,16,892,603.0904969159747
6089,1.063271403312683,16,892,603.0904969159747
6090,1.0631593465805054,16,892,603.0904969159747
6091,1.0629545450210571,16,892,603.0904969159747
6092,1.0630332231521606,16,892,603.0904969159747
6093,1.063066005706787,16,892,603.0904969159747
6094,1.0630621910095215,16,892,603.0904969159747
6095,1.0630176067352295,16,892,603.0904969159747
6096,1.0629407167434692,16,892,603.0904969159747
6097,1.0631369352340698,16,892,603.0904969159747
6098,1.0631554126739502,16,892,603.0904969159747
6099,1.062970757484436,16,892,603.0904969159747
6100,1.0630565881729126,16,892,603.0904969159747
6101,1.0631663799285889,16,892,603.0904969159747
6102,1.0632259845733643,16,892,603.0904969159747
6103,1.0632296800613403,16,892,603.0904969159747
6104,1.0631986856460571,16,892,603.0904969159747
6105,1.0631272792816162,16,892,603.0904969159747
6106,1.0630301237106323,16,892,603.0904969159747
6107,1.0629663467407227,16,892,603.0904969159747
6108,1.0630296468734741,16,892,603.0904969159747
6109,1.0629353523254395,16,892,603.0904969159747
6110,1.0629514455795288,16,892,603.0904969159747
6111,1.0629385709762573,16,892,603.0904969159747
6112,1.0629969835281372,16,892,603.0904969159747
6113,1.062922716140747,16,892,603.0904969159747
6114,1.0629231929779053,16,892,603.0904969159747
6115,1.062982439994812,16,892,603.0904969159747
6116,1.0629444122314453,16,892,603.0904969159747
6117,1.0629565715789795,16,892,603.0904969159747
6118,1.0629355907440186,16,892,603.0904969159747
6119,1.0630145072937012,16,892,603.0904969159747
6120,1.0629304647445679,16,892,603.0904969159747
6121,1.0630247592926025,16,892,603.0904969159747
6122,1.0630980730056763,16,892,603.0904969159747
6123,1.063114881515503,16,892,603.0904969159747
6124,1.0631037950515747,16,892,603.0904969159747
6125,1.0630512237548828,16,892,603.0904969159747
6126,1.0629651546478271,16,892,603.0904969159747
6127,1.063063621520996,16,892,603.0904969159747
6128,1.063100814819336,16,892,603.0904969159747
6129,1.062925934791565,16,892,603.0904969159747
6130,1.0630502700805664,16,892,603.0904969159747
6131,1.0631638765335083,16,892,603.0904969159747
6132,1.0632202625274658,16,892,603.0904969159747
6133,1.0632214546203613,16,892,603.0904969159747
6134,1.0631802082061768,16,892,603.0904969159747
6135,1.0631077289581299,16,892,603.0904969159747
6136,1.0630022287368774,16,892,603.0904969159747
6137,1.062999963760376,16,892,603.0904969159747
6138,1.0630676746368408,16,892,603.0904969159747
6139,1.062926173210144,16,892,603.0904969159747
6140,1.0630412101745605,16,892,603.0904969159747
6141,1.0631389617919922,16,892,603.0904969159747
6142,1.0631792545318604,16,892,603.0904969159747
6143,1.0631781816482544,16,892,603.0904969159747
6144,1.063133955001831,16,892,603.0904969159747
6145,1.063058614730835,16,892,603.0904969159747
6146,1.062947154045105,16,892,603.0904969159747
6147,1.063119888305664,16,892,603.0904969159747
6148,1.063198447227478,16,892,603.0904969159747
6149,1.063067078590393,16,892,603.0904969159747
6150,1.0629727840423584,16,892,603.0904969159747
6151,1.0630561113357544,16,892,603.0904969159747
6152,1.0630964040756226,16,892,603.0904969159747
6153,1.0630908012390137,16,892,603.0904969159747
6154,1.0630521774291992,16,892,603.0904969159747
6155,1.0629774332046509,16,892,603.0904969159747
6156,1.0629734992980957,16,892,603.0904969159747
6157,1.0629874467849731,16,892,603.0904969159747
6158,1.0629472732543945,16,892,603.0904969159747
6159,1.062982201576233,16,892,603.0904969159747
6160,1.062974214553833,16,892,603.0904969159747
6161,1.0629322528839111,16,892,603.0904969159747
6162,1.0629888772964478,16,892,603.0904969159747
6163,1.062937617301941,16,892,603.0904969159747
6164,1.0629907846450806,16,892,603.0904969159747
6165,1.063052773475647,16,892,603.0904969159747
6166,1.0630635023117065,16,892,603.0904969159747
6167,1.063041090965271,16,892,603.0904969159747
6168,1.0629780292510986,16,892,603.0904969159747
6169,1.062922477722168,16,892,603.0904969159747
6170,1.062906265258789,16,892,603.0904969159747
6171,1.0629870891571045,16,892,603.0904969159747
6172,1.0630319118499756,16,892,603.0904969159747
6173,1.063039779663086,16,892,603.0904969159747
6174,1.0630011558532715,16,892,603.0904969159747
6175,1.0629322528839111,16,892,603.0904969159747
6176,1.0630344152450562,16,892,603.0904969159747
6177,1.0630382299423218,16,892,603.0904969159747
6178,1.0629228353500366,16,892,603.0904969159747
6179,1.0629597902297974,16,892,603.0904969159747
6180,1.0629611015319824,16,892,603.0904969159747
6181,1.0629196166992188,16,892,603.0904969159747
6182,1.0629903078079224,16,892,603.0904969159747
6183,1.062931776046753,16,892,603.0904969159747
6184,1.062981367111206,16,892,603.0904969159747
6185,1.0630460977554321,16,892,603.0904969159747
6186,1.0630663633346558,16,892,603.0904969159747
6187,1.0630416870117188,16,892,603.0904969159747
6188,1.0629751682281494,16,892,603.0904969159747
6189,1.0628947019577026,16,892,603.0904969159747
6190,1.0631721019744873,16,892,603.0904969159747
6191,1.063218593597412,16,892,603.0904969159747
6192,1.0630613565444946,16,892,603.0904969159747
6193,1.0629634857177734,16,892,603.0904969159747
6194,1.063064455986023,16,892,603.0904969159747
6195,1.0631096363067627,16,892,603.0904969159747
6196,1.063113808631897,16,892,603.0904969159747
6197,1.0630667209625244,16,892,603.0904969159747
6198,1.0629996061325073,16,892,603.0904969159747
6199,1.0628913640975952,16,892,603.0904969159747
6200,1.0631675720214844,16,892,603.0904969159747
6201,1.0632351636886597,16,892,603.0904969159747
6202,1.0631004571914673,16,892,603.0904969159747
6203,1.0629369020462036,16,892,603.0904969159747
6204,1.0630210638046265,16,892,603.0904969159747
6205,1.0630712509155273,16,892,603.0904969159747
6206,1.0630619525909424,16,892,603.0904969159747
6207,1.063014030456543,16,892,603.0904969159747
6208,1.0629421472549438,16,892,603.0904969159747
6209,1.0629820823669434,16,892,603.0904969159747
6210,1.0629934072494507,16,892,603.0904969159747
6211,1.0629154443740845,16,892,603.0904969159747
6212,1.0629467964172363,16,892,603.0904969159747
6213,1.0629479885101318,16,892,603.0904969159747
6214,1.0629087686538696,16,892,603.0904969159747
6215,1.0629886388778687,16,892,603.0904969159747
6216,1.0629369020462036,16,892,603.0904969159747
6217,1.0629609823226929,16,892,603.0904969159747
6218,1.0630228519439697,16,892,603.0904969159747
6219,1.0630406141281128,16,892,603.0904969159747
6220,1.0630080699920654,16,892,603.0904969159747
6221,1.0629528760910034,16,892,603.0904969159747
6222,1.0629183053970337,16,892,603.0904969159747
6223,1.0629055500030518,16,892,603.0904969159747
6224,1.06295907497406,16,892,603.0904969159747
6225,1.0630031824111938,16,892,603.0904969159747
6226,1.0630024671554565,16,892,603.0904969159747
6227,1.0629711151123047,16,892,603.0904969159747
6228,1.0629037618637085,16,892,603.0904969159747
6229,1.0630377531051636,16,892,603.0904969159747
6230,1.06304132938385,16,892,603.0904969159747
6231,1.0628926753997803,16,892,603.0904969159747
6232,1.06293523311615,16,892,603.0904969159747
6233,1.06293523311615,16,892,603.0904969159747
6234,1.062891960144043,16,892,603.0904969159747
6235,1.0630017518997192,16,892,603.0904969159747
6236,1.0629396438598633,16,892,603.0904969159747
6237,1.062949538230896,16,892,603.0904969159747
6238,1.0630149841308594,16,892,603.0904969159747
6239,1.0630282163619995,16,892,603.0904969159747
6240,1.063004970550537,16,892,603.0904969159747
6241,1.062951683998108,16,892,603.0904969159747
6242,1.0629032850265503,16,892,603.0904969159747
6243,1.0628902912139893,16,892,603.0904969159747
6244,1.0629534721374512,16,892,603.0904969159747
6245,1.063004970550537,16,892,603.0904969159747
6246,1.06300950050354,16,892,603.0904969159747
6247,1.0629762411117554,16,892,603.0904969159747
6248,1.0629087686538696,16,892,603.0904969159747
6249,1.0630179643630981,16,892,603.0904969159747
6250,1.0630227327346802,16,892,603.0904969159747
6251,1.0628924369812012,16,892,603.0904969159747
6252,1.062930941581726,16,892,603.0904969159747
6253,1.0629311800003052,16,892,603.0904969159747
6254,1.0628924369812012,16,892,603.0904969159747
6255,1.0629777908325195,16,892,603.0904969159747
6256,1.0629225969314575,16,892,603.0904969159747
6257,1.0629472732543945,16,892,603.0904969159747
6258,1.0630111694335938,16,892,603.0904969159747
6259,1.0630265474319458,16,892,603.0904969159747
6260,1.0630074739456177,16,892,603.0904969159747
6261,1.0629483461380005,16,892,603.0904969159747
6262,1.0628892183303833,16,892,603.0904969159747
6263,1.062874436378479,16,892,603.0904969159747
6264,1.0629572868347168,16,892,603.0904969159747
6265,1.0630055665969849,16,892,603.0904969159747
6266,1.0630133152008057,16,892,603.0904969159747
6267,1.0629706382751465,16,892,603.0904969159747
6268,1.0628951787948608,16,892,603.0904969159747
6269,1.063010334968567,16,892,603.0904969159747
6270,1.0630139112472534,16,892,603.0904969159747
6271,1.0628823041915894,16,892,603.0904969159747
6272,1.0629315376281738,16,892,603.0904969159747
6273,1.062925100326538,16,892,603.0904969159747
6274,1.0628798007965088,16,892,603.0904969159747
6275,1.0629791021347046,16,892,603.0904969159747
6276,1.0629186630249023,16,892,603.0904969159747
6277,1.0629496574401855,16,892,603.0904969159747
6278,1.0630016326904297,16,892,603.0904969159747
6279,1.0630265474319458,16,892,603.0904969159747
6280,1.0629976987838745,16,892,603.0904969159747
6281,1.0629360675811768,16,892,603.0904969159747
6282,1.0628916025161743,16,892,603.0904969159747
6283,1.0628777742385864,16,892,603.0904969159747
6284,1.0629453659057617,16,892,603.0904969159747
6285,1.0629959106445312,16,892,603.0904969159747
6286,1.0629944801330566,16,892,603.0904969159747
6287,1.0629563331604004,16,892,603.0904969159747
6288,1.0628900527954102,16,892,603.0904969159747
6289,1.0630156993865967,16,892,603.0904969159747
6290,1.0630220174789429,16,892,603.0904969159747
6291,1.0628759860992432,16,892,603.0904969159747
6292,1.0629116296768188,16,892,603.0904969159747
6293,1.0629075765609741,16,892,603.0904969159747
6294,1.0628734827041626,16,892,603.0904969159747
6295,1.062985897064209,16,892,603.0904969159747
6296,1.062928557395935,16,892,603.0904969159747
6297,1.0629284381866455,16,892,603.0904969159747
6298,1.0629931688308716,16,892,603.0904969159747
6299,1.0630156993865967,16,892,603.0904969159747
6300,1.0629864931106567,16,892,603.0904969159747
6301,1.0629245042800903,16,892,603.0904969159747
6302,1.062902569770813,16,892,603.0904969159747
6303,1.0711928606033325,32,892,603.0904969159747
6304,1.0711222887039185,32,892,603.0904969159747
6305,1.0709481239318848,32,892,603.0904969159747
6306,1.070620059967041,32,892,603.0904969159747
6307,1.070039987564087,32,892,603.0904969159747
6308,1.0690381526947021,32,892,603.0904969159747
6309,1.067409634590149,32,892,603.0904969159747
6310,1.0654301643371582,32,892,603.0904969159747
6311,1.0639632940292358,32,892,603.0904969159747
6312,1.0633174180984497,32,892,603.0904969159747
6313,1.0630885362625122,32,892,603.0904969159747
6314,1.0630089044570923,32,892,603.0904969159747
6315,1.0629750490188599,32,892,603.0904969159747
6316,1.0629488229751587,32,892,603.0904969159747
6317,1.0629469156265259,32,892,603.0904969159747
6318,1.0629267692565918,32,892,603.0904969159747
6319,1.062896728515625,32,892,603.0904969159747
6320,1.0628477334976196,32,892,603.0904969159747
6321,1.0627763271331787,32,892,603.0904969159747
6322,1.0626741647720337,32,892,603.0904969159747
6323,1.0626755952835083,32,892,603.0904969159747
6324,1.0629996061325073,32,892,603.0904969159747
6325,1.06304931640625,32,892,603.0904969159747
6326,1.06281578540802,32,892,603.0904969159747
6327,1.0625921487808228,32,892,603.0904969159747
6328,1.0626717805862427,32,892,603.0904969159747
6329,1.0627191066741943,32,892,603.0904969159747
6330,1.0627535581588745,32,892,603.0904969159747
6331,1.0627614259719849,32,892,603.0904969159747
6332,1.0627830028533936,32,892,603.0904969159747
6333,1.0627851486206055,32,892,603.0904969159747
6334,1.062783122062683,32,892,603.0904969159747
6335,1.062776803970337,32,892,603.0904969159747
6336,1.0627607107162476,32,892,603.0904969159747
6337,1.0627528429031372,32,892,603.0904969159747
6338,1.0627294778823853,32,892,603.0904969159747
6339,1.0627089738845825,32,892,603.0904969159747
6340,1.0626786947250366,32,892,603.0904969159747
6341,1.0626388788223267,32,892,603.0904969159747
6342,1.0625760555267334,32,892,603.0904969159747
6343,1.0627294778823853,32,892,603.0904969159747
6344,1.0627541542053223,32,892,603.0904969159747
6345,1.0625756978988647,32,892,603.0904969159747
6346,1.06264066696167,32,892,603.0904969159747
6347,1.062695026397705,32,892,603.0904969159747
6348,1.0627368688583374,32,892,603.0904969159747
6349,1.0627580881118774,32,892,603.0904969159747
6350,1.0627692937850952,32,892,603.0904969159747
6351,1.0627820491790771,32,892,603.0904969159747
6352,1.0627866983413696,32,892,603.0904969159747
6353,1.0627822875976562,32,892,603.0904969159747
6354,1.0627912282943726,32,892,603.0904969159747
6355,1.062770962715149,32,892,603.0904969159747
6356,1.0627576112747192,32,892,603.0904969159747
6357,1.0627373456954956,32,892,603.0904969159747
6358,1.0627225637435913,32,892,603.0904969159747
6359,1.0626848936080933,32,892,603.0904969159747
6360,1.0626457929611206,32,892,603.0904969159747
6361,1.0626014471054077,32,892,603.0904969159747
6362,1.062644362449646,32,892,603.0904969159747
6363,1.0626710653305054,32,892,603.0904969159747
6364,1.062572717666626,32,892,603.0904969159747
6365,1.0625922679901123,32,892,603.0904969159747
6366,1.0625990629196167,32,892,603.0904969159747
6367,1.062583088874817,32,892,603.0904969159747
6368,1.0625593662261963,32,892,603.0904969159747
6369,1.0626349449157715,32,892,603.0904969159747
6370,1.0625677108764648,32,892,603.0904969159747
6371,1.0626156330108643,32,892,603.0904969159747
6372,1.062652349472046,32,892,603.0904969159747
6373,1.0626747608184814,32,892,603.0904969159747
6374,1.0626842975616455,32,892,603.0904969159747
6375,1.0626921653747559,32,892,603.0904969159747
6376,1.0626760721206665,32,892,603.0904969159747
6377,1.0626647472381592,32,892,603.0904969159747
6378,1.0626366138458252,32,892,603.0904969159747
6379,1.0626004934310913,32,892,603.0904969159747
6380,1.062570333480835,32,892,603.0904969159747
6381,1.0625636577606201,32,892,603.0904969159747
6382,1.0625983476638794,32,892,603.0904969159747
6383,1.0626353025436401,32,892,603.0904969159747
6384,1.0626461505889893,32,892,603.0904969159747
6385,1.0626481771469116,32,892,603.0904969159747
6386,1.0626370906829834,32,892,603.0904969159747
6387,1.0626147985458374,32,892,603.0904969159747
6388,1.062577247619629,32,892,603.0904969159747
6389,1.0626307725906372,32,892,603.0904969159747
6390,1.0626025199890137,32,892,603.0904969159747
6391,1.0625920295715332,32,892,603.0904969159747
6392,1.0626351833343506,32,892,603.0904969159747
6393,1.0626453161239624,32,892,603.0904969159747
6394,1.0626490116119385,32,892,603.0904969159747
6395,1.0626397132873535,32,892,603.0904969159747
6396,1.062630295753479,32,892,603.0904969159747
6397,1.0625957250595093,32,892,603.0904969159747
6398,1.0625554323196411,32,892,603.0904969159747
6399,1.0627498626708984,32,892,603.0904969159747
6400,1.0627306699752808,32,892,603.0904969159747
6401,1.0625556707382202,32,892,603.0904969159747
6402,1.0625972747802734,32,892,603.0904969159747
6403,1.0626201629638672,32,892,603.0904969159747
6404,1.0626187324523926,32,892,603.0904969159747
6405,1.0626099109649658,32,892,603.0904969159747
6406,1.062583565711975,32,892,603.0904969159747
6407,1.0625741481781006,32,892,603.0904969159747
6408,1.0625560283660889,32,892,603.0904969159747
6409,1.062550663948059,32,892,603.0904969159747
6410,1.062598466873169,32,892,603.0904969159747
6411,1.0625760555267334,32,892,603.0904969159747
6412,1.0625872611999512,32,892,603.0904969159747
6413,1.0625783205032349,32,892,603.0904969159747
6414,1.0625656843185425,32,892,603.0904969159747
6415,1.062615156173706,32,892,603.0904969159747
6416,1.0625475645065308,32,892,603.0904969159747
6417,1.0625519752502441,32,892,603.0904969159747
6418,1.0625746250152588,32,892,603.0904969159747
6419,1.0625789165496826,32,892,603.0904969159747
6420,1.0626033544540405,32,892,603.0904969159747
6421,1.0626025199890137,32,892,603.0904969159747
6422,1.0625855922698975,32,892,603.0904969159747
6423,1.0625591278076172,32,892,603.0904969159747
6424,1.0626722574234009,32,892,603.0904969159747
6425,1.0626187324523926,32,892,603.0904969159747
6426,1.0625994205474854,32,892,603.0904969159747
6427,1.0626417398452759,32,892,603.0904969159747
6428,1.0626647472381592,32,892,603.0904969159747
6429,1.0626826286315918,32,892,603.0904969159747
6430,1.0626755952835083,32,892,603.0904969159747
6431,1.062663197517395,32,892,603.0904969159747
6432,1.0626460313796997,32,892,603.0904969159747
6433,1.0626112222671509,32,892,603.0904969159747
6434,1.0625535249710083,32,892,603.0904969159747
6435,1.0627206563949585,32,892,603.0904969159747
6436,1.0627105236053467,32,892,603.0904969159747
6437,1.0625653266906738,32,892,603.0904969159747
6438,1.062597393989563,32,892,603.0904969159747
6439,1.0626178979873657,32,892,603.0904969159747
6440,1.0626192092895508,32,892,603.0904969159747
6441,1.0626051425933838,32,892,603.0904969159747
6442,1.0625759363174438,32,892,603.0904969159747
6443,1.0625938177108765,32,892,603.0904969159747
6444,1.0625537633895874,32,892,603.0904969159747
6445,1.0625503063201904,32,892,603.0904969159747
6446,1.0626263618469238,32,892,603.0904969159747
6447,1.0625613927841187,32,892,603.0904969159747
6448,1.0625687837600708,32,892,603.0904969159747
6449,1.0625739097595215,32,892,603.0904969159747
6450,1.0625568628311157,32,892,603.0904969159747
6451,1.0626654624938965,32,892,603.0904969159747
6452,1.0625759363174438,32,892,603.0904969159747
6453,1.0626194477081299,32,892,603.0904969159747
6454,1.0626569986343384,32,892,603.0904969159747
6455,1.0626921653747559,32,892,603.0904969159747
6456,1.0627007484436035,32,892,603.0904969159747
6457,1.0627009868621826,32,892,603.0904969159747
6458,1.0626980066299438,32,892,603.0904969159747
6459,1.0626842975616455,32,892,603.0904969159747
6460,1.0626652240753174,32,892,603.0904969159747
6461,1.062632441520691,32,892,603.0904969159747
6462,1.062580943107605,32,892,603.0904969159747
6463,1.0626274347305298,32,892,603.0904969159747
6464,1.062624454498291,32,892,603.0904969159747
6465,1.0625858306884766,32,892,603.0904969159747
6466,1.0626146793365479,32,892,603.0904969159747
6467,1.0626285076141357,32,892,603.0904969159747
6468,1.0626250505447388,32,892,603.0904969159747
6469,1.062618374824524,32,892,603.0904969159747
6470,1.062583088874817,32,892,603.0904969159747
6471,1.062556505203247,32,892,603.0904969159747
6472,1.06256103515625,32,892,603.0904969159747
6473,1.0625494718551636,32,892,603.0904969159747
6474,1.0625962018966675,32,892,603.0904969159747
6475,1.062565803527832,32,892,603.0904969159747
6476,1.06258225440979,32,892,603.0904969159747
6477,1.0625813007354736,32,892,603.0904969159747
6478,1.0625596046447754,32,892,603.0904969159747
6479,1.0626327991485596,32,892,603.0904969159747
6480,1.0625486373901367,32,892,603.0904969159747
6481,1.0626221895217896,32,892,603.0904969159747
6482,1.0626643896102905,32,892,603.0904969159747
6483,1.0626935958862305,32,892,603.0904969159747
6484,1.0627045631408691,32,892,603.0904969159747
6485,1.0627087354660034,32,892,603.0904969159747
6486,1.0627025365829468,32,892,603.0904969159747
6487,1.0626939535140991,32,892,603.0904969159747
6488,1.0626702308654785,32,892,603.0904969159747
6489,1.0626320838928223,32,892,603.0904969159747
6490,1.0625967979431152,32,892,603.0904969159747
6491,1.0625947713851929,32,892,603.0904969159747
6492,1.06259286403656,32,892,603.0904969159747
6493,1.0625948905944824,32,892,603.0904969159747
6494,1.0626219511032104,32,892,603.0904969159747
6495,1.0626366138458252,32,892,603.0904969159747
6496,1.0626343488693237,32,892,603.0904969159747
6497,1.0626206398010254,32,892,603.0904969159747
6498,1.0626018047332764,32,892,603.0904969159747
6499,1.0625581741333008,32,892,603.0904969159747
6500,1.0627162456512451,32,892,603.0904969159747
6501,1.0626806020736694,32,892,603.0904969159747
6502,1.0625755786895752,32,892,603.0904969159747
6503,1.0626198053359985,32,892,603.0904969159747
6504,1.0626403093338013,32,892,603.0904969159747
6505,1.0626477003097534,32,892,603.0904969159747
6506,1.0626351833343506,32,892,603.0904969159747
6507,1.0626168251037598,32,892,603.0904969159747
6508,1.0625826120376587,32,892,603.0904969159747
6509,1.0625818967819214,32,892,603.0904969159747
6510,1.0625495910644531,32,892,603.0904969159747
6511,1.0625736713409424,32,892,603.0904969159747
6512,1.0625836849212646,32,892,603.0904969159747
6513,1.0626118183135986,32,892,603.0904969159747
6514,1.0626193284988403,32,892,603.0904969159747
6515,1.0626055002212524,32,892,603.0904969159747
6516,1.0625871419906616,32,892,603.0904969159747
6517,1.0625526905059814,32,892,603.0904969159747
6518,1.062717080116272,32,892,603.0904969159747
6519,1.0626643896102905,32,892,603.0904969159747
6520,1.0625859498977661,32,892,603.0904969159747
6521,1.062631607055664,32,892,603.0904969159747
6522,1.06265389919281,32,892,603.0904969159747
6523,1.0626535415649414,32,892,603.0904969159747
6524,1.0626534223556519,32,892,603.0904969159747
6525,1.0626413822174072,32,892,603.0904969159747
6526,1.0626074075698853,32,892,603.0904969159747
6527,1.0625684261322021,32,892,603.0904969159747
6528,1.0626713037490845,32,892,603.0904969159747
6529,1.062648057937622,32,892,603.0904969159747
6530,1.0625834465026855,32,892,603.0904969159747
6531,1.0626238584518433,32,892,603.0904969159747
6532,1.062639832496643,32,892,603.0904969159747
6533,1.0626459121704102,32,892,603.0904969159747
6534,1.0626379251480103,32,892,603.0904969159747
6535,1.0626107454299927,32,892,603.0904969159747
6536,1.062585473060608,32,892,603.0904969159747
6537,1.0625966787338257,32,892,603.0904969159747
6538,1.0625635385513306,32,892,603.0904969159747
6539,1.0626076459884644,32,892,603.0904969159747
6540,1.0626453161239624,32,892,603.0904969159747
6541,1.0626733303070068,32,892,603.0904969159747
6542,1.06267511844635,32,892,603.0904969159747
6543,1.0626657009124756,32,892,603.0904969159747
6544,1.0626517534255981,32,892,603.0904969159747
6545,1.0626307725906372,32,892,603.0904969159747
6546,1.0625898838043213,32,892,603.0904969159747
6547,1.0625959634780884,32,892,603.0904969159747
6548,1.062571406364441,32,892,603.0904969159747
6549,1.0625983476638794,32,892,603.0904969159747
6550,1.0626403093338013,32,892,603.0904969159747
6551,1.062654972076416,32,892,603.0904969159747
6552,1.0626630783081055,32,892,603.0904969159747
6553,1.0626518726348877,32,892,603.0904969159747
6554,1.0626269578933716,32,892,603.0904969159747
6555,1.0626007318496704,32,892,603.0904969159747
6556,1.062543272972107,32,892,603.0904969159747
6557,1.0627593994140625,32,892,603.0904969159747
6558,1.0627329349517822,32,892,603.0904969159747
6559,1.0625642538070679,32,892,603.0904969159747
6560,1.0626046657562256,32,892,603.0904969159747
6561,1.062627911567688,32,892,603.0904969159747
6562,1.0626282691955566,32,892,603.0904969159747
6563,1.0626176595687866,32,892,603.0904969159747
6564,1.0625951290130615,32,892,603.0904969159747
6565,1.0625454187393188,32,892,603.0904969159747
6566,1.0627166032791138,32,892,603.0904969159747
6567,1.0626697540283203,32,892,603.0904969159747
6568,1.0625853538513184,32,892,603.0904969159747
6569,1.062625527381897,32,892,603.0904969159747
6570,1.0626521110534668,32,892,603.0904969159747
6571,1.062657356262207,32,892,603.0904969159747
6572,1.0626527070999146,32,892,603.0904969159747
6573,1.062631607055664,32,892,603.0904969159747
6574,1.0626081228256226,32,892,603.0904969159747
6575,1.062551498413086,32,892,603.0904969159747
6576,1.0627095699310303,32,892,603.0904969159747
6577,1.0626784563064575,32,892,603.0904969159747
6578,1.062578797340393,32,892,603.0904969159747
6579,1.0626232624053955,32,892,603.0904969159747
6580,1.0626436471939087,32,892,603.0904969159747
6581,1.0626457929611206,32,892,603.0904969159747
6582,1.062641978263855,32,892,603.0904969159747
6583,1.062617540359497,32,892,603.0904969159747
6584,1.062574863433838,32,892,603.0904969159747
6585,1.0626165866851807,32,892,603.0904969159747
6586,1.0625745058059692,32,892,603.0904969159747
6587,1.0626015663146973,32,892,603.0904969159747
6588,1.0626415014266968,32,892,603.0904969159747
6589,1.0626676082611084,32,892,603.0904969159747
6590,1.0626775026321411,32,892,603.0904969159747
6591,1.06266450881958,32,892,603.0904969159747
6592,1.0626581907272339,32,892,603.0904969159747
6593,1.0626331567764282,32,892,603.0904969159747
6594,1.0625910758972168,32,892,603.0904969159747
6595,1.0625840425491333,32,892,603.0904969159747
6596,1.0625598430633545,32,892,603.0904969159747
6597,1.0626047849655151,32,892,603.0904969159747
6598,1.0626537799835205,32,892,603.0904969159747
6599,1.06265389919281,32,892,603.0904969159747
6600,1.062665343284607,32,892,603.0904969159747
6601,1.0626561641693115,32,892,603.0904969159747
6602,1.0626435279846191,32,892,603.0904969159747
6603,1.0626064538955688,32,892,603.0904969159747
6604,1.0625526905059814,32,892,603.0904969159747
6605,1.0627180337905884,32,892,603.0904969159747
6606,1.0626873970031738,32,892,603.0904969159747
6607,1.0625734329223633,32,892,603.0904969159747
6608,1.0626167058944702,32,892,603.0904969159747
6609,1.0626342296600342,32,892,603.0904969159747
6610,1.062641978263855,32,892,603.0904969159747
6611,1.0626280307769775,32,892,603.0904969159747
6612,1.0626107454299927,32,892,603.0904969159747
6613,1.0625613927841187,32,892,603.0904969159747
6614,1.0626499652862549,32,892,603.0904969159747
6615,1.0626055002212524,32,892,603.0904969159747
6616,1.062600016593933,32,892,603.0904969159747
6617,1.0626435279846191,32,892,603.0904969159747
6618,1.0626634359359741,32,892,603.0904969159747
6619,1.0626643896102905,32,892,603.0904969159747
6620,1.0626736879348755,32,892,603.0904969159747
6621,1.062658667564392,32,892,603.0904969159747
6622,1.062623381614685,32,892,603.0904969159747
6623,1.0625776052474976,32,892,603.0904969159747
6624,1.0626139640808105,32,892,603.0904969159747
6625,1.0625874996185303,32,892,603.0904969159747
6626,1.0626012086868286,32,892,603.0904969159747
6627,1.0626389980316162,32,892,603.0904969159747
6628,1.0626622438430786,32,892,603.0904969159747
6629,1.0626639127731323,32,892,603.0904969159747
6630,1.0626506805419922,32,892,603.0904969159747
6631,1.06264066696167,32,892,603.0904969159747
6632,1.0626004934310913,32,892,603.0904969159747
6633,1.0625462532043457,32,892,603.0904969159747
6634,1.062741756439209,32,892,603.0904969159747
6635,1.0627111196517944,32,892,603.0904969159747
6636,1.0625618696212769,32,892,603.0904969159747
6637,1.0626132488250732,32,892,603.0904969159747
6638,1.0626357793807983,32,892,603.0904969159747
6639,1.062642216682434,32,892,603.0904969159747
6640,1.0626335144042969,32,892,603.0904969159747
6641,1.062604546546936,32,892,603.0904969159747
6642,1.0625675916671753,32,892,603.0904969159747
6643,1.0626474618911743,32,892,603.0904969159747
6644,1.06260085105896,32,892,603.0904969159747
6645,1.062601923942566,32,892,603.0904969159747
6646,1.062650442123413,32,892,603.0904969159747
6647,1.0626641511917114,32,892,603.0904969159747
6648,1.0626782178878784,32,892,603.0904969159747
6649,1.062676191329956,32,892,603.0904969159747
6650,1.0626527070999146,32,892,603.0904969159747
6651,1.0626298189163208,32,892,603.0904969159747
6652,1.0625882148742676,32,892,603.0904969159747
6653,1.0625876188278198,32,892,603.0904969159747
6654,1.0625581741333008,32,892,603.0904969159747
6655,1.0626068115234375,32,892,603.0904969159747
6656,1.0626459121704102,32,892,603.0904969159747
6657,1.0626713037490845,32,892,603.0904969159747
6658,1.062671422958374,32,892,603.0904969159747
6659,1.0626623630523682,32,892,603.0904969159747
6660,1.0626507997512817,32,892,603.0904969159747
6661,1.0626088380813599,32,892,603.0904969159747
6662,1.0625582933425903,32,892,603.0904969159747
6663,1.0626909732818604,32,892,603.0904969159747
6664,1.0626579523086548,32,892,603.0904969159747
6665,1.06258225440979,32,892,603.0904969159747
6666,1.0626254081726074,32,892,603.0904969159747
6667,1.0626448392868042,32,892,603.0904969159747
6668,1.0626556873321533,32,892,603.0904969159747
6669,1.062644600868225,32,892,603.0904969159747
6670,1.0626182556152344,32,892,603.0904969159747
6671,1.0625869035720825,32,892,603.0904969159747
6672,1.062590479850769,32,892,603.0904969159747
6673,1.0625412464141846,32,892,603.0904969159747
6674,1.0626107454299927,32,892,603.0904969159747
6675,1.0626540184020996,32,892,603.0904969159747
6676,1.0626792907714844,32,892,603.0904969159747
6677,1.0626946687698364,32,892,603.0904969159747
6678,1.0626797676086426,32,892,603.0904969159747
6679,1.0626659393310547,32,892,603.0904969159747
6680,1.0626457929611206,32,892,603.0904969159747
6681,1.0625990629196167,32,892,603.0904969159747
6682,1.0625439882278442,32,892,603.0904969159747
6683,1.0627690553665161,32,892,603.0904969159747
6684,1.062753677368164,32,892,603.0904969159747
6685,1.0625605583190918,32,892,603.0904969159747
6686,1.0626028776168823,32,892,603.0904969159747
6687,1.0626235008239746,32,892,603.0904969159747
6688,1.0626291036605835,32,892,603.0904969159747
6689,1.0626161098480225,32,892,603.0904969159747
6690,1.0625896453857422,32,892,603.0904969159747
6691,1.0625416040420532,32,892,603.0904969159747
6692,1.0627621412277222,32,892,603.0904969159747
6693,1.062711238861084,32,892,603.0904969159747
6694,1.062570571899414,32,892,603.0904969159747
6695,1.0626236200332642,32,892,603.0904969159747
6696,1.0626485347747803,32,892,603.0904969159747
6697,1.0626667737960815,32,892,603.0904969159747
6698,1.0626630783081055,32,892,603.0904969159747
6699,1.062641978263855,32,892,603.0904969159747
6700,1.0626059770584106,32,892,603.0904969159747
6701,1.0625580549240112,32,892,603.0904969159747
6702,1.0626953840255737,32,892,603.0904969159747
6703,1.0626578330993652,32,892,603.0904969159747
6704,1.062583565711975,32,892,603.0904969159747
6705,1.062630295753479,32,892,603.0904969159747
6706,1.0626535415649414,32,892,603.0904969159747
6707,1.0626598596572876,32,892,603.0904969159747
6708,1.0626529455184937,32,892,603.0904969159747
6709,1.0626323223114014,32,892,603.0904969159747
6710,1.0625942945480347,32,892,603.0904969159747
6711,1.0625449419021606,32,892,603.0904969159747
6712,1.0627706050872803,32,892,603.0904969159747
6713,1.0627362728118896,32,892,603.0904969159747
6714,1.0625613927841187,32,892,603.0904969159747
6715,1.062605619430542,32,892,603.0904969159747
6716,1.0626380443572998,32,892,603.0904969159747
6717,1.0626471042633057,32,892,603.0904969159747
6718,1.062636137008667,32,892,603.0904969159747
6719,1.0626128911972046,32,892,603.0904969159747
6720,1.0625720024108887,32,892,603.0904969159747
6721,1.0626168251037598,32,892,603.0904969159747
6722,1.0625630617141724,32,892,603.0904969159747
6723,1.0626027584075928,32,892,603.0904969159747
6724,1.062645435333252,32,892,603.0904969159747
6725,1.062675952911377,32,892,603.0904969159747
6726,1.0626786947250366,32,892,603.0904969159747
6727,1.0626859664916992,32,892,603.0904969159747
6728,1.0626639127731323,32,892,603.0904969159747
6729,1.0626498460769653,32,892,603.0904969159747
6730,1.0626089572906494,32,892,603.0904969159747
6731,1.0625540018081665,32,892,603.0904969159747
6732,1.0627449750900269,32,892,603.0904969159747
6733,1.062729835510254,32,892,603.0904969159747
6734,1.0625566244125366,32,892,603.0904969159747
6735,1.0626031160354614,32,892,603.0904969159747
6736,1.0626299381256104,32,892,603.0904969159747
6737,1.0626357793807983,32,892,603.0904969159747
6738,1.0626206398010254,32,892,603.0904969159747
6739,1.0625944137573242,32,892,603.0904969159747
6740,1.062546730041504,32,892,603.0904969159747
6741,1.062712550163269,32,892,603.0904969159747
6742,1.0626556873321533,32,892,603.0904969159747
6743,1.062585473060608,32,892,603.0904969159747
6744,1.0626429319381714,32,892,603.0904969159747
6745,1.0626628398895264,32,892,603.0904969159747
6746,1.0626742839813232,32,892,603.0904969159747
6747,1.0626728534698486,32,892,603.0904969159747
6748,1.0626522302627563,32,892,603.0904969159747
6749,1.0626269578933716,32,892,603.0904969159747
6750,1.0625791549682617,32,892,603.0904969159747
6751,1.0626065731048584,32,892,603.0904969159747
6752,1.0625722408294678,32,892,603.0904969159747
6753,1.062597632408142,32,892,603.0904969159747
6754,1.0626416206359863,32,892,603.0904969159747
6755,1.0626671314239502,32,892,603.0904969159747
6756,1.0626763105392456,32,892,603.0904969159747
6757,1.0626683235168457,32,892,603.0904969159747
6758,1.0626496076583862,32,892,603.0904969159747
6759,1.0626254081726074,32,892,603.0904969159747
6760,1.0625721216201782,32,892,603.0904969159747
6761,1.0626461505889893,32,892,603.0904969159747
6762,1.0626144409179688,32,892,603.0904969159747
6763,1.062596321105957,32,892,603.0904969159747
6764,1.0626299381256104,32,892,603.0904969159747
6765,1.062653660774231,32,892,603.0904969159747
6766,1.0626568794250488,32,892,603.0904969159747
6767,1.0626577138900757,32,892,603.0904969159747
6768,1.0626411437988281,32,892,603.0904969159747
6769,1.0625983476638794,32,892,603.0904969159747
6770,1.062547206878662,32,892,603.0904969159747
6771,1.062730073928833,32,892,603.0904969159747
6772,1.062693476676941,32,892,603.0904969159747
6773,1.062578797340393,32,892,603.0904969159747
6774,1.0626158714294434,32,892,603.0904969159747
6775,1.062637448310852,32,892,603.0904969159747
6776,1.0626577138900757,32,892,603.0904969159747
6777,1.0626507997512817,32,892,603.0904969159747
6778,1.062620759010315,32,892,603.0904969159747
6779,1.0625838041305542,32,892,603.0904969159747
6780,1.0625571012496948,32,892,603.0904969159747
6781,1.0625392198562622,32,892,603.0904969159747
6782,1.0625388622283936,32,892,603.0904969159747
6783,1.0626319646835327,32,892,603.0904969159747
6784,1.0625523328781128,32,892,603.0904969159747
6785,1.0625685453414917,32,892,603.0904969159747
6786,1.0625627040863037,32,892,603.0904969159747
6787,1.062544822692871,32,892,603.0904969159747
6788,1.0625780820846558,32,892,603.0904969159747
6789,1.0625872611999512,32,892,603.0904969159747
6790,1.0625865459442139,32,892,603.0904969159747
6791,1.062565565109253,32,892,603.0904969159747
6792,1.0625981092453003,32,892,603.0904969159747
6793,1.0625560283660889,32,892,603.0904969159747
6794,1.0625478029251099,32,892,603.0904969159747
6795,1.062546968460083,32,892,603.0904969159747
6796,1.0625823736190796,32,892,603.0904969159747
6797,1.0626130104064941,32,892,603.0904969159747
6798,1.0626100301742554,32,892,603.0904969159747
6799,1.062595248222351,32,892,603.0904969159747
6800,1.0625544786453247,32,892,603.0904969159747
6801,1.0626353025436401,32,892,603.0904969159747
6802,1.0625574588775635,32,892,603.0904969159747
6803,1.062619924545288,32,892,603.0904969159747
6804,1.0626678466796875,32,892,603.0904969159747
6805,1.062695026397705,32,892,603.0904969159747
6806,1.062705159187317,32,892,603.0904969159747
6807,1.0627124309539795,32,892,603.0904969159747
6808,1.0627014636993408,32,892,603.0904969159747
6809,1.062691569328308,32,892,603.0904969159747
6810,1.0626627206802368,32,892,603.0904969159747
6811,1.0626226663589478,32,892,603.0904969159747
6812,1.0625526905059814,32,892,603.0904969159747
6813,1.0627120733261108,32,892,603.0904969159747
6814,1.0626925230026245,32,892,603.0904969159747
6815,1.0625677108764648,32,892,603.0904969159747
6816,1.062615156173706,32,892,603.0904969159747
6817,1.0626275539398193,32,892,603.0904969159747
6818,1.0626429319381714,32,892,603.0904969159747
6819,1.0626308917999268,32,892,603.0904969159747
6820,1.0625876188278198,32,892,603.0904969159747
6821,1.0625553131103516,32,892,603.0904969159747
6822,1.0627115964889526,32,892,603.0904969159747
6823,1.0626548528671265,32,892,603.0904969159747
6824,1.0625824928283691,32,892,603.0904969159747
6825,1.062638521194458,32,892,603.0904969159747
6826,1.0626609325408936,32,892,603.0904969159747
6827,1.0626708269119263,32,892,603.0904969159747
6828,1.06267511844635,32,892,603.0904969159747
6829,1.0626540184020996,32,892,603.0904969159747
6830,1.0626323223114014,32,892,603.0904969159747
6831,1.0625866651535034,32,892,603.0904969159747
6832,1.062574028968811,32,892,603.0904969159747
6833,1.0625386238098145,32,892,603.0904969159747
6834,1.0626087188720703,32,892,603.0904969159747
6835,1.0626531839370728,32,892,603.0904969159747
6836,1.062679409980774,32,892,603.0904969159747
6837,1.0626866817474365,32,892,603.0904969159747
6838,1.062673807144165,32,892,603.0904969159747
6839,1.062665343284607,32,892,603.0904969159747
6840,1.0626338720321655,32,892,603.0904969159747
6841,1.0625897645950317,32,892,603.0904969159747
6842,1.0625640153884888,32,892,603.0904969159747
6843,1.062536597251892,32,892,603.0904969159747
6844,1.0626142024993896,32,892,603.0904969159747
6845,1.0626543760299683,32,892,603.0904969159747
6846,1.0626697540283203,32,892,603.0904969159747
6847,1.0626834630966187,32,892,603.0904969159747
6848,1.0626829862594604,32,892,603.0904969159747
6849,1.0626628398895264,32,892,603.0904969159747
6850,1.0626275539398193,32,892,603.0904969159747
6851,1.0625802278518677,32,892,603.0904969159747
6852,1.0625956058502197,32,892,603.0904969159747
6853,1.0625600814819336,32,892,603.0904969159747
6854,1.0625998973846436,32,892,603.0904969159747
6855,1.0626507997512817,32,892,603.0904969159747
6856,1.0626628398895264,32,892,603.0904969159747
6857,1.0626780986785889,32,892,603.0904969159747
6858,1.062667965888977,32,892,603.0904969159747
6859,1.0626554489135742,32,892,603.0904969159747
6860,1.0626202821731567,32,892,603.0904969159747
6861,1.0625739097595215,32,892,603.0904969159747
6862,1.0626351833343506,32,892,603.0904969159747
6863,1.0625921487808228,32,892,603.0904969159747
6864,1.0625954866409302,32,892,603.0904969159747
6865,1.0626436471939087,32,892,603.0904969159747
6866,1.0626622438430786,32,892,603.0904969159747
6867,1.0626715421676636,32,892,603.0904969159747
6868,1.0626680850982666,32,892,603.0904969159747
6869,1.06265389919281,32,892,603.0904969159747
6870,1.0626190900802612,32,892,603.0904969159747
6871,1.062564492225647,32,892,603.0904969159747
6872,1.0626592636108398,32,892,603.0904969159747
6873,1.0626229047775269,32,892,603.0904969159747
6874,1.0625876188278198,32,892,603.0904969159747
6875,1.0626424551010132,32,892,603.0904969159747
6876,1.062657356262207,32,892,603.0904969159747
6877,1.0626697540283203,32,892,603.0904969159747
6878,1.0626641511917114,32,892,603.0904969159747
6879,1.062650203704834,32,892,603.0904969159747
6880,1.0626158714294434,32,892,603.0904969159747
6881,1.0625618696212769,32,892,603.0904969159747
6882,1.0626715421676636,32,892,603.0904969159747
6883,1.0626341104507446,32,892,603.0904969159747
6884,1.0625829696655273,32,892,603.0904969159747
6885,1.062640905380249,32,892,603.0904969159747
6886,1.0626622438430786,32,892,603.0904969159747
6887,1.0626718997955322,32,892,603.0904969159747
6888,1.0626699924468994,32,892,603.0904969159747
6889,1.0626429319381714,32,892,603.0904969159747
6890,1.062612533569336,32,892,603.0904969159747
6891,1.0625663995742798,32,892,603.0904969159747
6892,1.0626734495162964,32,892,603.0904969159747
6893,1.0626304149627686,32,892,603.0904969159747
6894,1.0625883340835571,32,892,603.0904969159747
6895,1.0626376867294312,32,892,603.0904969159747
6896,1.0626620054244995,32,892,603.0904969159747
6897,1.0626658201217651,32,892,603.0904969159747
6898,1.0626685619354248,32,892,603.0904969159747
6899,1.0626486539840698,32,892,603.0904969159747
6900,1.0626091957092285,32,892,603.0904969159747
6901,1.062563180923462,32,892,603.0904969159747
6902,1.0626604557037354,32,892,603.0904969159747
6903,1.0626215934753418,32,892,603.0904969159747
6904,1.0625897645950317,32,892,603.0904969159747
6905,1.0626344680786133,32,892,603.0904969159747
6906,1.0626643896102905,32,892,603.0904969159747
6907,1.0626705884933472,32,892,603.0904969159747
6908,1.0626676082611084,32,892,603.0904969159747
6909,1.0626534223556519,32,892,603.0904969159747
6910,1.0626178979873657,32,892,603.0904969159747
6911,1.0625677108764648,32,892,603.0904969159747
6912,1.0626411437988281,32,892,603.0904969159747
6913,1.0626031160354614,32,892,603.0904969159747
6914,1.062590479850769,32,892,603.0904969159747
6915,1.0626411437988281,32,892,603.0904969159747
6916,1.062665581703186,32,892,603.0904969159747
6917,1.0626755952835083,32,892,603.0904969159747
6918,1.0626695156097412,32,892,603.0904969159747
6919,1.0626521110534668,32,892,603.0904969159747
6920,1.0626176595687866,32,892,603.0904969159747
6921,1.0625730752944946,32,892,603.0904969159747
6922,1.0626189708709717,32,892,603.0904969159747
6923,1.062577247619629,32,892,603.0904969159747
6924,1.062599778175354,32,892,603.0904969159747
6925,1.0626485347747803,32,892,603.0904969159747
6926,1.062666893005371,32,892,603.0904969159747
6927,1.0626755952835083,32,892,603.0904969159747
6928,1.062673807144165,32,892,603.0904969159747
6929,1.062664270401001,32,892,603.0904969159747
6930,1.0626192092895508,32,892,603.0904969159747
6931,1.0625778436660767,32,892,603.0904969159747
6932,1.06259286403656,32,892,603.0904969159747
6933,1.0625536441802979,32,892,603.0904969159747
6934,1.0626003742218018,32,892,603.0904969159747
6935,1.0626555681228638,32,892,603.0904969159747
6936,1.0626710653305054,32,892,603.0904969159747
6937,1.0626771450042725,32,892,603.0904969159747
6938,1.0626784563064575,32,892,603.0904969159747
6939,1.0626592636108398,32,892,603.0904969159747
6940,1.0626331567764282,32,892,603.0904969159747
6941,1.0625759363174438,32,892,603.0904969159747
6942,1.0625622272491455,32,892,603.0904969159747
6943,1.0625280141830444,32,892,603.0904969159747
6944,1.062573790550232,32,892,603.0904969159747
6945,1.0625773668289185,32,892,603.0904969159747
6946,1.0626091957092285,32,892,603.0904969159747
6947,1.062612533569336,32,892,603.0904969159747
6948,1.0625993013381958,32,892,603.0904969159747
6949,1.0625805854797363,32,892,603.0904969159747
6950,1.062544822692871,32,892,603.0904969159747
6951,1.0625519752502441,32,892,603.0904969159747
6952,1.0625489950180054,32,892,603.0904969159747
6953,1.0625312328338623,32,892,603.0904969159747
6954,1.0626749992370605,32,892,603.0904969159747
6955,1.0625510215759277,32,892,603.0904969159747
6956,1.062626600265503,32,892,603.0904969159747
6957,1.0626832246780396,32,892,603.0904969159747
6958,1.0627192258834839,32,892,603.0904969159747
6959,1.062743902206421,32,892,603.0904969159747
6960,1.0627501010894775,32,892,603.0904969159747
6961,1.0627498626708984,32,892,603.0904969159747
6962,1.062742829322815,32,892,603.0904969159747
6963,1.0627330541610718,32,892,603.0904969159747
6964,1.0627129077911377,32,892,603.0904969159747
6965,1.0626871585845947,32,892,603.0904969159747
6966,1.0626513957977295,32,892,603.0904969159747
6967,1.0625896453857422,32,892,603.0904969159747
6968,1.0625780820846558,32,892,603.0904969159747
6969,1.0625704526901245,32,892,603.0904969159747
6970,1.0625873804092407,32,892,603.0904969159747
6971,1.0626341104507446,32,892,603.0904969159747
6972,1.0626579523086548,32,892,603.0904969159747
6973,1.0626534223556519,32,892,603.0904969159747
6974,1.062640905380249,32,892,603.0904969159747
6975,1.0626155138015747,32,892,603.0904969159747
6976,1.0625693798065186,32,892,603.0904969159747
6977,1.0626245737075806,32,892,603.0904969159747
6978,1.062571406364441,32,892,603.0904969159747
6979,1.0626072883605957,32,892,603.0904969159747
6980,1.0626577138900757,32,892,603.0904969159747
6981,1.0626786947250366,32,892,603.0904969159747
6982,1.0626850128173828,32,892,603.0904969159747
6983,1.0626862049102783,32,892,603.0904969159747
6984,1.0626734495162964,32,892,603.0904969159747
6985,1.0626531839370728,32,892,603.0904969159747
6986,1.0626113414764404,32,892,603.0904969159747
6987,1.0625566244125366,32,892,603.0904969159747
6988,1.0627014636993408,32,892,603.0904969159747
6989,1.0626689195632935,32,892,603.0904969159747
6990,1.0625706911087036,32,892,603.0904969159747
6991,1.0626270771026611,32,892,603.0904969159747
6992,1.0626542568206787,32,892,603.0904969159747
6993,1.0626630783081055,32,892,603.0904969159747
6994,1.06265127658844,32,892,603.0904969159747
6995,1.0626286268234253,32,892,603.0904969159747
6996,1.0625932216644287,32,892,603.0904969159747
6997,1.0625287294387817,32,892,603.0904969159747
6998,1.0627827644348145,32,892,603.0904969159747
6999,1.0627307891845703,32,892,603.0904969159747
7000,1.0625650882720947,32,892,603.0904969159747
7001,1.062618613243103,32,892,603.0904969159747
7002,1.0626511573791504,32,892,603.0904969159747
7003,1.0626572370529175,32,892,603.0904969159747
7004,1.0626556873321533,32,892,603.0904969159747
7005,1.0626397132873535,32,892,603.0904969159747
7006,1.0626118183135986,32,892,603.0904969159747
7007,1.062555193901062,32,892,603.0904969159747
7008,1.0626834630966187,32,892,603.0904969159747
7009,1.0626353025436401,32,892,603.0904969159747
7010,1.0625874996185303,32,892,603.0904969159747
7011,1.0626418590545654,32,892,603.0904969159747
7012,1.062667965888977,32,892,603.0904969159747
7013,1.0626788139343262,32,892,603.0904969159747
7014,1.0626717805862427,32,892,603.0904969159747
7015,1.0626658201217651,32,892,603.0904969159747
7016,1.0626327991485596,32,892,603.0904969159747
7017,1.0625909566879272,32,892,603.0904969159747
7018,1.062561273574829,32,892,603.0904969159747
7019,1.062525749206543,32,892,603.0904969159747
7020,1.0625616312026978,32,892,603.0904969159747
7021,1.0625849962234497,32,892,603.0904969159747
7022,1.0626096725463867,32,892,603.0904969159747
7023,1.0626232624053955,32,892,603.0904969159747
7024,1.0626089572906494,32,892,603.0904969159747
7025,1.0625888109207153,32,892,603.0904969159747
7026,1.0625282526016235,32,892,603.0904969159747
7027,1.062737226486206,32,892,603.0904969159747
7028,1.062661051750183,32,892,603.0904969159747
7029,1.0625896453857422,32,892,603.0904969159747
7030,1.0626411437988281,32,892,603.0904969159747
7031,1.0626732110977173,32,892,603.0904969159747
7032,1.0626859664916992,32,892,603.0904969159747
7033,1.0626925230026245,32,892,603.0904969159747
7034,1.0626826286315918,32,892,603.0904969159747
7035,1.0626702308654785,32,892,603.0904969159747
7036,1.0626319646835327,32,892,603.0904969159747
7037,1.0625767707824707,32,892,603.0904969159747
7038,1.0626150369644165,32,892,603.0904969159747
7039,1.0625771284103394,32,892,603.0904969159747
7040,1.062595248222351,32,892,603.0904969159747
7041,1.0626437664031982,32,892,603.0904969159747
7042,1.0626792907714844,32,892,603.0904969159747
7043,1.0626775026321411,32,892,603.0904969159747
7044,1.0626708269119263,32,892,603.0904969159747
7045,1.0626559257507324,32,892,603.0904969159747
7046,1.0626262426376343,32,892,603.0904969159747
7047,1.0625708103179932,32,892,603.0904969159747
7048,1.0626232624053955,32,892,603.0904969159747
7049,1.0625755786895752,32,892,603.0904969159747
7050,1.0625990629196167,32,892,603.0904969159747
7051,1.0626475811004639,32,892,603.0904969159747
7052,1.062671422958374,32,892,603.0904969159747
7053,1.0626803636550903,32,892,603.0904969159747
7054,1.0626790523529053,32,892,603.0904969159747
7055,1.0626678466796875,32,892,603.0904969159747
7056,1.0626345872879028,32,892,603.0904969159747
7057,1.0626016855239868,32,892,603.0904969159747
7058,1.0625274181365967,32,892,603.0904969159747
7059,1.06283700466156,32,892,603.0904969159747
7060,1.0627912282943726,32,892,603.0904969159747
7061,1.0625437498092651,32,892,603.0904969159747
7062,1.0626001358032227,32,892,603.0904969159747
7063,1.0626347064971924,32,892,603.0904969159747
7064,1.0626469850540161,32,892,603.0904969159747
7065,1.0626403093338013,32,892,603.0904969159747
7066,1.0626111030578613,32,892,603.0904969159747
7067,1.0625660419464111,32,892,603.0904969159747
7068,1.0625523328781128,32,892,603.0904969159747
7069,1.0625405311584473,32,892,603.0904969159747
7070,1.062528133392334,32,892,603.0904969159747
7071,1.0626180171966553,32,892,603.0904969159747
7072,1.0625483989715576,32,892,603.0904969159747
7073,1.0625674724578857,32,892,603.0904969159747
7074,1.062566876411438,32,892,603.0904969159747
7075,1.062532901763916,32,892,603.0904969159747
7076,1.0626496076583862,32,892,603.0904969159747
7077,1.0625320672988892,32,892,603.0904969159747
7078,1.0626248121261597,32,892,603.0904969159747
7079,1.0626821517944336,32,892,603.0904969159747
7080,1.0627162456512451,32,892,603.0904969159747
7081,1.0627403259277344,32,892,603.0904969159747
7082,1.0627402067184448,32,892,603.0904969159747
7083,1.0627403259277344,32,892,603.0904969159747
7084,1.062742829322815,32,892,603.0904969159747
7085,1.0627261400222778,32,892,603.0904969159747
7086,1.0627084970474243,32,892,603.0904969159747
7087,1.0626837015151978,32,892,603.0904969159747
7088,1.0626403093338013,32,892,603.0904969159747
7089,1.0625773668289185,32,892,603.0904969159747
7090,1.0626227855682373,32,892,603.0904969159747
7091,1.0626131296157837,32,892,603.0904969159747
7092,1.0625759363174438,32,892,603.0904969159747
7093,1.0626204013824463,32,892,603.0904969159747
7094,1.0626460313796997,32,892,603.0904969159747
7095,1.0626574754714966,32,892,603.0904969159747
7096,1.0626375675201416,32,892,603.0904969159747
7097,1.0626168251037598,32,892,603.0904969159747
7098,1.0625735521316528,32,892,603.0904969159747
7099,1.0625971555709839,32,892,603.0904969159747
7100,1.062537431716919,32,892,603.0904969159747
7101,1.0626083612442017,32,892,603.0904969159747
7102,1.0626614093780518,32,892,603.0904969159747
7103,1.062685489654541,32,892,603.0904969159747
7104,1.0626968145370483,32,892,603.0904969159747
7105,1.0627049207687378,32,892,603.0904969159747
7106,1.0626909732818604,32,892,603.0904969159747
7107,1.062669277191162,32,892,603.0904969159747
7108,1.0626353025436401,32,892,603.0904969159747
7109,1.0625889301300049,32,892,603.0904969159747
7110,1.0625535249710083,32,892,603.0904969159747
7111,1.0625269412994385,32,892,603.0904969159747
7112,1.0625771284103394,32,892,603.0904969159747
7113,1.062572717666626,32,892,603.0904969159747
7114,1.0626013278961182,32,892,603.0904969159747
7115,1.0626071691513062,32,892,603.0904969159747
7116,1.062599778175354,32,892,603.0904969159747
7117,1.0625619888305664,32,892,603.0904969159747
7118,1.06256902217865,32,892,603.0904969159747
7119,1.062536358833313,32,892,603.0904969159747
7120,1.0625381469726562,32,892,603.0904969159747
7121,1.0625486373901367,32,892,603.0904969159747
7122,1.0625712871551514,32,892,603.0904969159747
7123,1.0626001358032227,32,892,603.0904969159747
7124,1.062596321105957,32,892,603.0904969159747
7125,1.0625752210617065,32,892,603.0904969159747
7126,1.0625369548797607,32,892,603.0904969159747
7127,1.062692403793335,32,892,603.0904969159747
7128,1.0625964403152466,32,892,603.0904969159747
7129,1.062604308128357,32,892,603.0904969159747
7130,1.062659740447998,32,892,603.0904969159747
7131,1.0626864433288574,32,892,603.0904969159747
7132,1.0627187490463257,32,892,603.0904969159747
7133,1.0627164840698242,32,892,603.0904969159747
7134,1.062719702720642,32,892,603.0904969159747
7135,1.0627000331878662,32,892,603.0904969159747
7136,1.0626804828643799,32,892,603.0904969159747
7137,1.0626527070999146,32,892,603.0904969159747
7138,1.062598466873169,32,892,603.0904969159747
7139,1.0625303983688354,32,892,603.0904969159747
7140,1.0628485679626465,32,892,603.0904969159747
7141,1.0628175735473633,32,892,603.0904969159747
7142,1.0625336170196533,32,892,603.0904969159747
7143,1.062602162361145,32,892,603.0904969159747
7144,1.062625765800476,32,892,603.0904969159747
7145,1.062637448310852,32,892,603.0904969159747
7146,1.0626317262649536,32,892,603.0904969159747
7147,1.0625946521759033,32,892,603.0904969159747
7148,1.0625486373901367,32,892,603.0904969159747
7149,1.0626428127288818,32,892,603.0904969159747
7150,1.0625715255737305,32,892,603.0904969159747
7151,1.0626033544540405,32,892,603.0904969159747
7152,1.0626673698425293,32,892,603.0904969159747
7153,1.0626864433288574,32,892,603.0904969159747
7154,1.0626994371414185,32,892,603.0904969159747
7155,1.0627095699310303,32,892,603.0904969159747
7156,1.0626932382583618,32,892,603.0904969159747
7157,1.0626766681671143,32,892,603.0904969159747
7158,1.062646508216858,32,892,603.0904969159747
7159,1.0626115798950195,32,892,603.0904969159747
7160,1.0625382661819458,32,892,603.0904969159747
7161,1.0627753734588623,32,892,603.0904969159747
7162,1.0627384185791016,32,892,603.0904969159747
7163,1.0625545978546143,32,892,603.0904969159747
7164,1.062605857849121,32,892,603.0904969159747
7165,1.062639832496643,32,892,603.0904969159747
7166,1.0626511573791504,32,892,603.0904969159747
7167,1.0626435279846191,32,892,603.0904969159747
7168,1.062626600265503,32,892,603.0904969159747
7169,1.0625826120376587,32,892,603.0904969159747
7170,1.0625227689743042,32,892,603.0904969159747
7171,1.0625460147857666,32,892,603.0904969159747
7172,1.0625319480895996,32,892,603.0904969159747
7173,1.06257963180542,32,892,603.0904969159747
7174,1.0625578165054321,32,892,603.0904969159747
7175,1.0625762939453125,32,892,603.0904969159747
7176,1.062570571899414,32,892,603.0904969159747
7177,1.0625401735305786,32,892,603.0904969159747
7178,1.062608003616333,32,892,603.0904969159747
7179,1.062536597251892,32,892,603.0904969159747
7180,1.062536358833313,32,892,603.0904969159747
7181,1.0625278949737549,32,892,603.0904969159747
7182,1.0626716613769531,32,892,603.0904969159747
7183,1.062522530555725,32,892,603.0904969159747
7184,1.0625386238098145,32,892,603.0904969159747
7185,1.0625211000442505,32,892,603.0904969159747
7186,1.0626490116119385,32,892,603.0904969159747
7187,1.0625325441360474,32,892,603.0904969159747
7188,1.0625536441802979,32,892,603.0904969159747
7189,1.0625338554382324,32,892,603.0904969159747
7190,1.0625721216201782,32,892,603.0904969159747
7191,1.0625475645065308,32,892,603.0904969159747
7192,1.062576413154602,32,892,603.0904969159747
7193,1.062569499015808,32,892,603.0904969159747
7194,1.0625369548797607,32,892,603.0904969159747
7195,1.0626262426376343,32,892,603.0904969159747
7196,1.062529444694519,32,892,603.0904969159747
7197,1.0625290870666504,32,892,603.0904969159747
7198,1.062552809715271,32,892,603.0904969159747
7199,1.0625718832015991,32,892,603.0904969159747
7200,1.0626007318496704,32,892,603.0904969159747
7201,1.062605381011963,32,892,603.0904969159747
7202,1.0625909566879272,32,892,603.0904969159747
7203,1.0625519752502441,32,892,603.0904969159747
7204,1.0625983476638794,32,892,603.0904969159747
7205,1.062522053718567,32,892,603.0904969159747
7206,1.0625269412994385,32,892,603.0904969159747
7207,1.0625934600830078,32,892,603.0904969159747
7208,1.0625544786453247,32,892,603.0904969159747
7209,1.0625842809677124,32,892,603.0904969159747
7210,1.0625821352005005,32,892,603.0904969159747
7211,1.0625615119934082,32,892,603.0904969159747
7212,1.0625278949737549,32,892,603.0904969159747
7213,1.0625584125518799,32,892,603.0904969159747
7214,1.0625731945037842,32,892,603.0904969159747
7215,1.0625510215759277,32,892,603.0904969159747
7216,1.0625420808792114,32,892,603.0904969159747
7217,1.0625548362731934,32,892,603.0904969159747
7218,1.06256902217865,32,892,603.0904969159747
7219,1.0625578165054321,32,892,603.0904969159747
7220,1.0625379085540771,32,892,603.0904969159747
7221,1.0626749992370605,32,892,603.0904969159747
7222,1.0625492334365845,32,892,603.0904969159747
7223,1.062612533569336,32,892,603.0904969159747
7224,1.062677264213562,32,892,603.0904969159747
7225,1.062715768814087,32,892,603.0904969159747
7226,1.0627360343933105,32,892,603.0904969159747
7227,1.0627390146255493,32,892,603.0904969159747
7228,1.0627427101135254,32,892,603.0904969159747
7229,1.0627354383468628,32,892,603.0904969159747
7230,1.0627373456954956,32,892,603.0904969159747
7231,1.0627080202102661,32,892,603.0904969159747
7232,1.0626819133758545,32,892,603.0904969159747
7233,1.062636375427246,32,892,603.0904969159747
7234,1.0625760555267334,32,892,603.0904969159747
7235,1.062628984451294,32,892,603.0904969159747
7236,1.0626095533370972,32,892,603.0904969159747
7237,1.0625734329223633,32,892,603.0904969159747
7238,1.062633752822876,32,892,603.0904969159747
7239,1.0626567602157593,32,892,603.0904969159747
7240,1.0626581907272339,32,892,603.0904969159747
7241,1.0626472234725952,32,892,603.0904969159747
7242,1.0626262426376343,32,892,603.0904969159747
7243,1.0625864267349243,32,892,603.0904969159747
7244,1.062517523765564,32,892,603.0904969159747
7245,1.0628107786178589,32,892,603.0904969159747
7246,1.0627474784851074,32,892,603.0904969159747
7247,1.0625556707382202,32,892,603.0904969159747
7248,1.062620759010315,32,892,603.0904969159747
7249,1.0626614093780518,32,892,603.0904969159747
7250,1.0626661777496338,32,892,603.0904969159747
7251,1.062667727470398,32,892,603.0904969159747
7252,1.0626535415649414,32,892,603.0904969159747
7253,1.062626600265503,32,892,603.0904969159747
7254,1.0625802278518677,32,892,603.0904969159747
7255,1.0625180006027222,32,892,603.0904969159747
7256,1.0625361204147339,32,892,603.0904969159747
7257,1.062531590461731,32,892,603.0904969159747
7258,1.0626184940338135,32,892,603.0904969159747
7259,1.0625391006469727,32,892,603.0904969159747
7260,1.0625462532043457,32,892,603.0904969159747
7261,1.0625500679016113,32,892,603.0904969159747
7262,1.0625249147415161,32,892,603.0904969159747
7263,1.062691330909729,32,892,603.0904969159747
7264,1.0625627040863037,32,892,603.0904969159747
7265,1.0626214742660522,32,892,603.0904969159747
7266,1.0626769065856934,32,892,603.0904969159747
7267,1.062717080116272,32,892,603.0904969159747
7268,1.062730312347412,32,892,603.0904969159747
7269,1.0627453327178955,32,892,603.0904969159747
7270,1.0627398490905762,32,892,603.0904969159747
7271,1.0627508163452148,32,892,603.0904969159747
7272,1.0627378225326538,32,892,603.0904969159747
7273,1.062727689743042,32,892,603.0904969159747
7274,1.062696099281311,32,892,603.0904969159747
7275,1.0626639127731323,32,892,603.0904969159747
7276,1.062611699104309,32,892,603.0904969159747
7277,1.062538743019104,32,892,603.0904969159747
7278,1.0627820491790771,32,892,603.0904969159747
7279,1.0627641677856445,32,892,603.0904969159747
7280,1.062550663948059,32,892,603.0904969159747
7281,1.0625944137573242,32,892,603.0904969159747
7282,1.0626282691955566,32,892,603.0904969159747
7283,1.0626353025436401,32,892,603.0904969159747
7284,1.0626254081726074,32,892,603.0904969159747
7285,1.0625989437103271,32,892,603.0904969159747
7286,1.0625519752502441,32,892,603.0904969159747
7287,1.062610149383545,32,892,603.0904969159747
7288,1.0625332593917847,32,892,603.0904969159747
7289,1.062603235244751,32,892,603.0904969159747
7290,1.0626565217971802,32,892,603.0904969159747
7291,1.0626904964447021,32,892,603.0904969159747
7292,1.0627087354660034,32,892,603.0904969159747
7293,1.0627084970474243,32,892,603.0904969159747
7294,1.0627013444900513,32,892,603.0904969159747
7295,1.062689185142517,32,892,603.0904969159747
7296,1.0626615285873413,32,892,603.0904969159747
7297,1.062628984451294,32,892,603.0904969159747
7298,1.062562346458435,32,892,603.0904969159747
7299,1.0626178979873657,32,892,603.0904969159747
7300,1.0625886917114258,32,892,603.0904969159747
7301,1.0625776052474976,32,892,603.0904969159747
7302,1.062638521194458,32,892,603.0904969159747
7303,1.062667965888977,32,892,603.0904969159747
7304,1.062669038772583,32,892,603.0904969159747
7305,1.062666893005371,32,892,603.0904969159747
7306,1.0626500844955444,32,892,603.0904969159747
7307,1.0626174211502075,32,892,603.0904969159747
7308,1.0625712871551514,32,892,603.0904969159747
7309,1.06258225440979,32,892,603.0904969159747
7310,1.062527060508728,32,892,603.0904969159747
7311,1.062601923942566,32,892,603.0904969159747
7312,1.0626473426818848,32,892,603.0904969159747
7313,1.0626707077026367,32,892,603.0904969159747
7314,1.0626921653747559,32,892,603.0904969159747
7315,1.0626927614212036,32,892,603.0904969159747
7316,1.0626806020736694,32,892,603.0904969159747
7317,1.0626660585403442,32,892,603.0904969159747
7318,1.0626260042190552,32,892,603.0904969159747
7319,1.0625693798065186,32,892,603.0904969159747
7320,1.0625542402267456,32,892,603.0904969159747
7321,1.0625200271606445,32,892,603.0904969159747
7322,1.0625990629196167,32,892,603.0904969159747
7323,1.0626415014266968,32,892,603.0904969159747
7324,1.0626647472381592,32,892,603.0904969159747
7325,1.062679409980774,32,892,603.0904969159747
7326,1.0626763105392456,32,892,603.0904969159747
7327,1.0626639127731323,32,892,603.0904969159747
7328,1.06264328956604,32,892,603.0904969159747
7329,1.062608242034912,32,892,603.0904969159747
7330,1.062547206878662,32,892,603.0904969159747
7331,1.0627000331878662,32,892,603.0904969159747
7332,1.0626535415649414,32,892,603.0904969159747
7333,1.0625739097595215,32,892,603.0904969159747
7334,1.0626285076141357,32,892,603.0904969159747
7335,1.062654733657837,32,892,603.0904969159747
7336,1.0626626014709473,32,892,603.0904969159747
7337,1.0626622438430786,32,892,603.0904969159747
7338,1.0626543760299683,32,892,603.0904969159747
7339,1.062623381614685,32,892,603.0904969159747
7340,1.06257963180542,32,892,603.0904969159747
7341,1.0625158548355103,32,892,603.0904969159747
7342,1.0625267028808594,32,892,603.0904969159747
7343,1.0625157356262207,32,892,603.0904969159747
7344,1.0626205205917358,32,892,603.0904969159747
7345,1.0625356435775757,32,892,603.0904969159747
7346,1.0625473260879517,32,892,603.0904969159747
7347,1.062544584274292,32,892,603.0904969159747
7348,1.0625147819519043,32,892,603.0904969159747
7349,1.0626906156539917,32,892,603.0904969159747
7350,1.0625543594360352,32,892,603.0904969159747
7351,1.0626013278961182,32,892,603.0904969159747
7352,1.0626635551452637,32,892,603.0904969159747
7353,1.0627105236053467,32,892,603.0904969159747
7354,1.0627312660217285,32,892,603.0904969159747
7355,1.0627444982528687,32,892,603.0904969159747
7356,1.062743902206421,32,892,603.0904969159747
7357,1.0627379417419434,32,892,603.0904969159747
7358,1.0627355575561523,32,892,603.0904969159747
7359,1.0627260208129883,32,892,603.0904969159747
7360,1.0627021789550781,32,892,603.0904969159747
7361,1.062677264213562,32,892,603.0904969159747
7362,1.0626342296600342,32,892,603.0904969159747
7363,1.0625759363174438,32,892,603.0904969159747
7364,1.062591791152954,32,892,603.0904969159747
7365,1.062570333480835,32,892,603.0904969159747
7366,1.062574863433838,32,892,603.0904969159747
7367,1.0626249313354492,32,892,603.0904969159747
7368,1.0626403093338013,32,892,603.0904969159747
7369,1.0626531839370728,32,892,603.0904969159747
7370,1.0626403093338013,32,892,603.0904969159747
7371,1.0626271963119507,32,892,603.0904969159747
7372,1.0625919103622437,32,892,603.0904969159747
7373,1.0625300407409668,32,892,603.0904969159747
7374,1.0627118349075317,32,892,603.0904969159747
7375,1.062650203704834,32,892,603.0904969159747
7376,1.0625628232955933,32,892,603.0904969159747
7377,1.062634825706482,32,892,603.0904969159747
7378,1.0626590251922607,32,892,603.0904969159747
7379,1.06268310546875,32,892,603.0904969159747
7380,1.062677264213562,32,892,603.0904969159747
7381,1.0626647472381592,32,892,603.0904969159747
7382,1.0626394748687744,32,892,603.0904969159747
7383,1.0626128911972046,32,892,603.0904969159747
7384,1.0625544786453247,32,892,603.0904969159747
7385,1.062605381011963,32,892,603.0904969159747
7386,1.0625559091567993,32,892,603.0904969159747
7387,1.0625827312469482,32,892,603.0904969159747
7388,1.0626367330551147,32,892,603.0904969159747
7389,1.0626591444015503,32,892,603.0904969159747
7390,1.0626749992370605,32,892,603.0904969159747
7391,1.0626773834228516,32,892,603.0904969159747
7392,1.0626615285873413,32,892,603.0904969159747
7393,1.062638759613037,32,892,603.0904969159747
7394,1.062610149383545,32,892,603.0904969159747
7395,1.062552809715271,32,892,603.0904969159747
7396,1.0626219511032104,32,892,603.0904969159747
7397,1.062572717666626,32,892,603.0904969159747
7398,1.0625829696655273,32,892,603.0904969159747
7399,1.0626344680786133,32,892,603.0904969159747
7400,1.0626540184020996,32,892,603.0904969159747
7401,1.0626726150512695,32,892,603.0904969159747
7402,1.0626683235168457,32,892,603.0904969159747
7403,1.0626671314239502,32,892,603.0904969159747
7404,1.062632441520691,32,892,603.0904969159747
7405,1.062597393989563,32,892,603.0904969159747
7406,1.06254243850708,32,892,603.0904969159747
7407,1.0626548528671265,32,892,603.0904969159747
7408,1.0626072883605957,32,892,603.0904969159747
7409,1.0625766515731812,32,892,603.0904969159747
7410,1.0626150369644165,32,892,603.0904969159747
7411,1.0626606941223145,32,892,603.0904969159747
7412,1.0626639127731323,32,892,603.0904969159747
7413,1.0626633167266846,32,892,603.0904969159747
7414,1.0626541376113892,32,892,603.0904969159747
7415,1.0626332759857178,32,892,603.0904969159747
7416,1.0625959634780884,32,892,603.0904969159747
7417,1.0625439882278442,32,892,603.0904969159747
7418,1.0626559257507324,32,892,603.0904969159747
7419,1.0626076459884644,32,892,603.0904969159747
7420,1.0625698566436768,32,892,603.0904969159747
7421,1.0626192092895508,32,892,603.0904969159747
7422,1.062650203704834,32,892,603.0904969159747
7423,1.0626661777496338,32,892,603.0904969159747
7424,1.0626640319824219,32,892,603.0904969159747
7425,1.0626469850540161,32,892,603.0904969159747
7426,1.0626362562179565,32,892,603.0904969159747
7427,1.0626105070114136,32,892,603.0904969159747
7428,1.0625413656234741,32,892,603.0904969159747
7429,1.062625765800476,32,892,603.0904969159747
7430,1.062576174736023,32,892,603.0904969159747
7431,1.062571406364441,32,892,603.0904969159747
7432,1.0626248121261597,32,892,603.0904969159747
7433,1.0626461505889893,32,892,603.0904969159747
7434,1.0626672506332397,32,892,603.0904969159747
7435,1.0626652240753174,32,892,603.0904969159747
7436,1.0626556873321533,32,892,603.0904969159747
7437,1.062628149986267,32,892,603.0904969159747
7438,1.062605381011963,32,892,603.0904969159747
7439,1.0625536441802979,32,892,603.0904969159747
7440,1.0625762939453125,32,892,603.0904969159747
7441,1.062520146369934,32,892,603.0904969159747
7442,1.062577486038208,32,892,603.0904969159747
7443,1.0626287460327148,32,892,603.0904969159747
7444,1.0626461505889893,32,892,603.0904969159747
7445,1.062662959098816,32,892,603.0904969159747
7446,1.0626705884933472,32,892,603.0904969159747
7447,1.0626581907272339,32,892,603.0904969159747
7448,1.0626426935195923,32,892,603.0904969159747
7449,1.0626070499420166,32,892,603.0904969159747
7450,1.0625633001327515,32,892,603.0904969159747
7451,1.062512993812561,32,892,603.0904969159747
7452,1.0624958276748657,32,892,603.0904969159747
7453,1.0625104904174805,32,892,603.0904969159747
7454,1.06256103515625,32,892,603.0904969159747
7455,1.0625852346420288,32,892,603.0904969159747
7456,1.0625979900360107,32,892,603.0904969159747
7457,1.062591791152954,32,892,603.0904969159747
7458,1.0625667572021484,32,892,603.0904969159747
7459,1.0625303983688354,32,892,603.0904969159747
7460,1.0625842809677124,32,892,603.0904969159747
7461,1.0624973773956299,32,892,603.0904969159747
7462,1.0625817775726318,32,892,603.0904969159747
7463,1.0626413822174072,32,892,603.0904969159747
7464,1.062668800354004,32,892,603.0904969159747
7465,1.062683343887329,32,892,603.0904969159747
7466,1.062687873840332,32,892,603.0904969159747
7467,1.0626921653747559,32,892,603.0904969159747
7468,1.0626931190490723,32,892,603.0904969159747
7469,1.062677025794983,32,892,603.0904969159747
7470,1.0626481771469116,32,892,603.0904969159747
7471,1.0626137256622314,32,892,603.0904969159747
7472,1.062571406364441,32,892,603.0904969159747
7473,1.062493085861206,32,892,603.0904969159747
7474,1.0627796649932861,32,892,603.0904969159747
7475,1.0627379417419434,32,892,603.0904969159747
7476,1.0625195503234863,32,892,603.0904969159747
7477,1.0625779628753662,32,892,603.0904969159747
7478,1.062608003616333,32,892,603.0904969159747
7479,1.0626145601272583,32,892,603.0904969159747
7480,1.0626119375228882,32,892,603.0904969159747
7481,1.0626029968261719,32,892,603.0904969159747
7482,1.0625780820846558,32,892,603.0904969159747
7483,1.0625371932983398,32,892,603.0904969159747
7484,1.062530279159546,32,892,603.0904969159747
7485,1.0624878406524658,32,892,603.0904969159747
7486,1.062484622001648,32,892,603.0904969159747
7487,1.0625543594360352,32,892,603.0904969159747
7488,1.0625829696655273,32,892,603.0904969159747
7489,1.0626004934310913,32,892,603.0904969159747
7490,1.0626002550125122,32,892,603.0904969159747
7491,1.0625865459442139,32,892,603.0904969159747
7492,1.0625592470169067,32,892,603.0904969159747
7493,1.0625135898590088,32,892,603.0904969159747
7494,1.0626109838485718,32,892,603.0904969159747
7495,1.0625349283218384,32,892,603.0904969159747
7496,1.0625593662261963,32,892,603.0904969159747
7497,1.0626029968261719,32,892,603.0904969159747
7498,1.0626362562179565,32,892,603.0904969159747
7499,1.0626553297042847,32,892,603.0904969159747
7500,1.062652349472046,32,892,603.0904969159747
7501,1.0626531839370728,32,892,603.0904969159747
7502,1.0626475811004639,32,892,603.0904969159747
7503,1.0626349449157715,32,892,603.0904969159747
7504,1.062608242034912,32,892,603.0904969159747
7505,1.0625838041305542,32,892,603.0904969159747
7506,1.0625417232513428,32,892,603.0904969159747
7507,1.0624762773513794,32,892,603.0904969159747
7508,1.0628019571304321,32,892,603.0904969159747
7509,1.0627506971359253,32,892,603.0904969159747
7510,1.062487006187439,32,892,603.0904969159747
7511,1.0625535249710083,32,892,603.0904969159747
7512,1.0625841617584229,32,892,603.0904969159747
7513,1.0625954866409302,32,892,603.0904969159747
7514,1.0625954866409302,32,892,603.0904969159747
7515,1.0625855922698975,32,892,603.0904969159747
7516,1.0625803470611572,32,892,603.0904969159747
7517,1.0625447034835815,32,892,603.0904969159747
7518,1.0625126361846924,32,892,603.0904969159747
7519,1.0625075101852417,32,892,603.0904969159747
7520,1.062456488609314,32,892,603.0904969159747
7521,1.0624639987945557,32,892,603.0904969159747
7522,1.0625190734863281,32,892,603.0904969159747
7523,1.0625454187393188,32,892,603.0904969159747
7524,1.0625557899475098,32,892,603.0904969159747
7525,1.0625532865524292,32,892,603.0904969159747
7526,1.0625449419021606,32,892,603.0904969159747
7527,1.062531590461731,32,892,603.0904969159747
7528,1.0625041723251343,32,892,603.0904969159747
7529,1.0624668598175049,32,892,603.0904969159747
7530,1.062587857246399,32,892,603.0904969159747
7531,1.062512993812561,32,892,603.0904969159747
7532,1.0624934434890747,32,892,603.0904969159747
7533,1.0625386238098145,32,892,603.0904969159747
7534,1.0625550746917725,32,892,603.0904969159747
7535,1.0625568628311157,32,892,603.0904969159747
7536,1.0625672340393066,32,892,603.0904969159747
7537,1.0625531673431396,32,892,603.0904969159747
7538,1.0625498294830322,32,892,603.0904969159747
7539,1.0625420808792114,32,892,603.0904969159747
7540,1.0625356435775757,32,892,603.0904969159747
7541,1.0625202655792236,32,892,603.0904969159747
7542,1.0625022649765015,32,892,603.0904969159747
7543,1.0624843835830688,32,892,603.0904969159747
7544,1.0624668598175049,32,892,603.0904969159747
7545,1.0624477863311768,32,892,603.0904969159747
7546,1.062422513961792,32,892,603.0904969159747
7547,1.0624053478240967,32,892,603.0904969159747
7548,1.062360405921936,32,892,603.0904969159747
7549,1.0623339414596558,32,892,603.0904969159747
7550,1.0624361038208008,32,892,603.0904969159747
7551,1.0623825788497925,32,892,603.0904969159747
7552,1.0623029470443726,32,892,603.0904969159747
7553,1.0623118877410889,32,892,603.0904969159747
7554,1.0623054504394531,32,892,603.0904969159747
7555,1.0622938871383667,32,892,603.0904969159747
7556,1.062294363975525,32,892,603.0904969159747
7557,1.0622843503952026,32,892,603.0904969159747
7558,1.0622731447219849,32,892,603.0904969159747
7559,1.0622621774673462,32,892,603.0904969159747
7560,1.0622450113296509,32,892,603.0904969159747
7561,1.062237024307251,32,892,603.0904969159747
7562,1.0622204542160034,32,892,603.0904969159747
7563,1.0621856451034546,32,892,603.0904969159747
7564,1.0621602535247803,32,892,603.0904969159747
7565,1.0621213912963867,32,892,603.0904969159747
7566,1.0622448921203613,32,892,603.0904969159747
7567,1.062225103378296,32,892,603.0904969159747
7568,1.0620989799499512,32,892,603.0904969159747
7569,1.0621161460876465,32,892,603.0904969159747
7570,1.062129020690918,32,892,603.0904969159747
7571,1.062126636505127,32,892,603.0904969159747
7572,1.0621196031570435,32,892,603.0904969159747
7573,1.062088131904602,32,892,603.0904969159747
7574,1.062063217163086,32,892,603.0904969159747
7575,1.0621697902679443,32,892,603.0904969159747
7576,1.0621302127838135,32,892,603.0904969159747
7577,1.0620694160461426,32,892,603.0904969159747
7578,1.0621041059494019,32,892,603.0904969159747
7579,1.0621227025985718,32,892,603.0904969159747
7580,1.0621145963668823,32,892,603.0904969159747
7581,1.0620994567871094,32,892,603.0904969159747
7582,1.06205415725708,32,892,603.0904969159747
7583,1.0620086193084717,32,892,603.0904969159747
7584,1.0621980428695679,32,892,603.0904969159747
7585,1.0621856451034546,32,892,603.0904969159747
7586,1.0619852542877197,32,892,603.0904969159747
7587,1.0620309114456177,32,892,603.0904969159747
7588,1.062035083770752,32,892,603.0904969159747
7589,1.0620245933532715,32,892,603.0904969159747
7590,1.0619899034500122,32,892,603.0904969159747
7591,1.0620660781860352,32,892,603.0904969159747
7592,1.0619958639144897,32,892,603.0904969159747
7593,1.0620447397232056,32,892,603.0904969159747
7594,1.0621079206466675,32,892,603.0904969159747
7595,1.0621306896209717,32,892,603.0904969159747
7596,1.0621100664138794,32,892,603.0904969159747
7597,1.0620511770248413,32,892,603.0904969159747
7598,1.0619621276855469,32,892,603.0904969159747
7599,1.062177062034607,32,892,603.0904969159747
7600,1.0621975660324097,32,892,603.0904969159747
7601,1.0619828701019287,32,892,603.0904969159747
7602,1.062077283859253,32,892,603.0904969159747
7603,1.0622135400772095,32,892,603.0904969159747
7604,1.0622837543487549,32,892,603.0904969159747
7605,1.0622773170471191,32,892,603.0904969159747
7606,1.0621980428695679,32,892,603.0904969159747
7607,1.06209135055542,32,892,603.0904969159747
7608,1.0619693994522095,32,892,603.0904969159747
7609,1.0621856451034546,32,892,603.0904969159747
7610,1.0622837543487549,32,892,603.0904969159747
7611,1.0621401071548462,32,892,603.0904969159747
7612,1.0619765520095825,32,892,603.0904969159747
7613,1.06206476688385,32,892,603.0904969159747
7614,1.0621180534362793,32,892,603.0904969159747
7615,1.0621212720870972,32,892,603.0904969159747
7616,1.0620872974395752,32,892,603.0904969159747
7617,1.0620297193527222,32,892,603.0904969159747
7618,1.061943531036377,32,892,603.0904969159747
7619,1.0621461868286133,32,892,603.0904969159747
7620,1.0621777772903442,32,892,603.0904969159747
7621,1.0620025396347046,32,892,603.0904969159747
7622,1.06203031539917,32,892,603.0904969159747
7623,1.0621247291564941,32,892,603.0904969159747
7624,1.062183141708374,32,892,603.0904969159747
7625,1.062191367149353,32,892,603.0904969159747
7626,1.062146544456482,32,892,603.0904969159747
7627,1.06205415725708,32,892,603.0904969159747
7628,1.061961054801941,32,892,603.0904969159747
7629,1.0620827674865723,32,892,603.0904969159747
7630,1.0621459484100342,32,892,603.0904969159747
7631,1.0620219707489014,32,892,603.0904969159747
7632,1.0619810819625854,32,892,603.0904969159747
7633,1.0620545148849487,32,892,603.0904969159747
7634,1.0620976686477661,32,892,603.0904969159747
7635,1.0621006488800049,32,892,603.0904969159747
7636,1.0620683431625366,32,892,603.0904969159747
7637,1.0620030164718628,32,892,603.0904969159747
7638,1.0619277954101562,32,892,603.0904969159747
7639,1.0620769262313843,32,892,603.0904969159747
7640,1.0621150732040405,32,892,603.0904969159747
7641,1.0619769096374512,32,892,603.0904969159747
7642,1.061988353729248,32,892,603.0904969159747
7643,1.062056541442871,32,892,603.0904969159747
7644,1.0621073246002197,32,892,603.0904969159747
7645,1.062113642692566,32,892,603.0904969159747
7646,1.0620766878128052,32,892,603.0904969159747
7647,1.0620192289352417,32,892,603.0904969159747
7648,1.0619436502456665,32,892,603.0904969159747
7649,1.0620111227035522,32,892,603.0904969159747
7650,1.0620596408843994,32,892,603.0904969159747
7651,1.0619370937347412,32,892,603.0904969159747
7652,1.061975359916687,32,892,603.0904969159747
7653,1.062056541442871,32,892,603.0904969159747
7654,1.062090277671814,32,892,603.0904969159747
7655,1.0620976686477661,32,892,603.0904969159747
7656,1.0620527267456055,32,892,603.0904969159747
7657,1.061996340751648,32,892,603.0904969159747
7658,1.0619304180145264,32,892,603.0904969159747
7659,1.0620161294937134,32,892,603.0904969159747
7660,1.062058687210083,32,892,603.0904969159747
7661,1.0619511604309082,32,892,603.0904969159747
7662,1.061959147453308,32,892,603.0904969159747
7663,1.062021017074585,32,892,603.0904969159747
7664,1.0620558261871338,32,892,603.0904969159747
7665,1.062058925628662,32,892,603.0904969159747
7666,1.0620332956314087,32,892,603.0904969159747
7667,1.0619736909866333,32,892,603.0904969159747
7668,1.061902642250061,32,892,603.0904969159747
7669,1.062011957168579,32,892,603.0904969159747
7670,1.062050461769104,32,892,603.0904969159747
7671,1.0619360208511353,32,892,603.0904969159747
7672,1.0619478225708008,32,892,603.0904969159747
7673,1.062007188796997,32,892,603.0904969159747
7674,1.0620445013046265,32,892,603.0904969159747
7675,1.0620522499084473,32,892,603.0904969159747
7676,1.0620150566101074,32,892,603.0904969159747
7677,1.0619608163833618,32,892,603.0904969159747
7678,1.0618929862976074,32,892,603.0904969159747
7679,1.0620073080062866,32,892,603.0904969159747
7680,1.0620442628860474,32,892,603.0904969159747
7681,1.061941385269165,32,892,603.0904969159747
7682,1.0619196891784668,32,892,603.0904969159747
7683,1.0619887113571167,32,892,603.0904969159747
7684,1.0620217323303223,32,892,603.0904969159747
7685,1.0620229244232178,32,892,603.0904969159747
7686,1.0619910955429077,32,892,603.0904969159747
7687,1.0619386434555054,32,892,603.0904969159747
7688,1.0618847608566284,32,892,603.0904969159747
7689,1.062000036239624,32,892,603.0904969159747
7690,1.0620381832122803,32,892,603.0904969159747
7691,1.061935544013977,32,892,603.0904969159747
7692,1.0619181394577026,32,892,603.0904969159747
7693,1.0619761943817139,32,892,603.0904969159747
7694,1.062006950378418,32,892,603.0904969159747
7695,1.0620046854019165,32,892,603.0904969159747
7696,1.0619827508926392,32,892,603.0904969159747
7697,1.061934471130371,32,892,603.0904969159747
7698,1.0618698596954346,32,892,603.0904969159747
7699,1.0619919300079346,32,892,603.0904969159747
7700,1.0620304346084595,32,892,603.0904969159747
7701,1.0619285106658936,32,892,603.0904969159747
7702,1.0619006156921387,32,892,603.0904969159747
7703,1.0619550943374634,32,892,603.0904969159747
7704,1.0619879961013794,32,892,603.0904969159747
7705,1.0619887113571167,32,892,603.0904969159747
7706,1.0619641542434692,32,892,603.0904969159747
7707,1.0619161128997803,32,892,603.0904969159747
7708,1.0618592500686646,32,892,603.0904969159747
7709,1.0619906187057495,32,892,603.0904969159747
7710,1.0620213747024536,32,892,603.0904969159747
7711,1.0619324445724487,32,892,603.0904969159747
7712,1.0618860721588135,32,892,603.0904969159747
7713,1.0619370937347412,32,892,603.0904969159747
7714,1.0619676113128662,32,892,603.0904969159747
7715,1.061971664428711,32,892,603.0904969159747
7716,1.061941385269165,32,892,603.0904969159747
7717,1.0619003772735596,32,892,603.0904969159747
7718,1.0618470907211304,32,892,603.0904969159747
7719,1.061983585357666,32,892,603.0904969159747
7720,1.062014102935791,32,892,603.0904969159747
7721,1.061926007270813,32,892,603.0904969159747
7722,1.0618711709976196,32,892,603.0904969159747
7723,1.0619292259216309,32,892,603.0904969159747
7724,1.0619580745697021,32,892,603.0904969159747
7725,1.0619546175003052,32,892,603.0904969159747
7726,1.0619359016418457,32,892,603.0904969159747
7727,1.061890721321106,32,892,603.0904969159747
7728,1.0618317127227783,32,892,603.0904969159747
7729,1.0619807243347168,32,892,603.0904969159747
7730,1.0620092153549194,32,892,603.0904969159747
7731,1.0619217157363892,32,892,603.0904969159747
7732,1.0618656873703003,32,892,603.0904969159747
7733,1.0619155168533325,32,892,603.0904969159747
7734,1.0619488954544067,32,892,603.0904969159747
7735,1.0619374513626099,32,892,603.0904969159747
7736,1.0619213581085205,32,892,603.0904969159747
7737,1.0618799924850464,32,892,603.0904969159747
7738,1.0618305206298828,32,892,603.0904969159747
7739,1.0619733333587646,32,892,603.0904969159747
7740,1.0620005130767822,32,892,603.0904969159747
7741,1.0619217157363892,32,892,603.0904969159747
7742,1.0618535280227661,32,892,603.0904969159747
7743,1.0619051456451416,32,892,603.0904969159747
7744,1.0619338750839233,32,892,603.0904969159747
7745,1.0619325637817383,32,892,603.0904969159747
7746,1.0619059801101685,32,892,603.0904969159747
7747,1.0618631839752197,32,892,603.0904969159747
7748,1.061816930770874,32,892,603.0904969159747
7749,1.061824083328247,32,892,603.0904969159747
7750,1.061858057975769,32,892,603.0904969159747
7751,1.0618693828582764,32,892,603.0904969159747
7752,1.06187105178833,32,892,603.0904969159747
7753,1.0618575811386108,32,892,603.0904969159747
7754,1.0618146657943726,32,892,603.0904969159747
7755,1.0619118213653564,32,892,603.0904969159747
7756,1.0619068145751953,32,892,603.0904969159747
7757,1.0618129968643188,32,892,603.0904969159747
7758,1.0618427991867065,32,892,603.0904969159747
7759,1.0618342161178589,32,892,603.0904969159747
7760,1.0618207454681396,32,892,603.0904969159747
7761,1.0618345737457275,32,892,603.0904969159747
7762,1.0618062019348145,32,892,603.0904969159747
7763,1.0618016719818115,32,892,603.0904969159747
7764,1.0618433952331543,32,892,603.0904969159747
7765,1.0618126392364502,32,892,603.0904969159747
7766,1.0618151426315308,32,892,603.0904969159747
7767,1.061801552772522,32,892,603.0904969159747
7768,1.061856985092163,32,892,603.0904969159747
7769,1.0618120431900024,32,892,603.0904969159747
7770,1.0618619918823242,32,892,603.0904969159747
7771,1.061902642250061,32,892,603.0904969159747
7772,1.0619240999221802,32,892,603.0904969159747
7773,1.0618956089019775,32,892,603.0904969159747
7774,1.0618411302566528,32,892,603.0904969159747
7775,1.0618218183517456,32,892,603.0904969159747
7776,1.061832308769226,32,892,603.0904969159747
7777,1.0618172883987427,32,892,603.0904969159747
7778,1.0618375539779663,32,892,603.0904969159747
7779,1.0618395805358887,32,892,603.0904969159747
7780,1.0618178844451904,32,892,603.0904969159747
7781,1.061834454536438,32,892,603.0904969159747
7782,1.0618096590042114,32,892,603.0904969159747
7783,1.0618445873260498,32,892,603.0904969159747
7784,1.061861515045166,32,892,603.0904969159747
7785,1.061877965927124,32,892,603.0904969159747
7786,1.0618574619293213,32,892,603.0904969159747
7787,1.061819314956665,32,892,603.0904969159747
7788,1.0618420839309692,32,892,603.0904969159747
7789,1.0618481636047363,32,892,603.0904969159747
7790,1.0618059635162354,32,892,603.0904969159747
7791,1.0618224143981934,32,892,603.0904969159747
7792,1.06182861328125,32,892,603.0904969159747
7793,1.061808705329895,32,892,603.0904969159747
7794,1.0618253946304321,32,892,603.0904969159747
7795,1.061791181564331,32,892,603.0904969159747
7796,1.06183922290802,32,892,603.0904969159747
7797,1.061869502067566,32,892,603.0904969159747
7798,1.0618754625320435,32,892,603.0904969159747
7799,1.06185781955719,32,892,603.0904969159747
7800,1.0618139505386353,32,892,603.0904969159747
7801,1.0618330240249634,32,892,603.0904969159747
7802,1.0618431568145752,32,892,603.0904969159747
7803,1.0617892742156982,32,892,603.0904969159747
7804,1.0618115663528442,32,892,603.0904969159747
7805,1.0618079900741577,32,892,603.0904969159747
7806,1.0617928504943848,32,892,603.0904969159747
7807,1.0618449449539185,32,892,603.0904969159747
7808,1.0618155002593994,32,892,603.0904969159747
7809,1.0618187189102173,32,892,603.0904969159747
7810,1.0618476867675781,32,892,603.0904969159747
7811,1.061853289604187,32,892,603.0904969159747
7812,1.0618329048156738,32,892,603.0904969159747
7813,1.0617939233779907,32,892,603.0904969159747
7814,1.0618470907211304,32,892,603.0904969159747
7815,1.0618497133255005,32,892,603.0904969159747
7816,1.0617798566818237,32,892,603.0904969159747
7817,1.0618059635162354,32,892,603.0904969159747
7818,1.0618051290512085,32,892,603.0904969159747
7819,1.0617808103561401,32,892,603.0904969159747
7820,1.0618348121643066,32,892,603.0904969159747
7821,1.0618014335632324,32,892,603.0904969159747
7822,1.061808466911316,32,892,603.0904969159747
7823,1.0618445873260498,32,892,603.0904969159747
7824,1.0618503093719482,32,892,603.0904969159747
7825,1.061830759048462,32,892,603.0904969159747
7826,1.0617942810058594,32,892,603.0904969159747
7827,1.0618315935134888,32,892,603.0904969159747
7828,1.0618373155593872,32,892,603.0904969159747
7829,1.0617812871932983,32,892,603.0904969159747
7830,1.0617977380752563,32,892,603.0904969159747
7831,1.061802625656128,32,892,603.0904969159747
7832,1.061782717704773,32,892,603.0904969159747
7833,1.0618300437927246,32,892,603.0904969159747
7834,1.0618029832839966,32,892,603.0904969159747
7835,1.0618009567260742,32,892,603.0904969159747
7836,1.0618393421173096,32,892,603.0904969159747
7837,1.061841607093811,32,892,603.0904969159747
7838,1.0618168115615845,32,892,603.0904969159747
7839,1.0617765188217163,32,892,603.0904969159747
7840,1.0618337392807007,32,892,603.0904969159747
7841,1.061841607093811,32,892,603.0904969159747
7842,1.061769723892212,32,892,603.0904969159747
7843,1.0617856979370117,32,892,603.0904969159747
7844,1.0617860555648804,32,892,603.0904969159747
7845,1.061764121055603,32,892,603.0904969159747
7846,1.0618338584899902,32,892,603.0904969159747
7847,1.06180739402771,32,892,603.0904969159747
7848,1.0617914199829102,32,892,603.0904969159747
7849,1.0618163347244263,32,892,603.0904969159747
7850,1.061822772026062,32,892,603.0904969159747
7851,1.061814308166504,32,892,603.0904969159747
7852,1.0617655515670776,32,892,603.0904969159747
7853,1.0618382692337036,32,892,603.0904969159747
7854,1.061842918395996,32,892,603.0904969159747
7855,1.0617631673812866,32,892,603.0904969159747
7856,1.0617780685424805,32,892,603.0904969159747
7857,1.0617722272872925,32,892,603.0904969159747
7858,1.061758041381836,32,892,603.0904969159747
7859,1.0618325471878052,32,892,603.0904969159747
7860,1.0618094205856323,32,892,603.0904969159747
7861,1.0617756843566895,32,892,603.0904969159747
7862,1.0618112087249756,32,892,603.0904969159747
7863,1.0618165731430054,32,892,603.0904969159747
7864,1.0617964267730713,32,892,603.0904969159747
7865,1.0617622137069702,32,892,603.0904969159747
7866,1.0618377923965454,32,892,603.0904969159747
7867,1.0618444681167603,32,892,603.0904969159747
7868,1.061759352684021,32,892,603.0904969159747
7869,1.0618317127227783,32,892,603.0904969159747
7870,1.0618817806243896,32,892,603.0904969159747
7871,1.0619096755981445,32,892,603.0904969159747
7872,1.0618947744369507,32,892,603.0904969159747
7873,1.0618574619293213,32,892,603.0904969159747
7874,1.0618129968643188,32,892,603.0904969159747
7875,1.061776876449585,32,892,603.0904969159747
7876,1.061809778213501,32,892,603.0904969159747
7877,1.0617581605911255,32,892,603.0904969159747
7878,1.061805009841919,32,892,603.0904969159747
7879,1.0618444681167603,32,892,603.0904969159747
7880,1.0618616342544556,32,892,603.0904969159747
7881,1.061848521232605,32,892,603.0904969159747
7882,1.0618175268173218,32,892,603.0904969159747
7883,1.0617797374725342,32,892,603.0904969159747
7884,1.0617942810058594,32,892,603.0904969159747
7885,1.0618098974227905,32,892,603.0904969159747
7886,1.0617550611495972,32,892,603.0904969159747
7887,1.0617605447769165,32,892,603.0904969159747
7888,1.0617551803588867,32,892,603.0904969159747
7889,1.0617679357528687,32,892,603.0904969159747
7890,1.0617575645446777,32,892,603.0904969159747
7891,1.061761498451233,32,892,603.0904969159747
7892,1.0617425441741943,32,892,603.0904969159747
7893,1.0617899894714355,32,892,603.0904969159747
7894,1.0617526769638062,32,892,603.0904969159747
7895,1.0617905855178833,32,892,603.0904969159747
7896,1.0618172883987427,32,892,603.0904969159747
7897,1.061824083328247,32,892,603.0904969159747
7898,1.0618122816085815,32,892,603.0904969159747
7899,1.0617748498916626,32,892,603.0904969159747
7900,1.0617706775665283,32,892,603.0904969159747
7901,1.0617802143096924,32,892,603.0904969159747
7902,1.0617599487304688,32,892,603.0904969159747
7903,1.0617719888687134,32,892,603.0904969159747
7904,1.0617626905441284,32,892,603.0904969159747
7905,1.0617507696151733,32,892,603.0904969159747
7906,1.0617988109588623,32,892,603.0904969159747
7907,1.0617817640304565,32,892,603.0904969159747
7908,1.0617586374282837,32,892,603.0904969159747
7909,1.0617811679840088,32,892,603.0904969159747
7910,1.0617810487747192,32,892,603.0904969159747
7911,1.0617623329162598,32,892,603.0904969159747
7912,1.0617386102676392,32,892,603.0904969159747
7913,1.061829686164856,32,892,603.0904969159747
7914,1.061829686164856,32,892,603.0904969159747
7915,1.0617579221725464,32,892,603.0904969159747
7916,1.0617952346801758,32,892,603.0904969159747
7917,1.0618367195129395,32,892,603.0904969159747
7918,1.061864972114563,32,892,603.0904969159747
7919,1.0618531703948975,32,892,603.0904969159747
7920,1.0618202686309814,32,892,603.0904969159747
7921,1.0617752075195312,32,892,603.0904969159747
7922,1.0617616176605225,32,892,603.0904969159747
7923,1.0617884397506714,32,892,603.0904969159747
7924,1.0617433786392212,32,892,603.0904969159747
7925,1.0617806911468506,32,892,603.0904969159747
7926,1.0618163347244263,32,892,603.0904969159747
7927,1.0618276596069336,32,892,603.0904969159747
7928,1.0618205070495605,32,892,603.0904969159747
7929,1.0617977380752563,32,892,603.0904969159747
7930,1.061766505241394,32,892,603.0904969159747
7931,1.0617733001708984,32,892,603.0904969159747
7932,1.061793327331543,32,892,603.0904969159747
7933,1.0617420673370361,32,892,603.0904969159747
7934,1.061776876449585,32,892,603.0904969159747
7935,1.0618157386779785,32,892,603.0904969159747
7936,1.0618300437927246,32,892,603.0904969159747
7937,1.061820149421692,32,892,603.0904969159747
7938,1.0617969036102295,32,892,603.0904969159747
7939,1.0617598295211792,32,892,603.0904969159747
7940,1.0617583990097046,32,892,603.0904969159747
7941,1.0617773532867432,32,892,603.0904969159747
7942,1.061733365058899,32,892,603.0904969159747
7943,1.0617330074310303,32,892,603.0904969159747
7944,1.061729907989502,32,892,603.0904969159747
7945,1.061748743057251,32,892,603.0904969159747
7946,1.0617289543151855,32,892,603.0904969159747
7947,1.0617291927337646,32,892,603.0904969159747
7948,1.0617297887802124,32,892,603.0904969159747
7949,1.0617469549179077,32,892,603.0904969159747
7950,1.0617477893829346,32,892,603.0904969159747
7951,1.061745047569275,32,892,603.0904969159747
7952,1.0617296695709229,32,892,603.0904969159747
7953,1.0617338418960571,32,892,603.0904969159747
7954,1.061733603477478,32,892,603.0904969159747
7955,1.061747431755066,32,892,603.0904969159747
7956,1.0617320537567139,32,892,603.0904969159747
7957,1.0617297887802124,32,892,603.0904969159747
7958,1.0617221593856812,32,892,603.0904969159747
7959,1.061742901802063,32,892,603.0904969159747
7960,1.0617483854293823,32,892,603.0904969159747
7961,1.06173837184906,32,892,603.0904969159747
7962,1.061746597290039,32,892,603.0904969159747
7963,1.061719298362732,32,892,603.0904969159747
7964,1.0617629289627075,32,892,603.0904969159747
7965,1.0617897510528564,32,892,603.0904969159747
7966,1.0617891550064087,32,892,603.0904969159747
7967,1.0617742538452148,32,892,603.0904969159747
7968,1.0617343187332153,32,892,603.0904969159747
7969,1.061774730682373,32,892,603.0904969159747
7970,1.0617908239364624,32,892,603.0904969159747
7971,1.0617303848266602,32,892,603.0904969159747
7972,1.0617672204971313,32,892,603.0904969159747
7973,1.061805248260498,32,892,603.0904969159747
7974,1.0618199110031128,32,892,603.0904969159747
7975,1.0618152618408203,32,892,603.0904969159747
7976,1.0617793798446655,32,892,603.0904969159747
7977,1.0617469549179077,32,892,603.0904969159747
7978,1.0617656707763672,32,892,603.0904969159747
7979,1.061791181564331,32,892,603.0904969159747
7980,1.0617512464523315,32,892,603.0904969159747
7981,1.0617437362670898,32,892,603.0904969159747
7982,1.0617748498916626,32,892,603.0904969159747
7983,1.061785340309143,32,892,603.0904969159747
7984,1.0617793798446655,32,892,603.0904969159747
7985,1.0617607831954956,32,892,603.0904969159747
7986,1.061727523803711,32,892,603.0904969159747
7987,1.0617719888687134,32,892,603.0904969159747
7988,1.0617905855178833,32,892,603.0904969159747
7989,1.0617412328720093,32,892,603.0904969159747
7990,1.0617454051971436,32,892,603.0904969159747
7991,1.0617800951004028,32,892,603.0904969159747
7992,1.0618001222610474,32,892,603.0904969159747
7993,1.0617847442626953,32,892,603.0904969159747
7994,1.0617564916610718,32,892,603.0904969159747
7995,1.06172776222229,32,892,603.0904969159747
7996,1.061753511428833,32,892,603.0904969159747
7997,1.0617743730545044,32,892,603.0904969159747
7998,1.0617316961288452,32,892,603.0904969159747
7999,1.061738133430481,32,892,603.0904969159747
8000,1.0617775917053223,32,892,603.0904969159747
8001,1.0617849826812744,32,892,603.0904969159747
8002,1.0617743730545044,32,892,603.0904969159747
8003,1.061753749847412,32,892,603.0904969159747
8004,1.0617245435714722,32,892,603.0904969159747
8005,1.0617616176605225,32,892,603.0904969159747
8006,1.061785340309143,32,892,603.0904969159747
8007,1.061742901802063,32,892,603.0904969159747
8008,1.0617340803146362,32,892,603.0904969159747
8009,1.0617666244506836,32,892,603.0904969159747
8010,1.0617756843566895,32,892,603.0904969159747
8011,1.0617729425430298,32,892,603.0904969159747
8012,1.061745285987854,32,892,603.0904969159747
8013,1.0617119073867798,32,892,603.0904969159747
8014,1.061761498451233,32,892,603.0904969159747
8015,1.0617775917053223,32,892,603.0904969159747
8016,1.0617358684539795,32,892,603.0904969159747
8017,1.0617294311523438,32,892,603.0904969159747
8018,1.0617619752883911,32,892,603.0904969159747
8019,1.0617841482162476,32,892,603.0904969159747
8020,1.0617769956588745,32,892,603.0904969159747
8021,1.0617479085922241,32,892,603.0904969159747
8022,1.0617213249206543,32,892,603.0904969159747
8023,1.061750888824463,32,892,603.0904969159747
8024,1.061766505241394,32,892,603.0904969159747
8025,1.0617258548736572,32,892,603.0904969159747
8026,1.0617307424545288,32,892,603.0904969159747
8027,1.0617632865905762,32,892,603.0904969159747
8028,1.0617755651474,32,892,603.0904969159747
8029,1.061767816543579,32,892,603.0904969159747
8030,1.0617461204528809,32,892,603.0904969159747
8031,1.0617196559906006,32,892,603.0904969159747
8032,1.061743974685669,32,892,603.0904969159747
8033,1.061760663986206,32,892,603.0904969159747
8034,1.061727523803711,32,892,603.0904969159747
8035,1.0617283582687378,32,892,603.0904969159747
8036,1.061754822731018,32,892,603.0904969159747
8037,1.0617713928222656,32,892,603.0904969159747
8038,1.061762809753418,32,892,603.0904969159747
8039,1.0617388486862183,32,892,603.0904969159747
8040,1.0617097616195679,32,892,603.0904969159747
8041,1.0617479085922241,32,892,603.0904969159747
8042,1.0617657899856567,32,892,603.0904969159747
8043,1.0617226362228394,32,892,603.0904969159747
8044,1.061721920967102,32,892,603.0904969159747
8045,1.0617520809173584,32,892,603.0904969159747
8046,1.0617566108703613,32,892,603.0904969159747
8047,1.0617588758468628,32,892,603.0904969159747
8048,1.0617387294769287,32,892,603.0904969159747
8049,1.061706781387329,32,892,603.0904969159747
8050,1.0617491006851196,32,892,603.0904969159747
8051,1.0617632865905762,32,892,603.0904969159747
8052,1.061727523803711,32,892,603.0904969159747
8053,1.0617151260375977,32,892,603.0904969159747
8054,1.061745524406433,32,892,603.0904969159747
8055,1.0617549419403076,32,892,603.0904969159747
8056,1.0617475509643555,32,892,603.0904969159747
8057,1.061730146408081,32,892,603.0904969159747
8058,1.0616960525512695,32,892,603.0904969159747
8059,1.0617516040802002,32,892,603.0904969159747
8060,1.0617679357528687,32,892,603.0904969159747
8061,1.061729907989502,32,892,603.0904969159747
8062,1.0617177486419678,32,892,603.0904969159747
8063,1.0617400407791138,32,892,603.0904969159747
8064,1.0617481470108032,32,892,603.0904969159747
8065,1.061740517616272,32,892,603.0904969159747
8066,1.0617271661758423,32,892,603.0904969159747
8067,1.0616998672485352,32,892,603.0904969159747
8068,1.0617491006851196,32,892,603.0904969159747
8069,1.061765432357788,32,892,603.0904969159747
8070,1.061727523803711,32,892,603.0904969159747
8071,1.0617116689682007,32,892,603.0904969159747
8072,1.0617384910583496,32,892,603.0904969159747
8073,1.0617464780807495,32,892,603.0904969159747
8074,1.0617369413375854,32,892,603.0904969159747
8075,1.0617296695709229,32,892,603.0904969159747
8076,1.0616918802261353,32,892,603.0904969159747
8077,1.0617501735687256,32,892,603.0904969159747
8078,1.061764121055603,32,892,603.0904969159747
8079,1.0617308616638184,32,892,603.0904969159747
8080,1.0617008209228516,32,892,603.0904969159747
8081,1.0617291927337646,32,892,603.0904969159747
8082,1.0617469549179077,32,892,603.0904969159747
8083,1.0617339611053467,32,892,603.0904969159747
8084,1.0617178678512573,32,892,603.0904969159747
8085,1.0616878271102905,32,892,603.0904969159747
8086,1.0617502927780151,32,892,603.0904969159747
8087,1.0617661476135254,32,892,603.0904969159747
8088,1.0617283582687378,32,892,603.0904969159747
8089,1.0616965293884277,32,892,603.0904969159747
8090,1.0617222785949707,32,892,603.0904969159747
8091,1.0617369413375854,32,892,603.0904969159747
8092,1.0617278814315796,32,892,603.0904969159747
8093,1.0617139339447021,32,892,603.0904969159747
8094,1.0616867542266846,32,892,603.0904969159747
8095,1.0617507696151733,32,892,603.0904969159747
8096,1.0617599487304688,32,892,603.0904969159747
8097,1.0617296695709229,32,892,603.0904969159747
8098,1.061702847480774,32,892,603.0904969159747
8099,1.0617263317108154,32,892,603.0904969159747
8100,1.0617362260818481,32,892,603.0904969159747
8101,1.061726689338684,32,892,603.0904969159747
8102,1.0617060661315918,32,892,603.0904969159747
8103,1.0616906881332397,32,892,603.0904969159747
8104,1.0617506504058838,32,892,603.0904969159747
8105,1.061763048171997,32,892,603.0904969159747
8106,1.0617282390594482,32,892,603.0904969159747
8107,1.0616943836212158,32,892,603.0904969159747
8108,1.0617132186889648,32,892,603.0904969159747
8109,1.0617194175720215,32,892,603.0904969159747
8110,1.0617221593856812,32,892,603.0904969159747
8111,1.0617016553878784,32,892,603.0904969159747
8112,1.0616793632507324,32,892,603.0904969159747
8113,1.0616782903671265,32,892,603.0904969159747
8114,1.0617074966430664,32,892,603.0904969159747
8115,1.061712622642517,32,892,603.0904969159747
8116,1.0617141723632812,32,892,603.0904969159747
8117,1.061703085899353,32,892,603.0904969159747
8118,1.0616810321807861,32,892,603.0904969159747
8119,1.0616811513900757,32,892,603.0904969159747
8120,1.0616886615753174,32,892,603.0904969159747
8121,1.0616828203201294,32,892,603.0904969159747
8122,1.0616929531097412,32,892,603.0904969159747
8123,1.061689019203186,32,892,603.0904969159747
8124,1.061687707901001,32,892,603.0904969159747
8125,1.0616871118545532,32,892,603.0904969159747
8126,1.0616732835769653,32,892,603.0904969159747
8127,1.0616997480392456,32,892,603.0904969159747
8128,1.061676025390625,32,892,603.0904969159747
8129,1.0616735219955444,32,892,603.0904969159747
8130,1.0616905689239502,32,892,603.0904969159747
8131,1.0616803169250488,32,892,603.0904969159747
8132,1.061684250831604,32,892,603.0904969159747
8133,1.0616710186004639,32,892,603.0904969159747
8134,1.0617166757583618,32,892,603.0904969159747
8135,1.0616987943649292,32,892,603.0904969159747
8136,1.0616915225982666,32,892,603.0904969159747
8137,1.0617079734802246,32,892,603.0904969159747
8138,1.0617132186889648,32,892,603.0904969159747
8139,1.0616862773895264,32,892,603.0904969159747
8140,1.0616730451583862,32,892,603.0904969159747
8141,1.0617491006851196,32,892,603.0904969159747
8142,1.061754584312439,32,892,603.0904969159747
8143,1.061721682548523,32,892,603.0904969159747
8144,1.0616869926452637,32,892,603.0904969159747
8145,1.0617139339447021,32,892,603.0904969159747
8146,1.0617218017578125,32,892,603.0904969159747
8147,1.0617163181304932,32,892,603.0904969159747
8148,1.0617038011550903,32,892,603.0904969159747
8149,1.06167471408844,32,892,603.0904969159747
8150,1.0616765022277832,32,892,603.0904969159747
8151,1.0616880655288696,32,892,603.0904969159747
8152,1.0616966485977173,32,892,603.0904969159747
8153,1.0616953372955322,32,892,603.0904969159747
8154,1.0616854429244995,32,892,603.0904969159747
8155,1.0616943836212158,32,892,603.0904969159747
8156,1.061689853668213,32,892,603.0904969159747
8157,1.0616886615753174,32,892,603.0904969159747
8158,1.0616962909698486,32,892,603.0904969159747
8159,1.061698079109192,32,892,603.0904969159747
8160,1.0616848468780518,32,892,603.0904969159747
8161,1.0616856813430786,32,892,603.0904969159747
8162,1.0616788864135742,32,892,603.0904969159747
8163,1.0616942644119263,32,892,603.0904969159747
8164,1.0617080926895142,32,892,603.0904969159747
8165,1.0617055892944336,32,892,603.0904969159747
8166,1.0616856813430786,32,892,603.0904969159747
8167,1.0616697072982788,32,892,603.0904969159747
8168,1.0616705417633057,32,892,603.0904969159747
8169,1.0616798400878906,32,892,603.0904969159747
8170,1.0616768598556519,32,892,603.0904969159747
8171,1.0616786479949951,32,892,603.0904969159747
8172,1.061669111251831,32,892,603.0904969159747
8173,1.0616860389709473,32,892,603.0904969159747
8174,1.0616719722747803,32,892,603.0904969159747
8175,1.0616905689239502,32,892,603.0904969159747
8176,1.061705231666565,32,892,603.0904969159747
8177,1.0617085695266724,32,892,603.0904969159747
8178,1.061697244644165,32,892,603.0904969159747
8179,1.0616731643676758,32,892,603.0904969159747
8180,1.0617151260375977,32,892,603.0904969159747
8181,1.061728835105896,32,892,603.0904969159747
8182,1.0616934299468994,32,892,603.0904969159747
8183,1.06168532371521,32,892,603.0904969159747
8184,1.0617189407348633,32,892,603.0904969159747
8185,1.0617238283157349,32,892,603.0904969159747
8186,1.0617175102233887,32,892,603.0904969159747
8187,1.061689019203186,32,892,603.0904969159747
8188,1.06166410446167,32,892,603.0904969159747
8189,1.0617377758026123,32,892,603.0904969159747
8190,1.0617603063583374,32,892,603.0904969159747
8191,1.06173574924469,32,892,603.0904969159747
8192,1.061669111251831,32,892,603.0904969159747
8193,1.0617092847824097,32,892,603.0904969159747
8194,1.0617607831954956,32,892,603.0904969159747
8195,1.0617843866348267,32,892,603.0904969159747
8196,1.0617802143096924,32,892,603.0904969159747
8197,1.0617492198944092,32,892,603.0904969159747
8198,1.0617170333862305,32,892,603.0904969159747
8199,1.0616848468780518,32,892,603.0904969159747
8200,1.0617170333862305,32,892,603.0904969159747
8201,1.0617477893829346,32,892,603.0904969159747
8202,1.0617371797561646,32,892,603.0904969159747
8203,1.0616968870162964,32,892,603.0904969159747
8204,1.0616940259933472,32,892,603.0904969159747
8205,1.0617125034332275,32,892,603.0904969159747
8206,1.0617311000823975,32,892,603.0904969159747
8207,1.0617326498031616,32,892,603.0904969159747
8208,1.061721682548523,32,892,603.0904969159747
8209,1.0617016553878784,32,892,603.0904969159747
8210,1.0616693496704102,32,892,603.0904969159747
8211,1.061715006828308,32,892,603.0904969159747
8212,1.0617330074310303,32,892,603.0904969159747
8213,1.061715006828308,32,892,603.0904969159747
8214,1.0616581439971924,32,892,603.0904969159747
8215,1.0617151260375977,32,892,603.0904969159747
8216,1.061746597290039,32,892,603.0904969159747
8217,1.0617681741714478,32,892,603.0904969159747
8218,1.061771035194397,32,892,603.0904969159747
8219,1.0617384910583496,32,892,603.0904969159747
8220,1.0617092847824097,32,892,603.0904969159747
8221,1.0616765022277832,32,892,603.0904969159747
8222,1.0617071390151978,32,892,603.0904969159747
8223,1.0617411136627197,32,892,603.0904969159747
8224,1.0617334842681885,32,892,603.0904969159747
8225,1.061692476272583,32,892,603.0904969159747
8226,1.0616812705993652,32,892,603.0904969159747
8227,1.0617064237594604,32,892,603.0904969159747
8228,1.0617222785949707,32,892,603.0904969159747
8229,1.0617280006408691,32,892,603.0904969159747
8230,1.0617097616195679,32,892,603.0904969159747
8231,1.061697244644165,32,892,603.0904969159747
8232,1.0616741180419922,32,892,603.0904969159747
8233,1.0617048740386963,32,892,603.0904969159747
8234,1.0617241859436035,32,892,603.0904969159747
8235,1.061699390411377,32,892,603.0904969159747
8236,1.061654806137085,32,892,603.0904969159747
8237,1.0616765022277832,32,892,603.0904969159747
8238,1.061682105064392,32,892,603.0904969159747
8239,1.0616832971572876,32,892,603.0904969159747
8240,1.0616629123687744,32,892,603.0904969159747
8241,1.0616755485534668,32,892,603.0904969159747
8242,1.0616711378097534,32,892,603.0904969159747
8243,1.0616645812988281,32,892,603.0904969159747
8244,1.0616751909255981,32,892,603.0904969159747
8245,1.0616823434829712,32,892,603.0904969159747
8246,1.0616658926010132,32,892,603.0904969159747
8247,1.0616705417633057,32,892,603.0904969159747
8248,1.061660647392273,32,892,603.0904969159747
8249,1.0616669654846191,32,892,603.0904969159747
8250,1.0616849660873413,32,892,603.0904969159747
8251,1.0616753101348877,32,892,603.0904969159747
8252,1.0616707801818848,32,892,603.0904969159747
8253,1.0616588592529297,32,892,603.0904969159747
8254,1.061653733253479,32,892,603.0904969159747
8255,1.0616730451583862,32,892,603.0904969159747
8256,1.061684489250183,32,892,603.0904969159747
8257,1.0616869926452637,32,892,603.0904969159747
8258,1.0616697072982788,32,892,603.0904969159747
8259,1.061658263206482,32,892,603.0904969159747
8260,1.0616579055786133,32,892,603.0904969159747
8261,1.06166410446167,32,892,603.0904969159747
8262,1.0616815090179443,32,892,603.0904969159747
8263,1.0616798400878906,32,892,603.0904969159747
8264,1.0616618394851685,32,892,603.0904969159747
8265,1.0616611242294312,32,892,603.0904969159747
8266,1.0616570711135864,32,892,603.0904969159747
8267,1.061663031578064,32,892,603.0904969159747
8268,1.0616728067398071,32,892,603.0904969159747
8269,1.0616729259490967,32,892,603.0904969159747
8270,1.0616644620895386,32,892,603.0904969159747
8271,1.0616601705551147,32,892,603.0904969159747
8272,1.0616549253463745,32,892,603.0904969159747
8273,1.0616652965545654,32,892,603.0904969159747
8274,1.0616791248321533,32,892,603.0904969159747
8275,1.0616748332977295,32,892,603.0904969159747
8276,1.061664342880249,32,892,603.0904969159747
8277,1.061660647392273,32,892,603.0904969159747
8278,1.0616604089736938,32,892,603.0904969159747
8279,1.0616636276245117,32,892,603.0904969159747
8280,1.0616806745529175,32,892,603.0904969159747
8281,1.0616703033447266,32,892,603.0904969159747
8282,1.061658263206482,32,892,603.0904969159747
8283,1.061659574508667,32,892,603.0904969159747
8284,1.0616573095321655,32,892,603.0904969159747
8285,1.061661958694458,32,892,603.0904969159747
8286,1.0616790056228638,32,892,603.0904969159747
8287,1.0616707801818848,32,892,603.0904969159747
8288,1.0616488456726074,32,892,603.0904969159747
8289,1.0616635084152222,32,892,603.0904969159747
8290,1.0616623163223267,32,892,603.0904969159747
8291,1.0616590976715088,32,892,603.0904969159747
8292,1.0616607666015625,32,892,603.0904969159747
8293,1.061666488647461,32,892,603.0904969159747
8294,1.061647891998291,32,892,603.0904969159747
8295,1.061672329902649,32,892,603.0904969159747
8296,1.0616661310195923,32,892,603.0904969159747
8297,1.0616532564163208,32,892,603.0904969159747
8298,1.0616570711135864,32,892,603.0904969159747
8299,1.0616590976715088,32,892,603.0904969159747
8300,1.0616464614868164,32,892,603.0904969159747
8301,1.0616717338562012,32,892,603.0904969159747
8302,1.061672329902649,32,892,603.0904969159747
8303,1.0616570711135864,32,892,603.0904969159747
8304,1.0616546869277954,32,892,603.0904969159747
8305,1.0616616010665894,32,892,603.0904969159747
8306,1.0616499185562134,32,892,603.0904969159747
8307,1.0616765022277832,32,892,603.0904969159747
8308,1.061671495437622,32,892,603.0904969159747
8309,1.0616477727890015,32,892,603.0904969159747
8310,1.0616577863693237,32,892,603.0904969159747
8311,1.0616563558578491,32,892,603.0904969159747
8312,1.0616456270217896,32,892,603.0904969159747
8313,1.061674952507019,32,892,603.0904969159747
8314,1.0616707801818848,32,892,603.0904969159747
8315,1.0616480112075806,32,892,603.0904969159747
8316,1.0616545677185059,32,892,603.0904969159747
8317,1.061659336090088,32,892,603.0904969159747
8318,1.0616432428359985,32,892,603.0904969159747
8319,1.0616716146469116,32,892,603.0904969159747
8320,1.0616682767868042,32,892,603.0904969159747
8321,1.0616469383239746,32,892,603.0904969159747
8322,1.0616565942764282,32,892,603.0904969159747
8323,1.0616565942764282,32,892,603.0904969159747
8324,1.0616443157196045,32,892,603.0904969159747
8325,1.0616776943206787,32,892,603.0904969159747
8326,1.0616700649261475,32,892,603.0904969159747
8327,1.0616461038589478,32,892,603.0904969159747
8328,1.0616589784622192,32,892,603.0904969159747
8329,1.0616483688354492,32,892,603.0904969159747
8330,1.0616390705108643,32,892,603.0904969159747
8331,1.061675786972046,32,892,603.0904969159747
8332,1.0616719722747803,32,892,603.0904969159747
8333,1.061638355255127,32,892,603.0904969159747
8334,1.0616514682769775,32,892,603.0904969159747
8335,1.0616508722305298,32,892,603.0904969159747
8336,1.0616378784179688,32,892,603.0904969159747
8337,1.0616769790649414,32,892,603.0904969159747
8338,1.0616718530654907,32,892,603.0904969159747
8339,1.0616443157196045,32,892,603.0904969159747
8340,1.061650037765503,32,892,603.0904969159747
8341,1.0616503953933716,32,892,603.0904969159747
8342,1.0616329908370972,32,892,603.0904969159747
8343,1.0616481304168701,32,892,603.0904969159747
8344,1.0616384744644165,32,892,603.0904969159747
8345,1.0616328716278076,32,892,603.0904969159747
8346,1.0616751909255981,32,892,603.0904969159747
8347,1.061667561531067,32,892,603.0904969159747
8348,1.0616391897201538,32,892,603.0904969159747
8349,1.0616440773010254,32,892,603.0904969159747
8350,1.0616453886032104,32,892,603.0904969159747
8351,1.0616388320922852,32,892,603.0904969159747
8352,1.0616698265075684,32,892,603.0904969159747
8353,1.061666488647461,32,892,603.0904969159747
8354,1.0616328716278076,32,892,603.0904969159747
8355,1.0616475343704224,32,892,603.0904969159747
8356,1.0616416931152344,32,892,603.0904969159747
8357,1.0616297721862793,32,892,603.0904969159747
8358,1.0616722106933594,32,892,603.0904969159747
8359,1.0616698265075684,32,892,603.0904969159747
8360,1.06162428855896,32,892,603.0904969159747
8361,1.0616403818130493,32,892,603.0904969159747
8362,1.0616416931152344,32,892,603.0904969159747
8363,1.0616297721862793,32,892,603.0904969159747
8364,1.0616751909255981,32,892,603.0904969159747
8365,1.0616716146469116,32,892,603.0904969159747
8366,1.0616260766983032,32,892,603.0904969159747
8367,1.061682939529419,32,892,603.0904969159747
8368,1.0617176294326782,32,892,603.0904969159747
8369,1.0617284774780273,32,892,603.0904969159747
8370,1.061718225479126,32,892,603.0904969159747
8371,1.0616888999938965,32,892,603.0904969159747
8372,1.0616471767425537,32,892,603.0904969159747
8373,1.061665415763855,32,892,603.0904969159747
8374,1.0616968870162964,32,892,603.0904969159747
8375,1.0616841316223145,32,892,603.0904969159747
8376,1.0616340637207031,32,892,603.0904969159747
8377,1.0616395473480225,32,892,603.0904969159747
8378,1.0616464614868164,32,892,603.0904969159747
8379,1.0616375207901,32,892,603.0904969159747
8380,1.061643362045288,32,892,603.0904969159747
8381,1.0616310834884644,32,892,603.0904969159747
8382,1.0616545677185059,32,892,603.0904969159747
8383,1.0616674423217773,32,892,603.0904969159747
8384,1.0616694688796997,32,892,603.0904969159747
8385,1.0616570711135864,32,892,603.0904969159747
8386,1.061635971069336,32,892,603.0904969159747
8387,1.06166410446167,32,892,603.0904969159747
8388,1.0616751909255981,32,892,603.0904969159747
8389,1.0616453886032104,32,892,603.0904969159747
8390,1.0616469383239746,32,892,603.0904969159747
8391,1.0616744756698608,32,892,603.0904969159747
8392,1.0616806745529175,32,892,603.0904969159747
8393,1.0616708993911743,32,892,603.0904969159747
8394,1.0616540908813477,32,892,603.0904969159747
8395,1.0616310834884644,32,892,603.0904969159747
8396,1.0616354942321777,32,892,603.0904969159747
8397,1.0616344213485718,32,892,603.0904969159747
8398,1.0616447925567627,32,892,603.0904969159747
8399,1.0616371631622314,32,892,603.0904969159747
8400,1.0616296529769897,32,892,603.0904969159747
8401,1.0616260766983032,32,892,603.0904969159747
8402,1.0616284608840942,32,892,603.0904969159747
8403,1.0616440773010254,32,892,603.0904969159747
8404,1.0629451274871826,64,892,603.0904969159747
8405,1.0627987384796143,64,892,603.0904969159747
8406,1.0626355409622192,64,892,603.0904969159747
8407,1.0624793767929077,64,892,603.0904969159747
8408,1.0621839761734009,64,892,603.0904969159747
8409,1.0618698596954346,64,892,603.0904969159747
8410,1.0619810819625854,64,892,603.0904969159747
8411,1.061953067779541,64,892,603.0904969159747
8412,1.061769723892212,64,892,603.0904969159747
8413,1.0617724657058716,64,892,603.0904969159747
8414,1.0619852542877197,64,892,603.0904969159747
8415,1.0620113611221313,64,892,603.0904969159747
8416,1.0617828369140625,64,892,603.0904969159747
8417,1.0618222951889038,64,892,603.0904969159747
8418,1.0619245767593384,64,892,603.0904969159747
8419,1.061733365058899,64,892,603.0904969159747
8420,1.0619444847106934,64,892,603.0904969159747
8421,1.0618890523910522,64,892,603.0904969159747
8422,1.0618855953216553,64,892,603.0904969159747
8423,1.06191885471344,64,892,603.0904969159747
8424,1.0617742538452148,64,892,603.0904969159747
8425,1.0618008375167847,64,892,603.0904969159747
8426,1.0618960857391357,64,892,603.0904969159747
8427,1.0618765354156494,64,892,603.0904969159747
8428,1.0617607831954956,64,892,603.0904969159747
8429,1.0617257356643677,64,892,603.0904969159747
8430,1.061806082725525,64,892,603.0904969159747
8431,1.0617234706878662,64,892,603.0904969159747
8432,1.0616543292999268,64,892,603.0904969159747
8433,1.0617645978927612,64,892,603.0904969159747
8434,1.0617185831069946,64,892,603.0904969159747
8435,1.0616064071655273,64,892,603.0904969159747
8436,1.0616405010223389,64,892,603.0904969159747
8437,1.0616501569747925,64,892,603.0904969159747
8438,1.0616068840026855,64,892,603.0904969159747
8439,1.0616437196731567,64,892,603.0904969159747
8440,1.0616201162338257,64,892,603.0904969159747
8441,1.0617307424545288,64,892,603.0904969159747
8442,1.061728596687317,64,892,603.0904969159747
8443,1.0616211891174316,64,892,603.0904969159747
8444,1.061626672744751,64,892,603.0904969159747
8445,1.0616286993026733,64,892,603.0904969159747
8446,1.0616345405578613,64,892,603.0904969159747
8447,1.0615774393081665,64,892,603.0904969159747
8448,1.0616639852523804,64,892,603.0904969159747
8449,1.0616402626037598,64,892,603.0904969159747
8450,1.0617467164993286,64,892,603.0904969159747
8451,1.0617331266403198,64,892,603.0904969159747
8452,1.0616267919540405,64,892,603.0904969159747
8453,1.0616097450256348,64,892,603.0904969159747
8454,1.0616087913513184,64,892,603.0904969159747
8455,1.0616554021835327,64,892,603.0904969159747
8456,1.061626672744751,64,892,603.0904969159747
8457,1.0615817308425903,64,892,603.0904969159747
8458,1.0615835189819336,64,892,603.0904969159747
8459,1.0616062879562378,64,892,603.0904969159747
8460,1.0616130828857422,64,892,603.0904969159747
8461,1.0615544319152832,64,892,603.0904969159747
8462,1.0616652965545654,64,892,603.0904969159747
8463,1.0616792440414429,64,892,603.0904969159747
8464,1.0616230964660645,64,892,603.0904969159747
8465,1.06166672706604,64,892,603.0904969159747
8466,1.061678171157837,64,892,603.0904969159747
8467,1.0616189241409302,64,892,603.0904969159747
8468,1.061559796333313,64,892,603.0904969159747
8469,1.0615949630737305,64,892,603.0904969159747
8470,1.0616021156311035,64,892,603.0904969159747
8471,1.0615527629852295,64,892,603.0904969159747
8472,1.0617848634719849,64,892,603.0904969159747
8473,1.061828851699829,64,892,603.0904969159747
8474,1.061711072921753,64,892,603.0904969159747
8475,1.0617891550064087,64,892,603.0904969159747
8476,1.061762809753418,64,892,603.0904969159747
8477,1.0616525411605835,64,892,603.0904969159747
8478,1.061671495437622,64,892,603.0904969159747
8479,1.0615298748016357,64,892,603.0904969159747
8480,1.0615298748016357,64,892,603.0904969159747
8481,1.061586856842041,64,892,603.0904969159747
8482,1.0615406036376953,64,892,603.0904969159747
8483,1.0615578889846802,64,892,603.0904969159747
8484,1.0615774393081665,64,892,603.0904969159747
8485,1.061550498008728,64,892,603.0904969159747
8486,1.0616085529327393,64,892,603.0904969159747
8487,1.0616248846054077,64,892,603.0904969159747
8488,1.061578392982483,64,892,603.0904969159747
8489,1.0615490674972534,64,892,603.0904969159747
8490,1.0615119934082031,64,892,603.0904969159747
8491,1.061568021774292,64,892,603.0904969159747
8492,1.0615830421447754,64,892,603.0904969159747
8493,1.0615239143371582,64,892,603.0904969159747
8494,1.0616915225982666,64,892,603.0904969159747
8495,1.0617156028747559,64,892,603.0904969159747
8496,1.0616214275360107,64,892,603.0904969159747
8497,1.0616511106491089,64,892,603.0904969159747
8498,1.061688780784607,64,892,603.0904969159747
8499,1.0615547895431519,64,892,603.0904969159747
8500,1.0616003274917603,64,892,603.0904969159747
8501,1.0615707635879517,64,892,603.0904969159747
8502,1.0617927312850952,64,892,603.0904969159747
8503,1.061800479888916,64,892,603.0904969159747
8504,1.061585783958435,64,892,603.0904969159747
8505,1.0616604089736938,64,892,603.0904969159747
8506,1.0615410804748535,64,892,603.0904969159747
8507,1.0620214939117432,64,892,603.0904969159747
8508,1.0620605945587158,64,892,603.0904969159747
8509,1.061532735824585,64,892,603.0904969159747
8510,1.061888575553894,64,892,603.0904969159747
8511,1.061869740486145,64,892,603.0904969159747
8512,1.0618329048156738,64,892,603.0904969159747
8513,1.0619906187057495,64,892,603.0904969159747
8514,1.0616999864578247,64,892,603.0904969159747
8515,1.062078595161438,64,892,603.0904969159747
8516,1.0622029304504395,64,892,603.0904969159747
8517,1.0621789693832397,64,892,603.0904969159747
8518,1.061991810798645,64,892,603.0904969159747
8519,1.0625156164169312,64,892,603.0904969159747
8520,1.0618231296539307,64,892,603.0904969159747
8521,1.0618889331817627,64,892,603.0904969159747
8522,1.0627795457839966,64,892,603.0904969159747
8523,1.0626509189605713,64,892,603.0904969159747
8524,1.0622328519821167,64,892,603.0904969159747
8525,1.0615911483764648,64,892,603.0904969159747
8526,1.0617130994796753,64,892,603.0904969159747
8527,1.0617079734802246,64,892,603.0904969159747
8528,1.0618196725845337,64,892,603.0904969159747
8529,1.0615960359573364,64,892,603.0904969159747
8530,1.0705217123031616,64,892,603.0904969159747
8531,1.061861515045166,64,892,603.0904969159747
8532,1.062505841255188,64,892,603.0904969159747
8533,1.0631715059280396,64,892,603.0904969159747
8534,1.0632010698318481,64,892,603.0904969159747
8535,1.0636409521102905,64,892,603.0904969159747
8536,1.065340280532837,64,892,603.0904969159747
8537,1.0638351440429688,64,892,603.0904969159747
8538,1.0636245012283325,64,892,603.0904969159747
8539,1.063513994216919,64,892,603.0904969159747
8540,1.0632184743881226,64,892,603.0904969159747
8541,1.0657588243484497,64,892,603.0904969159747
8542,1.067078709602356,64,892,603.0904969159747
8543,1.0658502578735352,64,892,603.0904969159747
8544,1.0638502836227417,64,892,603.0904969159747
8545,1.0692391395568848,64,892,603.0904969159747
8546,1.0702946186065674,64,892,603.0904969159747
8547,1.0686330795288086,64,892,603.0904969159747
8548,1.0699630975723267,64,892,603.0904969159747
8549,1.0685737133026123,64,892,603.0904969159747
8550,1.0683963298797607,64,892,603.0904969159747
8551,1.0680387020111084,64,892,603.0904969159747
8552,1.0676939487457275,64,892,603.0904969159747
8553,1.0675454139709473,64,892,603.0904969159747
8554,1.0673935413360596,64,892,603.0904969159747
8555,1.067331314086914,64,892,603.0904969159747
8556,1.0673309564590454,64,892,603.0904969159747
8557,1.0673656463623047,64,892,603.0904969159747
8558,1.0674340724945068,64,892,603.0904969159747
8559,1.0675294399261475,64,892,603.0904969159747
8560,1.067559003829956,64,892,603.0904969159747
8561,1.067482352256775,64,892,603.0904969159747
8562,1.0674210786819458,64,892,603.0904969159747
8563,1.067385196685791,64,892,603.0904969159747
8564,1.0673680305480957,64,892,603.0904969159747
8565,1.0671015977859497,64,892,603.0904969159747
8566,1.064150333404541,64,892,603.0904969159747
8567,1.0641469955444336,64,892,603.0904969159747
8568,1.0641263723373413,64,892,603.0904969159747
8569,1.0640627145767212,64,892,603.0904969159747
8570,1.0638822317123413,64,892,603.0904969159747
8571,1.0633676052093506,64,892,603.0904969159747
8572,1.063319206237793,64,892,603.0904969159747
8573,1.064003586769104,64,892,603.0904969159747
8574,1.0633132457733154,64,892,603.0904969159747
8575,1.0631451606750488,64,892,603.0904969159747
8576,1.0631784200668335,64,892,603.0904969159747
8577,1.0633134841918945,64,892,603.0904969159747
8578,1.0634007453918457,64,892,603.0904969159747
8579,1.0633488893508911,64,892,603.0904969159747
8580,1.0629465579986572,64,892,603.0904969159747
8581,1.0630192756652832,64,892,603.0904969159747
8582,1.0628079175949097,64,892,603.0904969159747
8583,1.0630723237991333,64,892,603.0904969159747
8584,1.063289999961853,64,892,603.0904969159747
8585,1.0632461309432983,64,892,603.0904969159747
8586,1.0630601644515991,64,892,603.0904969159747
8587,1.062978744506836,64,892,603.0904969159747
8588,1.062990665435791,64,892,603.0904969159747
8589,1.063051462173462,64,892,603.0904969159747
8590,1.0631053447723389,64,892,603.0904969159747
8591,1.063046932220459,64,892,603.0904969159747
8592,1.0629231929779053,64,892,603.0904969159747
8593,1.062834620475769,64,892,603.0904969159747
8594,1.0628132820129395,64,892,603.0904969159747
8595,1.0628652572631836,64,892,603.0904969159747
8596,1.0628809928894043,64,892,603.0904969159747
8597,1.062817096710205,64,892,603.0904969159747
8598,1.0629056692123413,64,892,603.0904969159747
8599,1.06290602684021,64,892,603.0904969159747
8600,1.062824010848999,64,892,603.0904969159747
8601,1.0628639459609985,64,892,603.0904969159747
8602,1.0628738403320312,64,892,603.0904969159747
8603,1.0628435611724854,64,892,603.0904969159747
8604,1.0627925395965576,64,892,603.0904969159747
8605,1.0628142356872559,64,892,603.0904969159747
8606,1.062847375869751,64,892,603.0904969159747
8607,1.06287682056427,64,892,603.0904969159747
8608,1.06287682056427,64,892,603.0904969159747
8609,1.0628764629364014,64,892,603.0904969159747
8610,1.062860369682312,64,892,603.0904969159747
8611,1.0628435611724854,64,892,603.0904969159747
8612,1.0628254413604736,64,892,603.0904969159747
8613,1.0628018379211426,64,892,603.0904969159747
8614,1.0627892017364502,64,892,603.0904969159747
8615,1.062786340713501,64,892,603.0904969159747
8616,1.0627998113632202,64,892,603.0904969159747
8617,1.0627743005752563,64,892,603.0904969159747
8618,1.0627833604812622,64,892,603.0904969159747
8619,1.0627973079681396,64,892,603.0904969159747
8620,1.0627695322036743,64,892,603.0904969159747
8621,1.062835454940796,64,892,603.0904969159747
8622,1.062856912612915,64,892,603.0904969159747
8623,1.0628201961517334,64,892,603.0904969159747
8624,1.062777042388916,64,892,603.0904969159747
8625,1.0627912282943726,64,892,603.0904969159747
8626,1.0627883672714233,64,892,603.0904969159747
8627,1.062780499458313,64,892,603.0904969159747
8628,1.0627946853637695,64,892,603.0904969159747
8629,1.0628132820129395,64,892,603.0904969159747
8630,1.0627855062484741,64,892,603.0904969159747
8631,1.062779426574707,64,892,603.0904969159747
8632,1.062755823135376,64,892,603.0904969159747
8633,1.0628076791763306,64,892,603.0904969159747
8634,1.0628231763839722,64,892,603.0904969159747
8635,1.06282639503479,64,892,603.0904969159747
8636,1.0628149509429932,64,892,603.0904969159747
8637,1.062794804573059,64,892,603.0904969159747
8638,1.0627772808074951,64,892,603.0904969159747
8639,1.0627496242523193,64,892,603.0904969159747
8640,1.062820315361023,64,892,603.0904969159747
8641,1.062819242477417,64,892,603.0904969159747
8642,1.0627553462982178,64,892,603.0904969159747
8643,1.062781572341919,64,892,603.0904969159747
8644,1.062770962715149,64,892,603.0904969159747
8645,1.0627871751785278,64,892,603.0904969159747
8646,1.0627667903900146,64,892,603.0904969159747
8647,1.0627708435058594,64,892,603.0904969159747
8648,1.0627892017364502,64,892,603.0904969159747
8649,1.0627754926681519,64,892,603.0904969159747
8650,1.0627614259719849,64,892,603.0904969159747
8651,1.0627530813217163,64,892,603.0904969159747
8652,1.0627481937408447,64,892,603.0904969159747
8653,1.0627555847167969,64,892,603.0904969159747
8654,1.0627659559249878,64,892,603.0904969159747
8655,1.0627647638320923,64,892,603.0904969159747
8656,1.0627542734146118,64,892,603.0904969159747
8657,1.0627987384796143,64,892,603.0904969159747
8658,1.0627739429473877,64,892,603.0904969159747
8659,1.0627795457839966,64,892,603.0904969159747
8660,1.0627986192703247,64,892,603.0904969159747
8661,1.0628018379211426,64,892,603.0904969159747
8662,1.0628010034561157,64,892,603.0904969159747
8663,1.0627892017364502,64,892,603.0904969159747
8664,1.0627706050872803,64,892,603.0904969159747
8665,1.0627391338348389,64,892,603.0904969159747
8666,1.0628224611282349,64,892,603.0904969159747
8667,1.0628199577331543,64,892,603.0904969159747
8668,1.0627524852752686,64,892,603.0904969159747
8669,1.062816858291626,64,892,603.0904969159747
8670,1.0628681182861328,64,892,603.0904969159747
8671,1.0628619194030762,64,892,603.0904969159747
8672,1.0628200769424438,64,892,603.0904969159747
8673,1.062795877456665,64,892,603.0904969159747
8674,1.0627796649932861,64,892,603.0904969159747
8675,1.0627676248550415,64,892,603.0904969159747
8676,1.0627597570419312,64,892,603.0904969159747
8677,1.0627706050872803,64,892,603.0904969159747
8678,1.062780737876892,64,892,603.0904969159747
8679,1.0627952814102173,64,892,603.0904969159747
8680,1.0627820491790771,64,892,603.0904969159747
8681,1.0628854036331177,64,892,603.0904969159747
8682,1.062843680381775,64,892,603.0904969159747
8683,1.0628232955932617,64,892,603.0904969159747
8684,1.062832236289978,64,892,603.0904969159747
8685,1.0628031492233276,64,892,603.0904969159747
8686,1.0627796649932861,64,892,603.0904969159747
8687,1.0627530813217163,64,892,603.0904969159747
8688,1.0627663135528564,64,892,603.0904969159747
8689,1.0627716779708862,64,892,603.0904969159747
8690,1.0627943277359009,64,892,603.0904969159747
8691,1.062793493270874,64,892,603.0904969159747
8692,1.062774658203125,64,892,603.0904969159747
8693,1.062771201133728,64,892,603.0904969159747
8694,1.0627949237823486,64,892,603.0904969159747
8695,1.0627771615982056,64,892,603.0904969159747
8696,1.0628058910369873,64,892,603.0904969159747
8697,1.0628116130828857,64,892,603.0904969159747
8698,1.0627751350402832,64,892,603.0904969159747
8699,1.0627802610397339,64,892,603.0904969159747
8700,1.0627790689468384,64,892,603.0904969159747
8701,1.0627490282058716,64,892,603.0904969159747
8702,1.062777042388916,64,892,603.0904969159747
8703,1.0627952814102173,64,892,603.0904969159747
8704,1.0628100633621216,64,892,603.0904969159747
8705,1.062799334526062,64,892,603.0904969159747
8706,1.062809944152832,64,892,603.0904969159747
8707,1.0628037452697754,64,892,603.0904969159747
8708,1.0627875328063965,64,892,603.0904969159747
8709,1.0627552270889282,64,892,603.0904969159747
8710,1.0627576112747192,64,892,603.0904969159747
8711,1.062772274017334,64,892,603.0904969159747
8712,1.0627532005310059,64,892,603.0904969159747
8713,1.0627645254135132,64,892,603.0904969159747
8714,1.0627779960632324,64,892,603.0904969159747
8715,1.062780499458313,64,892,603.0904969159747
8716,1.0627796649932861,64,892,603.0904969159747
8717,1.06276273727417,64,892,603.0904969159747
8718,1.0627433061599731,64,892,603.0904969159747
8719,1.0627459287643433,64,892,603.0904969159747
8720,1.0627527236938477,64,892,603.0904969159747
8721,1.0627590417861938,64,892,603.0904969159747
8722,1.0627524852752686,64,892,603.0904969159747
8723,1.062751054763794,64,892,603.0904969159747
8724,1.062775731086731,64,892,603.0904969159747
8725,1.0627692937850952,64,892,603.0904969159747
8726,1.0627456903457642,64,892,603.0904969159747
8727,1.0627572536468506,64,892,603.0904969159747
8728,1.0627578496932983,64,892,603.0904969159747
8729,1.062743067741394,64,892,603.0904969159747
8730,1.0627683401107788,64,892,603.0904969159747
8731,1.062759280204773,64,892,603.0904969159747
8732,1.0627572536468506,64,892,603.0904969159747
8733,1.0627622604370117,64,892,603.0904969159747
8734,1.0627731084823608,64,892,603.0904969159747
8735,1.0627707242965698,64,892,603.0904969159747
8736,1.0627317428588867,64,892,603.0904969159747
8737,1.0628280639648438,64,892,603.0904969159747
8738,1.0628141164779663,64,892,603.0904969159747
8739,1.0627411603927612,64,892,603.0904969159747
8740,1.0627647638320923,64,892,603.0904969159747
8741,1.0627683401107788,64,892,603.0904969159747
8742,1.06276273727417,64,892,603.0904969159747
8743,1.0627456903457642,64,892,603.0904969159747
8744,1.062760353088379,64,892,603.0904969159747
8745,1.062760829925537,64,892,603.0904969159747
8746,1.0627456903457642,64,892,603.0904969159747
8747,1.0627491474151611,64,892,603.0904969159747
8748,1.0627557039260864,64,892,603.0904969159747
8749,1.0627403259277344,64,892,603.0904969159747
8750,1.0627676248550415,64,892,603.0904969159747
8751,1.0627611875534058,64,892,603.0904969159747
8752,1.0627444982528687,64,892,603.0904969159747
8753,1.0627506971359253,64,892,603.0904969159747
8754,1.0627598762512207,64,892,603.0904969159747
8755,1.0627378225326538,64,892,603.0904969159747
8756,1.0627524852752686,64,892,603.0904969159747
8757,1.0627472400665283,64,892,603.0904969159747
8758,1.062746524810791,64,892,603.0904969159747
8759,1.06276273727417,64,892,603.0904969159747
8760,1.0627607107162476,64,892,603.0904969159747
8761,1.0627520084381104,64,892,603.0904969159747
8762,1.0627349615097046,64,892,603.0904969159747
8763,1.0627284049987793,64,892,603.0904969159747
8764,1.0627543926239014,64,892,603.0904969159747
8765,1.0627368688583374,64,892,603.0904969159747
8766,1.0627319812774658,64,892,603.0904969159747
8767,1.0627473592758179,64,892,603.0904969159747
8768,1.0627361536026,64,892,603.0904969159747
8769,1.062724232673645,64,892,603.0904969159747
8770,1.0627529621124268,64,892,603.0904969159747
8771,1.0627650022506714,64,892,603.0904969159747
8772,1.0627578496932983,64,892,603.0904969159747
8773,1.0627264976501465,64,892,603.0904969159747
8774,1.0627319812774658,64,892,603.0904969159747
8775,1.0627261400222778,64,892,603.0904969159747
8776,1.0627516508102417,64,892,603.0904969159747
8777,1.062759518623352,64,892,603.0904969159747
8778,1.0627180337905884,64,892,603.0904969159747
8779,1.0628550052642822,64,892,603.0904969159747
8780,1.0627156496047974,64,892,603.0904969159747
8781,1.0628249645233154,64,892,603.0904969159747
8782,1.062867283821106,64,892,603.0904969159747
8783,1.0628950595855713,64,892,603.0904969159747
8784,1.062900185585022,64,892,603.0904969159747
8785,1.0628917217254639,64,892,603.0904969159747
8786,1.0628775358200073,64,892,603.0904969159747
8787,1.0628629922866821,64,892,603.0904969159747
8788,1.062841534614563,64,892,603.0904969159747
8789,1.0628193616867065,64,892,603.0904969159747
8790,1.0627888441085815,64,892,603.0904969159747
8791,1.062760829925537,64,892,603.0904969159747
8792,1.062791347503662,64,892,603.0904969159747
8793,1.0628314018249512,64,892,603.0904969159747
8794,1.0628392696380615,64,892,603.0904969159747
8795,1.0628122091293335,64,892,603.0904969159747
8796,1.0627762079238892,64,892,603.0904969159747
8797,1.0627737045288086,64,892,603.0904969159747
8798,1.0627955198287964,64,892,603.0904969159747
8799,1.0628087520599365,64,892,603.0904969159747
8800,1.0628013610839844,64,892,603.0904969159747
8801,1.0627776384353638,64,892,603.0904969159747
8802,1.062761902809143,64,892,603.0904969159747
8803,1.0627498626708984,64,892,603.0904969159747
8804,1.0627628564834595,64,892,603.0904969159747
8805,1.0627719163894653,64,892,603.0904969159747
8806,1.0627498626708984,64,892,603.0904969159747
8807,1.0627561807632446,64,892,603.0904969159747
8808,1.0627588033676147,64,892,603.0904969159747
8809,1.0627540349960327,64,892,603.0904969159747
8810,1.062752366065979,64,892,603.0904969159747
8811,1.0627758502960205,64,892,603.0904969159747
8812,1.0627671480178833,64,892,603.0904969159747
8813,1.062759280204773,64,892,603.0904969159747
8814,1.0627530813217163,64,892,603.0904969159747
8815,1.06276273727417,64,892,603.0904969159747
8816,1.0627471208572388,64,892,603.0904969159747
8817,1.0627340078353882,64,892,603.0904969159747
8818,1.0627654790878296,64,892,603.0904969159747
8819,1.0627623796463013,64,892,603.0904969159747
8820,1.062757968902588,64,892,603.0904969159747
8821,1.062760591506958,64,892,603.0904969159747
8822,1.0627630949020386,64,892,603.0904969159747
8823,1.062734842300415,64,892,603.0904969159747
8824,1.0628119707107544,64,892,603.0904969159747
8825,1.062817096710205,64,892,603.0904969159747
8826,1.0627477169036865,64,892,603.0904969159747
8827,1.0627706050872803,64,892,603.0904969159747
8828,1.0628029108047485,64,892,603.0904969159747
8829,1.0628141164779663,64,892,603.0904969159747
8830,1.0628166198730469,64,892,603.0904969159747
8831,1.0628129243850708,64,892,603.0904969159747
8832,1.0628012418746948,64,892,603.0904969159747
8833,1.0627883672714233,64,892,603.0904969159747
8834,1.0627719163894653,64,892,603.0904969159747
8835,1.0627483129501343,64,892,603.0904969159747
8836,1.0627655982971191,64,892,603.0904969159747
8837,1.0627905130386353,64,892,603.0904969159747
8838,1.0627834796905518,64,892,603.0904969159747
8839,1.0627470016479492,64,892,603.0904969159747
8840,1.0627615451812744,64,892,603.0904969159747
8841,1.0627756118774414,64,892,603.0904969159747
8842,1.0627797842025757,64,892,603.0904969159747
8843,1.062788963317871,64,892,603.0904969159747
8844,1.062784194946289,64,892,603.0904969159747
8845,1.0627692937850952,64,892,603.0904969159747
8846,1.0627630949020386,64,892,603.0904969159747
8847,1.0627425909042358,64,892,603.0904969159747
8848,1.0627559423446655,64,892,603.0904969159747
8849,1.0627721548080444,64,892,603.0904969159747
8850,1.0627528429031372,64,892,603.0904969159747
8851,1.0627655982971191,64,892,603.0904969159747
8852,1.0627648830413818,64,892,603.0904969159747
8853,1.062766194343567,64,892,603.0904969159747
8854,1.0627516508102417,64,892,603.0904969159747
8855,1.0627456903457642,64,892,603.0904969159747
8856,1.0627400875091553,64,892,603.0904969159747
8857,1.0627379417419434,64,892,603.0904969159747
8858,1.0627517700195312,64,892,603.0904969159747
8859,1.062756061553955,64,892,603.0904969159747
8860,1.0627459287643433,64,892,603.0904969159747
8861,1.0627397298812866,64,892,603.0904969159747
8862,1.0627663135528564,64,892,603.0904969159747
8863,1.062768816947937,64,892,603.0904969159747
8864,1.0627418756484985,64,892,603.0904969159747
8865,1.0627564191818237,64,892,603.0904969159747
8866,1.0627719163894653,64,892,603.0904969159747
8867,1.0627726316452026,64,892,603.0904969159747
8868,1.0627776384353638,64,892,603.0904969159747
8869,1.0627652406692505,64,892,603.0904969159747
8870,1.0627546310424805,64,892,603.0904969159747
8871,1.0627431869506836,64,892,603.0904969159747
8872,1.0627647638320923,64,892,603.0904969159747
8873,1.0627802610397339,64,892,603.0904969159747
8874,1.0627572536468506,64,892,603.0904969159747
8875,1.062752366065979,64,892,603.0904969159747
8876,1.0627689361572266,64,892,603.0904969159747
8877,1.0627714395523071,64,892,603.0904969159747
8878,1.0627644062042236,64,892,603.0904969159747
8879,1.0627490282058716,64,892,603.0904969159747
8880,1.0627332925796509,64,892,603.0904969159747
8881,1.0627361536026,64,892,603.0904969159747
8882,1.0627427101135254,64,892,603.0904969159747
8883,1.062741994857788,64,892,603.0904969159747
8884,1.062738299369812,64,892,603.0904969159747
8885,1.0627394914627075,64,892,603.0904969159747
8886,1.0627505779266357,64,892,603.0904969159747
8887,1.062750220298767,64,892,603.0904969159747
8888,1.0627355575561523,64,892,603.0904969159747
8889,1.0627474784851074,64,892,603.0904969159747
8890,1.0627427101135254,64,892,603.0904969159747
8891,1.0627330541610718,64,892,603.0904969159747
8892,1.0627540349960327,64,892,603.0904969159747
8893,1.0627496242523193,64,892,603.0904969159747
8894,1.0627336502075195,64,892,603.0904969159747
8895,1.0627468824386597,64,892,603.0904969159747
8896,1.0627459287643433,64,892,603.0904969159747
8897,1.0627344846725464,64,892,603.0904969159747
8898,1.0627553462982178,64,892,603.0904969159747
8899,1.0627485513687134,64,892,603.0904969159747
8900,1.062735676765442,64,892,603.0904969159747
8901,1.0627490282058716,64,892,603.0904969159747
8902,1.0627435445785522,64,892,603.0904969159747
8903,1.0627381801605225,64,892,603.0904969159747
8904,1.0627328157424927,64,892,603.0904969159747
8905,1.0627214908599854,64,892,603.0904969159747
8906,1.0627481937408447,64,892,603.0904969159747
8907,1.0627658367156982,64,892,603.0904969159747
8908,1.0627689361572266,64,892,603.0904969159747
8909,1.0627546310424805,64,892,603.0904969159747
8910,1.0627267360687256,64,892,603.0904969159747
8911,1.0627871751785278,64,892,603.0904969159747
8912,1.062774419784546,64,892,603.0904969159747
8913,1.0627375841140747,64,892,603.0904969159747
8914,1.0627472400665283,64,892,603.0904969159747
8915,1.0627580881118774,64,892,603.0904969159747
8916,1.0627435445785522,64,892,603.0904969159747
8917,1.0627244710922241,64,892,603.0904969159747
8918,1.0627790689468384,64,892,603.0904969159747
8919,1.062778115272522,64,892,603.0904969159747
8920,1.0627243518829346,64,892,603.0904969159747
8921,1.062732458114624,64,892,603.0904969159747
8922,1.062724232673645,64,892,603.0904969159747
8923,1.062727689743042,64,892,603.0904969159747
8924,1.0627219676971436,64,892,603.0904969159747
8925,1.0627233982086182,64,892,603.0904969159747
8926,1.0627455711364746,64,892,603.0904969159747
8927,1.062727451324463,64,892,603.0904969159747
8928,1.0627520084381104,64,892,603.0904969159747
8929,1.0627601146697998,64,892,603.0904969159747
8930,1.0627714395523071,64,892,603.0904969159747
8931,1.062756061553955,64,892,603.0904969159747
8932,1.0627357959747314,64,892,603.0904969159747
8933,1.0627316236495972,64,892,603.0904969159747
8934,1.0627361536026,64,892,603.0904969159747
8935,1.0627378225326538,64,892,603.0904969159747
8936,1.0627520084381104,64,892,603.0904969159747
8937,1.0627384185791016,64,892,603.0904969159747
8938,1.0627148151397705,64,892,603.0904969159747
8939,1.0627765655517578,64,892,603.0904969159747
8940,1.0627684593200684,64,892,603.0904969159747
8941,1.0627176761627197,64,892,603.0904969159747
8942,1.062746524810791,64,892,603.0904969159747
8943,1.0627485513687134,64,892,603.0904969159747
8944,1.062740683555603,64,892,603.0904969159747
8945,1.0627191066741943,64,892,603.0904969159747
8946,1.0627137422561646,64,892,603.0904969159747
8947,1.0627284049987793,64,892,603.0904969159747
8948,1.062728762626648,64,892,603.0904969159747
8949,1.0627244710922241,64,892,603.0904969159747
8950,1.0627238750457764,64,892,603.0904969159747
8951,1.0627260208129883,64,892,603.0904969159747
8952,1.0627089738845825,64,892,603.0904969159747
8953,1.0627648830413818,64,892,603.0904969159747
8954,1.0627195835113525,64,892,603.0904969159747
8955,1.0627589225769043,64,892,603.0904969159747
8956,1.062774658203125,64,892,603.0904969159747
8957,1.0627963542938232,64,892,603.0904969159747
8958,1.0628000497817993,64,892,603.0904969159747
8959,1.062780737876892,64,892,603.0904969159747
8960,1.0627520084381104,64,892,603.0904969159747
8961,1.0627156496047974,64,892,603.0904969159747
8962,1.0628329515457153,64,892,603.0904969159747
8963,1.062817931175232,64,892,603.0904969159747
8964,1.0627142190933228,64,892,603.0904969159747
8965,1.0627716779708862,64,892,603.0904969159747
8966,1.062806248664856,64,892,603.0904969159747
8967,1.0628234148025513,64,892,603.0904969159747
8968,1.0628410577774048,64,892,603.0904969159747
8969,1.062840223312378,64,892,603.0904969159747
8970,1.0628399848937988,64,892,603.0904969159747
8971,1.062811255455017,64,892,603.0904969159747
8972,1.062788963317871,64,892,603.0904969159747
8973,1.0627588033676147,64,892,603.0904969159747
8974,1.0627280473709106,64,892,603.0904969159747
8975,1.0627784729003906,64,892,603.0904969159747
8976,1.062812089920044,64,892,603.0904969159747
8977,1.062824010848999,64,892,603.0904969159747
8978,1.0628023147583008,64,892,603.0904969159747
8979,1.0627750158309937,64,892,603.0904969159747
8980,1.062726616859436,64,892,603.0904969159747
8981,1.0627458095550537,64,892,603.0904969159747
8982,1.0627610683441162,64,892,603.0904969159747
8983,1.062766671180725,64,892,603.0904969159747
8984,1.0627636909484863,64,892,603.0904969159747
8985,1.0627614259719849,64,892,603.0904969159747
8986,1.062745451927185,64,892,603.0904969159747
8987,1.0627307891845703,64,892,603.0904969159747
8988,1.0627479553222656,64,892,603.0904969159747
8989,1.062756896018982,64,892,603.0904969159747
8990,1.062751054763794,64,892,603.0904969159747
8991,1.0627349615097046,64,892,603.0904969159747
8992,1.0627429485321045,64,892,603.0904969159747
8993,1.0627394914627075,64,892,603.0904969159747
8994,1.0627297163009644,64,892,603.0904969159747
8995,1.0627275705337524,64,892,603.0904969159747
8996,1.062738299369812,64,892,603.0904969159747
8997,1.0627390146255493,64,892,603.0904969159747
8998,1.0627236366271973,64,892,603.0904969159747
8999,1.0627344846725464,64,892,603.0904969159747
9000,1.062727928161621,64,892,603.0904969159747
9001,1.062720775604248,64,892,603.0904969159747
9002,1.0627472400665283,64,892,603.0904969159747
9003,1.062736988067627,64,892,603.0904969159747
9004,1.062717318534851,64,892,603.0904969159747
9005,1.0627224445343018,64,892,603.0904969159747
9006,1.0627199411392212,64,892,603.0904969159747
9007,1.0627187490463257,64,892,603.0904969159747
9008,1.0627468824386597,64,892,603.0904969159747
9009,1.0627375841140747,64,892,603.0904969159747
9010,1.0627244710922241,64,892,603.0904969159747
9011,1.062726378440857,64,892,603.0904969159747
9012,1.062734842300415,64,892,603.0904969159747
9013,1.0627210140228271,64,892,603.0904969159747
9014,1.0627553462982178,64,892,603.0904969159747
9015,1.0627514123916626,64,892,603.0904969159747
9016,1.062727451324463,64,892,603.0904969159747
9017,1.0627284049987793,64,892,603.0904969159747
9018,1.0627354383468628,64,892,603.0904969159747
9019,1.0627073049545288,64,892,603.0904969159747
9020,1.0627257823944092,64,892,603.0904969159747
9021,1.062720775604248,64,892,603.0904969159747
9022,1.0627179145812988,64,892,603.0904969159747
9023,1.062715768814087,64,892,603.0904969159747
9024,1.0627193450927734,64,892,603.0904969159747
9025,1.0627081394195557,64,892,603.0904969159747
9026,1.062764286994934,64,892,603.0904969159747
9027,1.0627038478851318,64,892,603.0904969159747
9028,1.0627667903900146,64,892,603.0904969159747
9029,1.0628032684326172,64,892,603.0904969159747
9030,1.062819242477417,64,892,603.0904969159747
9031,1.0628008842468262,64,892,603.0904969159747
9032,1.0628002882003784,64,892,603.0904969159747
9033,1.0627878904342651,64,892,603.0904969159747
9034,1.0627655982971191,64,892,603.0904969159747
9035,1.0627226829528809,64,892,603.0904969159747
9036,1.062783122062683,64,892,603.0904969159747
9037,1.0628045797348022,64,892,603.0904969159747
9038,1.0627378225326538,64,892,603.0904969159747
9039,1.0627444982528687,64,892,603.0904969159747
9040,1.0627624988555908,64,892,603.0904969159747
9041,1.06277596950531,64,892,603.0904969159747
9042,1.0627809762954712,64,892,603.0904969159747
9043,1.062780499458313,64,892,603.0904969159747
9044,1.0627634525299072,64,892,603.0904969159747
9045,1.0627490282058716,64,892,603.0904969159747
9046,1.062743067741394,64,892,603.0904969159747
9047,1.0627273321151733,64,892,603.0904969159747
9048,1.0627378225326538,64,892,603.0904969159747
9049,1.0627332925796509,64,892,603.0904969159747
9050,1.0627310276031494,64,892,603.0904969159747
9051,1.0627400875091553,64,892,603.0904969159747
9052,1.0627460479736328,64,892,603.0904969159747
9053,1.0627416372299194,64,892,603.0904969159747
9054,1.0627270936965942,64,892,603.0904969159747
9055,1.0627386569976807,64,892,603.0904969159747
9056,1.062741756439209,64,892,603.0904969159747
9057,1.0627269744873047,64,892,603.0904969159747
9058,1.0627378225326538,64,892,603.0904969159747
9059,1.0627487897872925,64,892,603.0904969159747
9060,1.0627546310424805,64,892,603.0904969159747
9061,1.0627472400665283,64,892,603.0904969159747
9062,1.0627529621124268,64,892,603.0904969159747
9063,1.062734842300415,64,892,603.0904969159747
9064,1.0627232789993286,64,892,603.0904969159747
9065,1.0627493858337402,64,892,603.0904969159747
9066,1.0627577304840088,64,892,603.0904969159747
9067,1.0627461671829224,64,892,603.0904969159747
9068,1.06271493434906,64,892,603.0904969159747
9069,1.0627249479293823,64,892,603.0904969159747
9070,1.062735676765442,64,892,603.0904969159747
9071,1.0627316236495972,64,892,603.0904969159747
9072,1.062720537185669,64,892,603.0904969159747
9073,1.062740445137024,64,892,603.0904969159747
9074,1.0627360343933105,64,892,603.0904969159747
9075,1.0627166032791138,64,892,603.0904969159747
9076,1.0627422332763672,64,892,603.0904969159747
9077,1.0627552270889282,64,892,603.0904969159747
9078,1.0627647638320923,64,892,603.0904969159747
9079,1.062766671180725,64,892,603.0904969159747
9080,1.062757134437561,64,892,603.0904969159747
9081,1.0627498626708984,64,892,603.0904969159747
9082,1.062722086906433,64,892,603.0904969159747
9083,1.062737226486206,64,892,603.0904969159747
9084,1.0627461671829224,64,892,603.0904969159747
9085,1.0627315044403076,64,892,603.0904969159747
9086,1.0627238750457764,64,892,603.0904969159747
9087,1.0627340078353882,64,892,603.0904969159747
9088,1.0627385377883911,64,892,603.0904969159747
9089,1.0627387762069702,64,892,603.0904969159747
9090,1.0627361536026,64,892,603.0904969159747
9091,1.062712550163269,64,892,603.0904969159747
9092,1.062756061553955,64,892,603.0904969159747
9093,1.0627634525299072,64,892,603.0904969159747
9094,1.06273353099823,64,892,603.0904969159747
9095,1.0627245903015137,64,892,603.0904969159747
9096,1.0627470016479492,64,892,603.0904969159747
9097,1.0627557039260864,64,892,603.0904969159747
9098,1.062759518623352,64,892,603.0904969159747
9099,1.0627481937408447,64,892,603.0904969159747
9100,1.0627343654632568,64,892,603.0904969159747
9101,1.0627182722091675,64,892,603.0904969159747
9102,1.0627477169036865,64,892,603.0904969159747
9103,1.0627588033676147,64,892,603.0904969159747
9104,1.0627391338348389,64,892,603.0904969159747
9105,1.0627269744873047,64,892,603.0904969159747
9106,1.0627456903457642,64,892,603.0904969159747
9107,1.062753438949585,64,892,603.0904969159747
9108,1.062745213508606,64,892,603.0904969159747
9109,1.0627241134643555,64,892,603.0904969159747
9110,1.0627161264419556,64,892,603.0904969159747
9111,1.0627156496047974,64,892,603.0904969159747
9112,1.0627272129058838,64,892,603.0904969159747
9113,1.0627167224884033,64,892,603.0904969159747
9114,1.0627182722091675,64,892,603.0904969159747
9115,1.0627295970916748,64,892,603.0904969159747
9116,1.062738060951233,64,892,603.0904969159747
9117,1.0627297163009644,64,892,603.0904969159747
9118,1.0627095699310303,64,892,603.0904969159747
9119,1.0627120733261108,64,892,603.0904969159747
9120,1.0627080202102661,64,892,603.0904969159747
9121,1.0627330541610718,64,892,603.0904969159747
9122,1.0627204179763794,64,892,603.0904969159747
9123,1.0627319812774658,64,892,603.0904969159747
9124,1.0627424716949463,64,892,603.0904969159747
9125,1.0627459287643433,64,892,603.0904969159747
9126,1.0627390146255493,64,892,603.0904969159747
9127,1.062715768814087,64,892,603.0904969159747
9128,1.0627788305282593,64,892,603.0904969159747
9129,1.062768816947937,64,892,603.0904969159747
9130,1.062717318534851,64,892,603.0904969159747
9131,1.062733769416809,64,892,603.0904969159747
9132,1.0627409219741821,64,892,603.0904969159747
9133,1.062730073928833,64,892,603.0904969159747
9134,1.0627108812332153,64,892,603.0904969159747
9135,1.062760591506958,64,892,603.0904969159747
9136,1.0627574920654297,64,892,603.0904969159747
9137,1.0627104043960571,64,892,603.0904969159747
9138,1.0627245903015137,64,892,603.0904969159747
9139,1.0627241134643555,64,892,603.0904969159747
9140,1.0627050399780273,64,892,603.0904969159747
9141,1.0627540349960327,64,892,603.0904969159747
9142,1.062747597694397,64,892,603.0904969159747
9143,1.0627193450927734,64,892,603.0904969159747
9144,1.0627224445343018,64,892,603.0904969159747
9145,1.0627230405807495,64,892,603.0904969159747
9146,1.0627038478851318,64,892,603.0904969159747
9147,1.062744379043579,64,892,603.0904969159747
9148,1.0627381801605225,64,892,603.0904969159747
9149,1.0627129077911377,64,892,603.0904969159747
9150,1.0627162456512451,64,892,603.0904969159747
9151,1.0627295970916748,64,892,603.0904969159747
9152,1.0627140998840332,64,892,603.0904969159747
9153,1.0627388954162598,64,892,603.0904969159747
9154,1.0627328157424927,64,892,603.0904969159747
9155,1.062713384628296,64,892,603.0904969159747
9156,1.0627378225326538,64,892,603.0904969159747
9157,1.0627278089523315,64,892,603.0904969159747
9158,1.062723994255066,64,892,603.0904969159747
9159,1.0627179145812988,64,892,603.0904969159747
9160,1.0627151727676392,64,892,603.0904969159747
9161,1.0627286434173584,64,892,603.0904969159747
9162,1.062735676765442,64,892,603.0904969159747
9163,1.0627416372299194,64,892,603.0904969159747
9164,1.0627301931381226,64,892,603.0904969159747
9165,1.0627062320709229,64,892,603.0904969159747
9166,1.062698483467102,64,892,603.0904969159747
9167,1.0627328157424927,64,892,603.0904969159747
9168,1.0627422332763672,64,892,603.0904969159747
9169,1.0627424716949463,64,892,603.0904969159747
9170,1.0627343654632568,64,892,603.0904969159747
9171,1.0626983642578125,64,892,603.0904969159747
9172,1.0628145933151245,64,892,603.0904969159747
9173,1.0627834796905518,64,892,603.0904969159747
9174,1.0627161264419556,64,892,603.0904969159747
9175,1.0627468824386597,64,892,603.0904969159747
9176,1.0627516508102417,64,892,603.0904969159747
9177,1.0627514123916626,64,892,603.0904969159747
9178,1.0627398490905762,64,892,603.0904969159747
9179,1.062720775604248,64,892,603.0904969159747
9180,1.0627179145812988,64,892,603.0904969159747
9181,1.0627250671386719,64,892,603.0904969159747
9182,1.0627140998840332,64,892,603.0904969159747
9183,1.0627132654190063,64,892,603.0904969159747
9184,1.0627104043960571,64,892,603.0904969159747
9185,1.0627187490463257,64,892,603.0904969159747
9186,1.0627236366271973,64,892,603.0904969159747
9187,1.0627129077911377,64,892,603.0904969159747
9188,1.0627257823944092,64,892,603.0904969159747
9189,1.0627217292785645,64,892,603.0904969159747
9190,1.06271231174469,64,892,603.0904969159747
9191,1.0627273321151733,64,892,603.0904969159747
9192,1.0627222061157227,64,892,603.0904969159747
9193,1.0627171993255615,64,892,603.0904969159747
9194,1.0627206563949585,64,892,603.0904969159747
9195,1.0627224445343018,64,892,603.0904969159747
9196,1.0627120733261108,64,892,603.0904969159747
9197,1.0627307891845703,64,892,603.0904969159747
9198,1.0627222061157227,64,892,603.0904969159747
9199,1.0627013444900513,64,892,603.0904969159747
9200,1.0627416372299194,64,892,603.0904969159747
9201,1.062741994857788,64,892,603.0904969159747
9202,1.0627176761627197,64,892,603.0904969159747
9203,1.062720775604248,64,892,603.0904969159747
9204,1.0627180337905884,64,892,603.0904969159747
9205,1.0627142190933228,64,892,603.0904969159747
9206,1.062750220298767,64,892,603.0904969159747
9207,1.0627373456954956,64,892,603.0904969159747
9208,1.0627268552780151,64,892,603.0904969159747
9209,1.0627299547195435,64,892,603.0904969159747
9210,1.0627354383468628,64,892,603.0904969159747
9211,1.0627295970916748,64,892,603.0904969159747
9212,1.0627024173736572,64,892,603.0904969159747
9213,1.0627936124801636,64,892,603.0904969159747
9214,1.062772274017334,64,892,603.0904969159747
9215,1.0627087354660034,64,892,603.0904969159747
9216,1.0627238750457764,64,892,603.0904969159747
9217,1.0627366304397583,64,892,603.0904969159747
9218,1.0627250671386719,64,892,603.0904969159747
9219,1.0627086162567139,64,892,603.0904969159747
9220,1.0627447366714478,64,892,603.0904969159747
9221,1.062747597694397,64,892,603.0904969159747
9222,1.0627025365829468,64,892,603.0904969159747
9223,1.0627148151397705,64,892,603.0904969159747
9224,1.0627046823501587,64,892,603.0904969159747
9225,1.0627199411392212,64,892,603.0904969159747
9226,1.062708854675293,64,892,603.0904969159747
9227,1.0627241134643555,64,892,603.0904969159747
9228,1.0627405643463135,64,892,603.0904969159747
9229,1.0627381801605225,64,892,603.0904969159747
9230,1.062731385231018,64,892,603.0904969159747
9231,1.0627154111862183,64,892,603.0904969159747
9232,1.0627294778823853,64,892,603.0904969159747
9233,1.0627341270446777,64,892,603.0904969159747
9234,1.0627042055130005,64,892,603.0904969159747
9235,1.062717318534851,64,892,603.0904969159747
9236,1.0627081394195557,64,892,603.0904969159747
9237,1.06272292137146,64,892,603.0904969159747
9238,1.062708854675293,64,892,603.0904969159747
9239,1.0627317428588867,64,892,603.0904969159747
9240,1.0627387762069702,64,892,603.0904969159747
9241,1.0627360343933105,64,892,603.0904969159747
9242,1.062725305557251,64,892,603.0904969159747
9243,1.0627074241638184,64,892,603.0904969159747
9244,1.0627455711364746,64,892,603.0904969159747
9245,1.062742829322815,64,892,603.0904969159747
9246,1.0627124309539795,64,892,603.0904969159747
9247,1.062719464302063,64,892,603.0904969159747
9248,1.0627213716506958,64,892,603.0904969159747
9249,1.0627013444900513,64,892,603.0904969159747
9250,1.0627598762512207,64,892,603.0904969159747
9251,1.0627481937408447,64,892,603.0904969159747
9252,1.062714695930481,64,892,603.0904969159747
9253,1.0627344846725464,64,892,603.0904969159747
9254,1.062734603881836,64,892,603.0904969159747
9255,1.0627166032791138,64,892,603.0904969159747
9256,1.0626978874206543,64,892,603.0904969159747
9257,1.0627069473266602,64,892,603.0904969159747
9258,1.0627100467681885,64,892,603.0904969159747
9259,1.0627100467681885,64,892,603.0904969159747
9260,1.0627059936523438,64,892,603.0904969159747
9261,1.0627282857894897,64,892,603.0904969159747
9262,1.0626975297927856,64,892,603.0904969159747
9263,1.0627307891845703,64,892,603.0904969159747
9264,1.0627554655075073,64,892,603.0904969159747
9265,1.0627564191818237,64,892,603.0904969159747
9266,1.0627477169036865,64,892,603.0904969159747
9267,1.0627423524856567,64,892,603.0904969159747
9268,1.0627087354660034,64,892,603.0904969159747
9269,1.0627599954605103,64,892,603.0904969159747
9270,1.0627598762512207,64,892,603.0904969159747
9271,1.0627092123031616,64,892,603.0904969159747
9272,1.0627249479293823,64,892,603.0904969159747
9273,1.0627195835113525,64,892,603.0904969159747
9274,1.062708854675293,64,892,603.0904969159747
9275,1.0627353191375732,64,892,603.0904969159747
9276,1.0627288818359375,64,892,603.0904969159747
9277,1.0627152919769287,64,892,603.0904969159747
9278,1.0627212524414062,64,892,603.0904969159747
9279,1.06272554397583,64,892,603.0904969159747
9280,1.0627046823501587,64,892,603.0904969159747
9281,1.0627230405807495,64,892,603.0904969159747
9282,1.0627171993255615,64,892,603.0904969159747
9283,1.06271493434906,64,892,603.0904969159747
9284,1.0627262592315674,64,892,603.0904969159747
9285,1.0627232789993286,64,892,603.0904969159747
9286,1.0627076625823975,64,892,603.0904969159747
9287,1.0627392530441284,64,892,603.0904969159747
9288,1.0627328157424927,64,892,603.0904969159747
9289,1.0627087354660034,64,892,603.0904969159747
9290,1.0627247095108032,64,892,603.0904969159747
9291,1.0627171993255615,64,892,603.0904969159747
9292,1.0627022981643677,64,892,603.0904969159747
9293,1.0627455711364746,64,892,603.0904969159747
9294,1.0627307891845703,64,892,603.0904969159747
9295,1.0627124309539795,64,892,603.0904969159747
9296,1.062723994255066,64,892,603.0904969159747
9297,1.0627236366271973,64,892,603.0904969159747
9298,1.0627195835113525,64,892,603.0904969159747
9299,1.0627166032791138,64,892,603.0904969159747
9300,1.0627057552337646,64,892,603.0904969159747
9301,1.0627199411392212,64,892,603.0904969159747
9302,1.0627341270446777,64,892,603.0904969159747
9303,1.0627244710922241,64,892,603.0904969159747
9304,1.0627140998840332,64,892,603.0904969159747
9305,1.0627113580703735,64,892,603.0904969159747
9306,1.0627024173736572,64,892,603.0904969159747
9307,1.062729001045227,64,892,603.0904969159747
9308,1.0627330541610718,64,892,603.0904969159747
9309,1.0627291202545166,64,892,603.0904969159747
9310,1.0627168416976929,64,892,603.0904969159747
9311,1.062711238861084,64,892,603.0904969159747
9312,1.0627025365829468,64,892,603.0904969159747
9313,1.0627222061157227,64,892,603.0904969159747
9314,1.0627361536026,64,892,603.0904969159747
9315,1.0627312660217285,64,892,603.0904969159747
9316,1.062721848487854,64,892,603.0904969159747
9317,1.0626977682113647,64,892,603.0904969159747
9318,1.0626899003982544,64,892,603.0904969159747
9319,1.062732458114624,64,892,603.0904969159747
9320,1.0627423524856567,64,892,603.0904969159747
9321,1.0627306699752808,64,892,603.0904969159747
9322,1.0627179145812988,64,892,603.0904969159747
9323,1.06269371509552,64,892,603.0904969159747
9324,1.0626893043518066,64,892,603.0904969159747
9325,1.0627275705337524,64,892,603.0904969159747
9326,1.062745451927185,64,892,603.0904969159747
9327,1.062732219696045,64,892,603.0904969159747
9328,1.062715768814087,64,892,603.0904969159747
9329,1.0626956224441528,64,892,603.0904969159747
9330,1.0626882314682007,64,892,603.0904969159747
9331,1.0627285242080688,64,892,603.0904969159747
9332,1.0627464056015015,64,892,603.0904969159747
9333,1.0627391338348389,64,892,603.0904969159747
9334,1.0627286434173584,64,892,603.0904969159747
9335,1.0626901388168335,64,892,603.0904969159747
9336,1.0626838207244873,64,892,603.0904969159747
9337,1.0627248287200928,64,892,603.0904969159747
9338,1.062747597694397,64,892,603.0904969159747
9339,1.0627386569976807,64,892,603.0904969159747
9340,1.0627247095108032,64,892,603.0904969159747
9341,1.0626916885375977,64,892,603.0904969159747
9342,1.0626832246780396,64,892,603.0904969159747
9343,1.0627331733703613,64,892,603.0904969159747
9344,1.062746524810791,64,892,603.0904969159747
9345,1.0627461671829224,64,892,603.0904969159747
9346,1.0627224445343018,64,892,603.0904969159747
9347,1.0626927614212036,64,892,603.0904969159747
9348,1.0626827478408813,64,892,603.0904969159747
9349,1.0627295970916748,64,892,603.0904969159747
9350,1.062741756439209,64,892,603.0904969159747
9351,1.0627344846725464,64,892,603.0904969159747
9352,1.0627257823944092,64,892,603.0904969159747
9353,1.0626919269561768,64,892,603.0904969159747
9354,1.062681794166565,64,892,603.0904969159747
9355,1.0627347230911255,64,892,603.0904969159747
9356,1.062743902206421,64,892,603.0904969159747
9357,1.0627472400665283,64,892,603.0904969159747
9358,1.0627261400222778,64,892,603.0904969159747
9359,1.062690019607544,64,892,603.0904969159747
9360,1.0626884698867798,64,892,603.0904969159747
9361,1.062732458114624,64,892,603.0904969159747
9362,1.0627490282058716,64,892,603.0904969159747
9363,1.0627423524856567,64,892,603.0904969159747
9364,1.0627195835113525,64,892,603.0904969159747
9365,1.062695026397705,64,892,603.0904969159747
9366,1.0626893043518066,64,892,603.0904969159747
9367,1.0627259016036987,64,892,603.0904969159747
9368,1.0627458095550537,64,892,603.0904969159747
9369,1.062740445137024,64,892,603.0904969159747
9370,1.0627182722091675,64,892,603.0904969159747
9371,1.0626987218856812,64,892,603.0904969159747
9372,1.0626921653747559,64,892,603.0904969159747
9373,1.0627267360687256,64,892,603.0904969159747
9374,1.0627357959747314,64,892,603.0904969159747
9375,1.0627332925796509,64,892,603.0904969159747
9376,1.0627132654190063,64,892,603.0904969159747
9377,1.0627044439315796,64,892,603.0904969159747
9378,1.0626921653747559,64,892,603.0904969159747
9379,1.0627236366271973,64,892,603.0904969159747
9380,1.0627437829971313,64,892,603.0904969159747
9381,1.0627349615097046,64,892,603.0904969159747
9382,1.0627145767211914,64,892,603.0904969159747
9383,1.0627031326293945,64,892,603.0904969159747
9384,1.062695860862732,64,892,603.0904969159747
9385,1.0627199411392212,64,892,603.0904969159747
9386,1.0627353191375732,64,892,603.0904969159747
9387,1.0627418756484985,64,892,603.0904969159747
9388,1.0627070665359497,64,892,603.0904969159747
9389,1.0627140998840332,64,892,603.0904969159747
9390,1.0627012252807617,64,892,603.0904969159747
9391,1.0627214908599854,64,892,603.0904969159747
9392,1.0627371072769165,64,892,603.0904969159747
9393,1.0627294778823853,64,892,603.0904969159747
9394,1.0627050399780273,64,892,603.0904969159747
9395,1.0627198219299316,64,892,603.0904969159747
9396,1.0627094507217407,64,892,603.0904969159747
9397,1.0627105236053467,64,892,603.0904969159747
9398,1.0627394914627075,64,892,603.0904969159747
9399,1.062727689743042,64,892,603.0904969159747
9400,1.0627022981643677,64,892,603.0904969159747
9401,1.0627304315567017,64,892,603.0904969159747
9402,1.0627182722091675,64,892,603.0904969159747
9403,1.0627113580703735,64,892,603.0904969159747
9404,1.0627299547195435,64,892,603.0904969159747
9405,1.0627280473709106,64,892,603.0904969159747
9406,1.062706708908081,64,892,603.0904969159747
9407,1.0627436637878418,64,892,603.0904969159747
9408,1.0627338886260986,64,892,603.0904969159747
9409,1.062705636024475,64,892,603.0904969159747
9410,1.062729001045227,64,892,603.0904969159747
9411,1.062724232673645,64,892,603.0904969159747
9412,1.0626879930496216,64,892,603.0904969159747
9413,1.0627684593200684,64,892,603.0904969159747
9414,1.0627607107162476,64,892,603.0904969159747
9415,1.0626919269561768,64,892,603.0904969159747
9416,1.0627182722091675,64,892,603.0904969159747
9417,1.0627100467681885,64,892,603.0904969159747
9418,1.0626851320266724,64,892,603.0904969159747
9419,1.062674641609192,64,892,603.0904969159747
9420,1.0627052783966064,64,892,603.0904969159747
9421,1.0626822710037231,64,892,603.0904969159747
9422,1.0626890659332275,64,892,603.0904969159747
9423,1.0626929998397827,64,892,603.0904969159747
9424,1.06269109249115,64,892,603.0904969159747
9425,1.0627028942108154,64,892,603.0904969159747
9426,1.0626685619354248,64,892,603.0904969159747
9427,1.062740445137024,64,892,603.0904969159747
9428,1.0627671480178833,64,892,603.0904969159747
9429,1.0627820491790771,64,892,603.0904969159747
9430,1.0627652406692505,64,892,603.0904969159747
9431,1.0627371072769165,64,892,603.0904969159747
9432,1.0626829862594604,64,892,603.0904969159747
9433,1.0626827478408813,64,892,603.0904969159747
9434,1.062726378440857,64,892,603.0904969159747
9435,1.0627415180206299,64,892,603.0904969159747
9436,1.0627256631851196,64,892,603.0904969159747
9437,1.0626715421676636,64,892,603.0904969159747
9438,1.0626680850982666,64,892,603.0904969159747
9439,1.0627353191375732,64,892,603.0904969159747
9440,1.0626726150512695,64,892,603.0904969159747
9441,1.0627498626708984,64,892,603.0904969159747
9442,1.0627912282943726,64,892,603.0904969159747
9443,1.0628005266189575,64,892,603.0904969159747
9444,1.0628010034561157,64,892,603.0904969159747
9445,1.0627846717834473,64,892,603.0904969159747
9446,1.0627590417861938,64,892,603.0904969159747
9447,1.0626996755599976,64,892,603.0904969159747
9448,1.0627692937850952,64,892,603.0904969159747
9449,1.0628029108047485,64,892,603.0904969159747
9450,1.0627005100250244,64,892,603.0904969159747
9451,1.0627467632293701,64,892,603.0904969159747
9452,1.0627881288528442,64,892,603.0904969159747
9453,1.06281578540802,64,892,603.0904969159747
9454,1.062821865081787,64,892,603.0904969159747
9455,1.0628151893615723,64,892,603.0904969159747
9456,1.0627938508987427,64,892,603.0904969159747
9457,1.0627602338790894,64,892,603.0904969159747
9458,1.0627323389053345,64,892,603.0904969159747
9459,1.062685489654541,64,892,603.0904969159747
9460,1.062719702720642,64,892,603.0904969159747
9461,1.0626832246780396,64,892,603.0904969159747
9462,1.0627312660217285,64,892,603.0904969159747
9463,1.0627495050430298,64,892,603.0904969159747
9464,1.0627621412277222,64,892,603.0904969159747
9465,1.0627585649490356,64,892,603.0904969159747
9466,1.0627423524856567,64,892,603.0904969159747
9467,1.0627161264419556,64,892,603.0904969159747
9468,1.0626827478408813,64,892,603.0904969159747
9469,1.0626996755599976,64,892,603.0904969159747
9470,1.0626957416534424,64,892,603.0904969159747
9471,1.06269371509552,64,892,603.0904969159747
9472,1.0626912117004395,64,892,603.0904969159747
9473,1.06267511844635,64,892,603.0904969159747
9474,1.062727451324463,64,892,603.0904969159747
9475,1.062746524810791,64,892,603.0904969159747
9476,1.0627341270446777,64,892,603.0904969159747
9477,1.0627291202545166,64,892,603.0904969159747
9478,1.062690019607544,64,892,603.0904969159747
9479,1.0627723932266235,64,892,603.0904969159747
9480,1.0627717971801758,64,892,603.0904969159747
9481,1.062670350074768,64,892,603.0904969159747
9482,1.0627644062042236,64,892,603.0904969159747
9483,1.0627944469451904,64,892,603.0904969159747
9484,1.0628231763839722,64,892,603.0904969159747
9485,1.0628340244293213,64,892,603.0904969159747
9486,1.0628397464752197,64,892,603.0904969159747
9487,1.0628286600112915,64,892,603.0904969159747
9488,1.0628187656402588,64,892,603.0904969159747
9489,1.0628031492233276,64,892,603.0904969159747
9490,1.0627771615982056,64,892,603.0904969159747
9491,1.0627515316009521,64,892,603.0904969159747
9492,1.0627260208129883,64,892,603.0904969159747
9493,1.0627174377441406,64,892,603.0904969159747
9494,1.0627576112747192,64,892,603.0904969159747
9495,1.0627493858337402,64,892,603.0904969159747
9496,1.0627063512802124,64,892,603.0904969159747
9497,1.0627278089523315,64,892,603.0904969159747
9498,1.0627440214157104,64,892,603.0904969159747
9499,1.0627632141113281,64,892,603.0904969159747
9500,1.0627577304840088,64,892,603.0904969159747
9501,1.0627599954605103,64,892,603.0904969159747
9502,1.0627517700195312,64,892,603.0904969159747
9503,1.062732458114624,64,892,603.0904969159747
9504,1.0627193450927734,64,892,603.0904969159747
9505,1.062715768814087,64,892,603.0904969159747
9506,1.0627394914627075,64,892,603.0904969159747
9507,1.0627182722091675,64,892,603.0904969159747
9508,1.062719464302063,64,892,603.0904969159747
9509,1.062731385231018,64,892,603.0904969159747
9510,1.0627292394638062,64,892,603.0904969159747
9511,1.0627069473266602,64,892,603.0904969159747
9512,1.062699317932129,64,892,603.0904969159747
9513,1.0627036094665527,64,892,603.0904969159747
9514,1.062696933746338,64,892,603.0904969159747
9515,1.0626899003982544,64,892,603.0904969159747
9516,1.0626909732818604,64,892,603.0904969159747
9517,1.0626780986785889,64,892,603.0904969159747
9518,1.0626983642578125,64,892,603.0904969159747
9519,1.0626801252365112,64,892,603.0904969159747
9520,1.0626871585845947,64,892,603.0904969159747
9521,1.0626921653747559,64,892,603.0904969159747
9522,1.06266188621521,64,892,603.0904969159747
9523,1.0627577304840088,64,892,603.0904969159747
9524,1.0627386569976807,64,892,603.0904969159747
9525,1.062699794769287,64,892,603.0904969159747
9526,1.0627241134643555,64,892,603.0904969159747
9527,1.0626944303512573,64,892,603.0904969159747
9528,1.0627257823944092,64,892,603.0904969159747
9529,1.062713861465454,64,892,603.0904969159747
9530,1.0626990795135498,64,892,603.0904969159747
9531,1.0627182722091675,64,892,603.0904969159747
9532,1.062642216682434,64,892,603.0904969159747
9533,1.062827467918396,64,892,603.0904969159747
9534,1.0628522634506226,64,892,603.0904969159747
9535,1.0627148151397705,64,892,603.0904969159747
9536,1.062781572341919,64,892,603.0904969159747
9537,1.062774896621704,64,892,603.0904969159747
9538,1.062630534172058,64,892,603.0904969159747
9539,1.0627413988113403,64,892,603.0904969159747
9540,1.0627435445785522,64,892,603.0904969159747
9541,1.0626966953277588,64,892,603.0904969159747
9542,1.0627297163009644,64,892,603.0904969159747
9543,1.0627132654190063,64,892,603.0904969159747
9544,1.0626894235610962,64,892,603.0904969159747
9545,1.0628341436386108,64,892,603.0904969159747
9546,1.0627793073654175,64,892,603.0904969159747
9547,1.0627881288528442,64,892,603.0904969159747
9548,1.0628368854522705,64,892,603.0904969159747
9549,1.062827229499817,64,892,603.0904969159747
9550,1.0627930164337158,64,892,603.0904969159747
9551,1.0627347230911255,64,892,603.0904969159747
9552,1.062615990638733,64,892,603.0904969159747
9553,1.0627840757369995,64,892,603.0904969159747
9554,1.0628665685653687,64,892,603.0904969159747
9555,1.0628492832183838,64,892,603.0904969159747
9556,1.0627931356430054,64,892,603.0904969159747
9557,1.0627025365829468,64,892,603.0904969159747
9558,1.0626134872436523,64,892,603.0904969159747
9559,1.0626410245895386,64,892,603.0904969159747
9560,1.0626301765441895,64,892,603.0904969159747
9561,1.0626404285430908,64,892,603.0904969159747
9562,1.0626198053359985,64,892,603.0904969159747
9563,1.0626689195632935,64,892,603.0904969159747
9564,1.062671184539795,64,892,603.0904969159747
9565,1.0626205205917358,64,892,603.0904969159747
9566,1.06276273727417,64,892,603.0904969159747
9567,1.0626890659332275,64,892,603.0904969159747
9568,1.0626634359359741,64,892,603.0904969159747
9569,1.062666893005371,64,892,603.0904969159747
9570,1.06259286403656,64,892,603.0904969159747
9571,1.062894582748413,64,892,603.0904969159747
9572,1.0627659559249878,64,892,603.0904969159747
9573,1.0625892877578735,64,892,603.0904969159747
9574,1.062592625617981,64,892,603.0904969159747
9575,1.0628362894058228,64,892,603.0904969159747
9576,1.0628608465194702,64,892,603.0904969159747
9577,1.0626252889633179,64,892,603.0904969159747
9578,1.0626976490020752,64,892,603.0904969159747
9579,1.062668800354004,64,892,603.0904969159747
9580,1.062596321105957,64,892,603.0904969159747
9581,1.062622308731079,64,892,603.0904969159747
9582,1.0626689195632935,64,892,603.0904969159747
9583,1.062672734260559,64,892,603.0904969159747
9584,1.0626490116119385,64,892,603.0904969159747
9585,1.062605857849121,64,892,603.0904969159747
9586,1.062576413154602,64,892,603.0904969159747
9587,1.0625996589660645,64,892,603.0904969159747
9588,1.0625970363616943,64,892,603.0904969159747
9589,1.0625866651535034,64,892,603.0904969159747
9590,1.0625876188278198,64,892,603.0904969159747
9591,1.0625979900360107,64,892,603.0904969159747
9592,1.0626006126403809,64,892,603.0904969159747
9593,1.0625828504562378,64,892,603.0904969159747
9594,1.0626137256622314,64,892,603.0904969159747
9595,1.0626184940338135,64,892,603.0904969159747
9596,1.0625994205474854,64,892,603.0904969159747
9597,1.0625739097595215,64,892,603.0904969159747
9598,1.0625953674316406,64,892,603.0904969159747
9599,1.0625834465026855,64,892,603.0904969159747
9600,1.062659502029419,64,892,603.0904969159747
9601,1.0626283884048462,64,892,603.0904969159747
9602,1.0626105070114136,64,892,603.0904969159747
9603,1.0626311302185059,64,892,603.0904969159747
9604,1.0626254081726074,64,892,603.0904969159747
9605,1.0625977516174316,64,892,603.0904969159747
9606,1.0625852346420288,64,892,603.0904969159747
9607,1.0626084804534912,64,892,603.0904969159747
9608,1.0625934600830078,64,892,603.0904969159747
9609,1.0625745058059692,64,892,603.0904969159747
9610,1.0625776052474976,64,892,603.0904969159747
9611,1.0625654458999634,64,892,603.0904969159747
9612,1.0625710487365723,64,892,603.0904969159747
9613,1.0625680685043335,64,892,603.0904969159747
9614,1.062573790550232,64,892,603.0904969159747
9615,1.0625742673873901,64,892,603.0904969159747
9616,1.062562346458435,64,892,603.0904969159747
9617,1.0625840425491333,64,892,603.0904969159747
9618,1.0625907182693481,64,892,603.0904969159747
9619,1.0625693798065186,64,892,603.0904969159747
9620,1.0625580549240112,64,892,603.0904969159747
9621,1.0625886917114258,64,892,603.0904969159747
9622,1.0625911951065063,64,892,603.0904969159747
9623,1.0625742673873901,64,892,603.0904969159747
9624,1.0625966787338257,64,892,603.0904969159747
9625,1.062616229057312,64,892,603.0904969159747
9626,1.0625648498535156,64,892,603.0904969159747
9627,1.0626040697097778,64,892,603.0904969159747
9628,1.0626133680343628,64,892,603.0904969159747
9629,1.0625909566879272,64,892,603.0904969159747
9630,1.062622308731079,64,892,603.0904969159747
9631,1.0626065731048584,64,892,603.0904969159747
9632,1.0625795125961304,64,892,603.0904969159747
9633,1.062574028968811,64,892,603.0904969159747
9634,1.0625568628311157,64,892,603.0904969159747
9635,1.0625702142715454,64,892,603.0904969159747
9636,1.0625691413879395,64,892,603.0904969159747
9637,1.0625685453414917,64,892,603.0904969159747
9638,1.0625717639923096,64,892,603.0904969159747
9639,1.06255304813385,64,892,603.0904969159747
9640,1.0625818967819214,64,892,603.0904969159747
9641,1.0625953674316406,64,892,603.0904969159747
9642,1.0625735521316528,64,892,603.0904969159747
9643,1.0625476837158203,64,892,603.0904969159747
9644,1.0625489950180054,64,892,603.0904969159747
9645,1.0625576972961426,64,892,603.0904969159747
9646,1.0625547170639038,64,892,603.0904969159747
9647,1.0625529289245605,64,892,603.0904969159747
9648,1.0625696182250977,64,892,603.0904969159747
9649,1.062557578086853,64,892,603.0904969159747
9650,1.0625498294830322,64,892,603.0904969159747
9651,1.062574863433838,64,892,603.0904969159747
9652,1.0625520944595337,64,892,603.0904969159747
9653,1.0625475645065308,64,892,603.0904969159747
9654,1.062554121017456,64,892,603.0904969159747
9655,1.0625569820404053,64,892,603.0904969159747
9656,1.0625478029251099,64,892,603.0904969159747
9657,1.0625377893447876,64,892,603.0904969159747
9658,1.062567949295044,64,892,603.0904969159747
9659,1.0625412464141846,64,892,603.0904969159747
9660,1.0625885725021362,64,892,603.0904969159747
9661,1.0626047849655151,64,892,603.0904969159747
9662,1.0625916719436646,64,892,603.0904969159747
9663,1.0625579357147217,64,892,603.0904969159747
9664,1.062551498413086,64,892,603.0904969159747
9665,1.0625747442245483,64,892,603.0904969159747
9666,1.0625730752944946,64,892,603.0904969159747
9667,1.0625640153884888,64,892,603.0904969159747
9668,1.06253981590271,64,892,603.0904969159747
9669,1.0625739097595215,64,892,603.0904969159747
9670,1.0625872611999512,64,892,603.0904969159747
9671,1.0625855922698975,64,892,603.0904969159747
9672,1.0625509023666382,64,892,603.0904969159747
9673,1.0626871585845947,64,892,603.0904969159747
9674,1.0626147985458374,64,892,603.0904969159747
9675,1.0625659227371216,64,892,603.0904969159747
9676,1.0625392198562622,64,892,603.0904969159747
9677,1.0625817775726318,64,892,603.0904969159747
9678,1.0625801086425781,64,892,603.0904969159747
9679,1.062548279762268,64,892,603.0904969159747
9680,1.0625468492507935,64,892,603.0904969159747
9681,1.062595248222351,64,892,603.0904969159747
9682,1.0625756978988647,64,892,603.0904969159747
9683,1.062571406364441,64,892,603.0904969159747
9684,1.06257963180542,64,892,603.0904969159747
9685,1.0625680685043335,64,892,603.0904969159747
9686,1.0625346899032593,64,892,603.0904969159747
9687,1.0625478029251099,64,892,603.0904969159747
9688,1.0625439882278442,64,892,603.0904969159747
9689,1.0625394582748413,64,892,603.0904969159747
9690,1.0625358819961548,64,892,603.0904969159747
9691,1.062538743019104,64,892,603.0904969159747
9692,1.062551498413086,64,892,603.0904969159747
9693,1.0625462532043457,64,892,603.0904969159747
9694,1.0625412464141846,64,892,603.0904969159747
9695,1.0625306367874146,64,892,603.0904969159747
9696,1.0625550746917725,64,892,603.0904969159747
9697,1.062543272972107,64,892,603.0904969159747
9698,1.0625303983688354,64,892,603.0904969159747
9699,1.0625405311584473,64,892,603.0904969159747
9700,1.062536597251892,64,892,603.0904969159747
9701,1.0625826120376587,64,892,603.0904969159747
9702,1.062591314315796,64,892,603.0904969159747
9703,1.0625441074371338,64,892,603.0904969159747
9704,1.0625824928283691,64,892,603.0904969159747
9705,1.0625956058502197,64,892,603.0904969159747
9706,1.0625739097595215,64,892,603.0904969159747
9707,1.0625759363174438,64,892,603.0904969159747
9708,1.0625776052474976,64,892,603.0904969159747
9709,1.0625581741333008,64,892,603.0904969159747
9710,1.0625540018081665,64,892,603.0904969159747
9711,1.0625320672988892,64,892,603.0904969159747
9712,1.0625451803207397,64,892,603.0904969159747
9713,1.062546968460083,64,892,603.0904969159747
9714,1.0625288486480713,64,892,603.0904969159747
9715,1.0625334978103638,64,892,603.0904969159747
9716,1.0625381469726562,64,892,603.0904969159747
9717,1.0625282526016235,64,892,603.0904969159747
9718,1.062543511390686,64,892,603.0904969159747
9719,1.0625616312026978,64,892,603.0904969159747
9720,1.0625492334365845,64,892,603.0904969159747
9721,1.0625251531600952,64,892,603.0904969159747
9722,1.062558889389038,64,892,603.0904969159747
9723,1.0625618696212769,64,892,603.0904969159747
9724,1.0625375509262085,64,892,603.0904969159747
9725,1.0626254081726074,64,892,603.0904969159747
9726,1.0625848770141602,64,892,603.0904969159747
9727,1.0625478029251099,64,892,603.0904969159747
9728,1.0625345706939697,64,892,603.0904969159747
9729,1.0625767707824707,64,892,603.0904969159747
9730,1.0626004934310913,64,892,603.0904969159747
9731,1.0625749826431274,64,892,603.0904969159747
9732,1.0625345706939697,64,892,603.0904969159747
9733,1.0625455379486084,64,892,603.0904969159747
9734,1.0625331401824951,64,892,603.0904969159747
9735,1.0625433921813965,64,892,603.0904969159747
9736,1.0625464916229248,64,892,603.0904969159747
9737,1.0625571012496948,64,892,603.0904969159747
9738,1.0625406503677368,64,892,603.0904969159747
9739,1.0625394582748413,64,892,603.0904969159747
9740,1.0625450611114502,64,892,603.0904969159747
9741,1.0625333786010742,64,892,603.0904969159747
9742,1.0625360012054443,64,892,603.0904969159747
9743,1.0625499486923218,64,892,603.0904969159747
9744,1.0625371932983398,64,892,603.0904969159747
9745,1.0625269412994385,64,892,603.0904969159747
9746,1.0625511407852173,64,892,603.0904969159747
9747,1.0625569820404053,64,892,603.0904969159747
9748,1.0625499486923218,64,892,603.0904969159747
9749,1.0625265836715698,64,892,603.0904969159747
9750,1.0625234842300415,64,892,603.0904969159747
9751,1.0625301599502563,64,892,603.0904969159747
9752,1.0625361204147339,64,892,603.0904969159747
9753,1.0625327825546265,64,892,603.0904969159747
9754,1.0625337362289429,64,892,603.0904969159747
9755,1.0625308752059937,64,892,603.0904969159747
9756,1.0625298023223877,64,892,603.0904969159747
9757,1.062532663345337,64,892,603.0904969159747
9758,1.0625348091125488,64,892,603.0904969159747
9759,1.0625263452529907,64,892,603.0904969159747
9760,1.0625262260437012,64,892,603.0904969159747
9761,1.0625221729278564,64,892,603.0904969159747
9762,1.0625442266464233,64,892,603.0904969159747
9763,1.0625498294830322,64,892,603.0904969159747
9764,1.0625357627868652,64,892,603.0904969159747
9765,1.06254243850708,64,892,603.0904969159747
9766,1.0625429153442383,64,892,603.0904969159747
9767,1.0625531673431396,64,892,603.0904969159747
9768,1.0625399351119995,64,892,603.0904969159747
9769,1.062529444694519,64,892,603.0904969159747
9770,1.0625356435775757,64,892,603.0904969159747
9771,1.0625234842300415,64,892,603.0904969159747
9772,1.0625503063201904,64,892,603.0904969159747
9773,1.062549352645874,64,892,603.0904969159747
9774,1.0625478029251099,64,892,603.0904969159747
9775,1.0625288486480713,64,892,603.0904969159747
9776,1.0625325441360474,64,892,603.0904969159747
9777,1.062540888786316,64,892,603.0904969159747
9778,1.06252920627594,64,892,603.0904969159747
9779,1.0625452995300293,64,892,603.0904969159747
9780,1.0625438690185547,64,892,603.0904969159747
9781,1.0625338554382324,64,892,603.0904969159747
9782,1.062527060508728,64,892,603.0904969159747
9783,1.0625391006469727,64,892,603.0904969159747
9784,1.0625336170196533,64,892,603.0904969159747
9785,1.062552571296692,64,892,603.0904969159747
9786,1.0625592470169067,64,892,603.0904969159747
9787,1.0625320672988892,64,892,603.0904969159747
9788,1.062567949295044,64,892,603.0904969159747
9789,1.0625792741775513,64,892,603.0904969159747
9790,1.062563419342041,64,892,603.0904969159747
9791,1.062534213066101,64,892,603.0904969159747
9792,1.0625464916229248,64,892,603.0904969159747
9793,1.0625249147415161,64,892,603.0904969159747
9794,1.0625290870666504,64,892,603.0904969159747
9795,1.0625250339508057,64,892,603.0904969159747
9796,1.0625240802764893,64,892,603.0904969159747
9797,1.0625351667404175,64,892,603.0904969159747
9798,1.062525749206543,64,892,603.0904969159747
9799,1.0625380277633667,64,892,603.0904969159747
9800,1.062537431716919,64,892,603.0904969159747
9801,1.062525749206543,64,892,603.0904969159747
9802,1.0625470876693726,64,892,603.0904969159747
9803,1.0625474452972412,64,892,603.0904969159747
9804,1.0625258684158325,64,892,603.0904969159747
9805,1.062551498413086,64,892,603.0904969159747
9806,1.0625667572021484,64,892,603.0904969159747
9807,1.062562346458435,64,892,603.0904969159747
9808,1.0625380277633667,64,892,603.0904969159747
9809,1.0625262260437012,64,892,603.0904969159747
9810,1.0625348091125488,64,892,603.0904969159747
9811,1.0625320672988892,64,892,603.0904969159747
9812,1.0625500679016113,64,892,603.0904969159747
9813,1.0625356435775757,64,892,603.0904969159747
9814,1.0625675916671753,64,892,603.0904969159747
9815,1.062560796737671,64,892,603.0904969159747
9816,1.0625494718551636,64,892,603.0904969159747
9817,1.062536597251892,64,892,603.0904969159747
9818,1.0625544786453247,64,892,603.0904969159747
9819,1.0625264644622803,64,892,603.0904969159747
9820,1.0625336170196533,64,892,603.0904969159747
9821,1.0625312328338623,64,892,603.0904969159747
9822,1.0625208616256714,64,892,603.0904969159747
9823,1.0625262260437012,64,892,603.0904969159747
9824,1.0625375509262085,64,892,603.0904969159747
9825,1.0625407695770264,64,892,603.0904969159747
9826,1.0625261068344116,64,892,603.0904969159747
9827,1.0625274181365967,64,892,603.0904969159747
9828,1.0625406503677368,64,892,603.0904969159747
9829,1.0625276565551758,64,892,603.0904969159747
9830,1.0625371932983398,64,892,603.0904969159747
9831,1.0625238418579102,64,892,603.0904969159747
9832,1.0625430345535278,64,892,603.0904969159747
9833,1.062549114227295,64,892,603.0904969159747
9834,1.0625509023666382,64,892,603.0904969159747
9835,1.062532663345337,64,892,603.0904969159747
9836,1.0625182390213013,64,892,603.0904969159747
9837,1.0625447034835815,64,892,603.0904969159747
9838,1.0625426769256592,64,892,603.0904969159747
9839,1.0625759363174438,64,892,603.0904969159747
9840,1.0625540018081665,64,892,603.0904969159747
9841,1.0625702142715454,64,892,603.0904969159747
9842,1.062581181526184,64,892,603.0904969159747
9843,1.0625666379928589,64,892,603.0904969159747
9844,1.0625232458114624,64,892,603.0904969159747
9845,1.062591791152954,64,892,603.0904969159747
9846,1.0626220703125,64,892,603.0904969159747
9847,1.0625954866409302,64,892,603.0904969159747
9848,1.0625581741333008,64,892,603.0904969159747
9849,1.062536597251892,64,892,603.0904969159747
9850,1.0625520944595337,64,892,603.0904969159747
9851,1.062530517578125,64,892,603.0904969159747
9852,1.0625780820846558,64,892,603.0904969159747
9853,1.0625982284545898,64,892,603.0904969159747
9854,1.0626016855239868,64,892,603.0904969159747
9855,1.062577486038208,64,892,603.0904969159747
9856,1.0626295804977417,64,892,603.0904969159747
9857,1.0625741481781006,64,892,603.0904969159747
9858,1.0625996589660645,64,892,603.0904969159747
9859,1.0625994205474854,64,892,603.0904969159747
9860,1.062557578086853,64,892,603.0904969159747
9861,1.062605857849121,64,892,603.0904969159747
9862,1.062645673751831,64,892,603.0904969159747
9863,1.062584638595581,64,892,603.0904969159747
9864,1.0625247955322266,64,892,603.0904969159747
9865,1.0625249147415161,64,892,603.0904969159747
9866,1.0626178979873657,64,892,603.0904969159747
9867,1.062638282775879,64,892,603.0904969159747
9868,1.0625357627868652,64,892,603.0904969159747
9869,1.0625687837600708,64,892,603.0904969159747
9870,1.0625511407852173,64,892,603.0904969159747
9871,1.0626049041748047,64,892,603.0904969159747
9872,1.062646508216858,64,892,603.0904969159747
9873,1.0625568628311157,64,892,603.0904969159747
9874,1.0625759363174438,64,892,603.0904969159747
9875,1.0625779628753662,64,892,603.0904969159747
9876,1.0625349283218384,64,892,603.0904969159747
9877,1.0626763105392456,64,892,603.0904969159747
9878,1.062657356262207,64,892,603.0904969159747
9879,1.0625239610671997,64,892,603.0904969159747
9880,1.0625337362289429,64,892,603.0904969159747
9881,1.0625958442687988,64,892,603.0904969159747
9882,1.062667965888977,64,892,603.0904969159747
9883,1.0626204013824463,64,892,603.0904969159747
9884,1.062543272972107,64,892,603.0904969159747
9885,1.0625717639923096,64,892,603.0904969159747
9886,1.0625736713409424,64,892,603.0904969159747
9887,1.0625413656234741,64,892,603.0904969159747
9888,1.0625367164611816,64,892,603.0904969159747
9889,1.06255304813385,64,892,603.0904969159747
9890,1.0625630617141724,64,892,603.0904969159747
9891,1.0625417232513428,64,892,603.0904969159747
9892,1.0625262260437012,64,892,603.0904969159747
9893,1.0625195503234863,64,892,603.0904969159747
9894,1.062544584274292,64,892,603.0904969159747
9895,1.0625497102737427,64,892,603.0904969159747
9896,1.0625346899032593,64,892,603.0904969159747
9897,1.0625377893447876,64,892,603.0904969159747
9898,1.0625520944595337,64,892,603.0904969159747
9899,1.062557578086853,64,892,603.0904969159747
9900,1.0625282526016235,64,892,603.0904969159747
9901,1.0625330209732056,64,892,603.0904969159747
9902,1.0625420808792114,64,892,603.0904969159747
9903,1.0625340938568115,64,892,603.0904969159747
9904,1.0625238418579102,64,892,603.0904969159747
9905,1.062530755996704,64,892,603.0904969159747
9906,1.0625325441360474,64,892,603.0904969159747
9907,1.0625183582305908,64,892,603.0904969159747
9908,1.0625158548355103,64,892,603.0904969159747
9909,1.0625237226486206,64,892,603.0904969159747
9910,1.0625202655792236,64,892,603.0904969159747
9911,1.0625364780426025,64,892,603.0904969159747
9912,1.0625380277633667,64,892,603.0904969159747
9913,1.0625211000442505,64,892,603.0904969159747
9914,1.0625313520431519,64,892,603.0904969159747
9915,1.0625407695770264,64,892,603.0904969159747
9916,1.0625373125076294,64,892,603.0904969159747
9917,1.0625216960906982,64,892,603.0904969159747
9918,1.062516212463379,64,892,603.0904969159747
9919,1.062536358833313,64,892,603.0904969159747
9920,1.0625380277633667,64,892,603.0904969159747
9921,1.0625195503234863,64,892,603.0904969159747
9922,1.0625213384628296,64,892,603.0904969159747
9923,1.062535285949707,64,892,603.0904969159747
9924,1.0625319480895996,64,892,603.0904969159747
9925,1.0625132322311401,64,892,603.0904969159747
9926,1.062520980834961,64,892,603.0904969159747
9927,1.0625114440917969,64,892,603.0904969159747
9928,1.0625159740447998,64,892,603.0904969159747
9929,1.0625134706497192,64,892,603.0904969159747
9930,1.0625160932540894,64,892,603.0904969159747
9931,1.062523365020752,64,892,603.0904969159747
9932,1.0625218152999878,64,892,603.0904969159747
9933,1.0625355243682861,64,892,603.0904969159747
9934,1.0625419616699219,64,892,603.0904969159747
9935,1.0625264644622803,64,892,603.0904969159747
9936,1.0625170469284058,64,892,603.0904969159747
9937,1.0625152587890625,64,892,603.0904969159747
9938,1.062516689300537,64,892,603.0904969159747
9939,1.0625513792037964,64,892,603.0904969159747
9940,1.0625320672988892,64,892,603.0904969159747
9941,1.0625598430633545,64,892,603.0904969159747
9942,1.0625693798065186,64,892,603.0904969159747
9943,1.0625461339950562,64,892,603.0904969159747
9944,1.0625180006027222,64,892,603.0904969159747
9945,1.062520980834961,64,892,603.0904969159747
9946,1.0625331401824951,64,892,603.0904969159747
9947,1.0625423192977905,64,892,603.0904969159747
9948,1.0625383853912354,64,892,603.0904969159747
9949,1.0625367164611816,64,892,603.0904969159747
9950,1.0625407695770264,64,892,603.0904969159747
9951,1.0625287294387817,64,892,603.0904969159747
9952,1.0625523328781128,64,892,603.0904969159747
9953,1.062549114227295,64,892,603.0904969159747
9954,1.0625312328338623,64,892,603.0904969159747
9955,1.0625370740890503,64,892,603.0904969159747
9956,1.062555193901062,64,892,603.0904969159747
9957,1.0625590085983276,64,892,603.0904969159747
9958,1.0625475645065308,64,892,603.0904969159747
9959,1.0625312328338623,64,892,603.0904969159747
9960,1.0625265836715698,64,892,603.0904969159747
9961,1.0625262260437012,64,892,603.0904969159747
9962,1.0625253915786743,64,892,603.0904969159747
9963,1.0625603199005127,64,892,603.0904969159747
9964,1.0625399351119995,64,892,603.0904969159747
9965,1.062552809715271,64,892,603.0904969159747
9966,1.062556266784668,64,892,603.0904969159747
9967,1.0625392198562622,64,892,603.0904969159747
9968,1.0625169277191162,64,892,603.0904969159747
9969,1.0625289678573608,64,892,603.0904969159747
9970,1.0625489950180054,64,892,603.0904969159747
9971,1.062556505203247,64,892,603.0904969159747
9972,1.0625560283660889,64,892,603.0904969159747
9973,1.0625417232513428,64,892,603.0904969159747
9974,1.062528133392334,64,892,603.0904969159747
9975,1.0625141859054565,64,892,603.0904969159747
9976,1.062522053718567,64,892,603.0904969159747
9977,1.062517762184143,64,892,603.0904969159747
9978,1.0625208616256714,64,892,603.0904969159747
9979,1.0625263452529907,64,892,603.0904969159747
9980,1.062522530555725,64,892,603.0904969159747
9981,1.062512993812561,64,892,603.0904969159747
9982,1.062527060508728,64,892,603.0904969159747
9983,1.0625267028808594,64,892,603.0904969159747
9984,1.0625144243240356,64,892,603.0904969159747
9985,1.0625184774398804,64,892,603.0904969159747
9986,1.0625121593475342,64,892,603.0904969159747
9987,1.0625290870666504,64,892,603.0904969159747
9988,1.062527060508728,64,892,603.0904969159747
9989,1.0625135898590088,64,892,603.0904969159747
9990,1.0625243186950684,64,892,603.0904969159747
9991,1.062516450881958,64,892,603.0904969159747
9992,1.062516689300537,64,892,603.0904969159747
9993,1.0625295639038086,64,892,603.0904969159747
9994,1.0625264644622803,64,892,603.0904969159747
9995,1.0625121593475342,64,892,603.0904969159747
9996,1.0625150203704834,64,892,603.0904969159747
9997,1.0625145435333252,64,892,603.0904969159747
9998,1.0625172853469849,64,892,603.0904969159747
9999,1.0625141859054565,64,892,603.0904969159747
10000,1.0625113248825073,64,892,603.0904969159747
10001,1.062530755996704,64,892,603.0904969159747
10002,1.0625306367874146,64,892,603.0904969159747
10003,1.062507152557373,64,892,603.0904969159747
10004,1.0625150203704834,64,892,603.0904969159747
10005,1.0625083446502686,64,892,603.0904969159747
10006,1.0625221729278564,64,892,603.0904969159747
10007,1.0625193119049072,64,892,603.0904969159747
10008,1.0625195503234863,64,892,603.0904969159747
10009,1.062525749206543,64,892,603.0904969159747
10010,1.0625325441360474,64,892,603.0904969159747
10011,1.0625163316726685,64,892,603.0904969159747
10012,1.0625158548355103,64,892,603.0904969159747
10013,1.062519907951355,64,892,603.0904969159747
10014,1.0625208616256714,64,892,603.0904969159747
10015,1.062512993812561,64,892,603.0904969159747
10016,1.0625079870224,64,892,603.0904969159747
10017,1.0625191926956177,64,892,603.0904969159747
10018,1.0625150203704834,64,892,603.0904969159747
10019,1.062517523765564,64,892,603.0904969159747
10020,1.062523365020752,64,892,603.0904969159747
10021,1.0625284910202026,64,892,603.0904969159747
10022,1.0625083446502686,64,892,603.0904969159747
10023,1.0625272989273071,64,892,603.0904969159747
10024,1.0625256299972534,64,892,603.0904969159747
10025,1.062510371208191,64,892,603.0904969159747
10026,1.0625079870224,64,892,603.0904969159747
10027,1.0625146627426147,64,892,603.0904969159747
10028,1.0625262260437012,64,892,603.0904969159747
10029,1.062517523765564,64,892,603.0904969159747
10030,1.0625227689743042,64,892,603.0904969159747
10031,1.062532901763916,64,892,603.0904969159747
10032,1.0625271797180176,64,892,603.0904969159747
10033,1.0625110864639282,64,892,603.0904969159747
10034,1.062525749206543,64,892,603.0904969159747
10035,1.0625278949737549,64,892,603.0904969159747
10036,1.0625125169754028,64,892,603.0904969159747
10037,1.0625145435333252,64,892,603.0904969159747
10038,1.0625200271606445,64,892,603.0904969159747
10039,1.0625193119049072,64,892,603.0904969159747
10040,1.0625165700912476,64,892,603.0904969159747
10041,1.0625174045562744,64,892,603.0904969159747
10042,1.0625369548797607,64,892,603.0904969159747
10043,1.0625200271606445,64,892,603.0904969159747
10044,1.0625158548355103,64,892,603.0904969159747
10045,1.0625197887420654,64,892,603.0904969159747
10046,1.062522292137146,64,892,603.0904969159747
10047,1.0625091791152954,64,892,603.0904969159747
10048,1.0625208616256714,64,892,603.0904969159747
10049,1.062514066696167,64,892,603.0904969159747
10050,1.0625180006027222,64,892,603.0904969159747
10051,1.0625134706497192,64,892,603.0904969159747
10052,1.0625263452529907,64,892,603.0904969159747
10053,1.0625253915786743,64,892,603.0904969159747
10054,1.0625228881835938,64,892,603.0904969159747
10055,1.0625216960906982,64,892,603.0904969159747
10056,1.0625245571136475,64,892,603.0904969159747
10057,1.0625216960906982,64,892,603.0904969159747
10058,1.0625131130218506,64,892,603.0904969159747
10059,1.0625150203704834,64,892,603.0904969159747
10060,1.0625104904174805,64,892,603.0904969159747
10061,1.062511682510376,64,892,603.0904969159747
10062,1.062511682510376,64,892,603.0904969159747
10063,1.062518835067749,64,892,603.0904969159747
10064,1.0625218152999878,64,892,603.0904969159747
10065,1.0625239610671997,64,892,603.0904969159747
10066,1.0625170469284058,64,892,603.0904969159747
10067,1.0625197887420654,64,892,603.0904969159747
10068,1.0625171661376953,64,892,603.0904969159747
10069,1.0625077486038208,64,892,603.0904969159747
10070,1.0625156164169312,64,892,603.0904969159747
10071,1.0625152587890625,64,892,603.0904969159747
10072,1.0625170469284058,64,892,603.0904969159747
10073,1.0625109672546387,64,892,603.0904969159747
10074,1.06252121925354,64,892,603.0904969159747
10075,1.0625312328338623,64,892,603.0904969159747
10076,1.0625228881835938,64,892,603.0904969159747
10077,1.062513828277588,64,892,603.0904969159747
10078,1.0625180006027222,64,892,603.0904969159747
10079,1.0625150203704834,64,892,603.0904969159747
10080,1.0625087022781372,64,892,603.0904969159747
10081,1.0625172853469849,64,892,603.0904969159747
10082,1.0625104904174805,64,892,603.0904969159747
10083,1.062515377998352,64,892,603.0904969159747
10084,1.0625097751617432,64,892,603.0904969159747
10085,1.0625264644622803,64,892,603.0904969159747
10086,1.0625332593917847,64,892,603.0904969159747
10087,1.0625319480895996,64,892,603.0904969159747
10088,1.0625231266021729,64,892,603.0904969159747
10089,1.0625123977661133,64,892,603.0904969159747
10090,1.062511920928955,64,892,603.0904969159747
10091,1.062516212463379,64,892,603.0904969159747
10092,1.0625146627426147,64,892,603.0904969159747
10093,1.062509536743164,64,892,603.0904969159747
10094,1.0625123977661133,64,892,603.0904969159747
10095,1.0625072717666626,64,892,603.0904969159747
10096,1.0625193119049072,64,892,603.0904969159747
10097,1.0625278949737549,64,892,603.0904969159747
10098,1.062530279159546,64,892,603.0904969159747
10099,1.0625181198120117,64,892,603.0904969159747
10100,1.0625108480453491,64,892,603.0904969159747
10101,1.0625133514404297,64,892,603.0904969159747
10102,1.062516689300537,64,892,603.0904969159747
10103,1.0625214576721191,64,892,603.0904969159747
10104,1.0625200271606445,64,892,603.0904969159747
10105,1.0625107288360596,64,892,603.0904969159747
10106,1.0625121593475342,64,892,603.0904969159747
10107,1.0625150203704834,64,892,603.0904969159747
10108,1.0625041723251343,64,892,603.0904969159747
10109,1.0625121593475342,64,892,603.0904969159747
10110,1.0625211000442505,64,892,603.0904969159747
10111,1.062508225440979,64,892,603.0904969159747
10112,1.0625089406967163,64,892,603.0904969159747
10113,1.0625096559524536,64,892,603.0904969159747
10114,1.0625076293945312,64,892,603.0904969159747
10115,1.0625051259994507,64,892,603.0904969159747
10116,1.062589168548584,64,892,603.0904969159747
10117,1.062531590461731,64,892,603.0904969159747
10118,1.0625309944152832,64,892,603.0904969159747
10119,1.0625561475753784,64,892,603.0904969159747
10120,1.062567949295044,64,892,603.0904969159747
10121,1.0625592470169067,64,892,603.0904969159747
10122,1.0625464916229248,64,892,603.0904969159747
10123,1.0625255107879639,64,892,603.0904969159747
10124,1.062516212463379,64,892,603.0904969159747
10125,1.0625457763671875,64,892,603.0904969159747
10126,1.0625606775283813,64,892,603.0904969159747
10127,1.0625594854354858,64,892,603.0904969159747
10128,1.0625455379486084,64,892,603.0904969159747
10129,1.0625300407409668,64,892,603.0904969159747
10130,1.0625381469726562,64,892,603.0904969159747
10131,1.062517762184143,64,892,603.0904969159747
10132,1.0625145435333252,64,892,603.0904969159747
10133,1.06252121925354,64,892,603.0904969159747
10134,1.0625196695327759,64,892,603.0904969159747
10135,1.062523603439331,64,892,603.0904969159747
10136,1.0625123977661133,64,892,603.0904969159747
10137,1.0625271797180176,64,892,603.0904969159747
10138,1.0625311136245728,64,892,603.0904969159747
10139,1.0625139474868774,64,892,603.0904969159747
10140,1.0625181198120117,64,892,603.0904969159747
10141,1.0625178813934326,64,892,603.0904969159747
10142,1.0625100135803223,64,892,603.0904969159747
10143,1.062520980834961,64,892,603.0904969159747
10144,1.062520146369934,64,892,603.0904969159747
10145,1.062523365020752,64,892,603.0904969159747
10146,1.062512755393982,64,892,603.0904969159747
10147,1.0625232458114624,64,892,603.0904969159747
10148,1.0625278949737549,64,892,603.0904969159747
10149,1.0625169277191162,64,892,603.0904969159747
10150,1.062530755996704,64,892,603.0904969159747
10151,1.0625394582748413,64,892,603.0904969159747
10152,1.0625314712524414,64,892,603.0904969159747
10153,1.0625324249267578,64,892,603.0904969159747
10154,1.0625249147415161,64,892,603.0904969159747
10155,1.062515377998352,64,892,603.0904969159747
10156,1.0625218152999878,64,892,603.0904969159747
10157,1.0625261068344116,64,892,603.0904969159747
10158,1.0625170469284058,64,892,603.0904969159747
10159,1.0625206232070923,64,892,603.0904969159747
10160,1.0625321865081787,64,892,603.0904969159747
10161,1.0625287294387817,64,892,603.0904969159747
10162,1.0625163316726685,64,892,603.0904969159747
10163,1.0625160932540894,64,892,603.0904969159747
10164,1.062515377998352,64,892,603.0904969159747
10165,1.0625228881835938,64,892,603.0904969159747
10166,1.062513828277588,64,892,603.0904969159747
10167,1.06251060962677,64,892,603.0904969159747
10168,1.0625104904174805,64,892,603.0904969159747
10169,1.0625241994857788,64,892,603.0904969159747
10170,1.0625132322311401,64,892,603.0904969159747
10171,1.0625146627426147,64,892,603.0904969159747
10172,1.062525987625122,64,892,603.0904969159747
10173,1.0625207424163818,64,892,603.0904969159747
10174,1.0625197887420654,64,892,603.0904969159747
10175,1.0625145435333252,64,892,603.0904969159747
10176,1.0625340938568115,64,892,603.0904969159747
10177,1.0625355243682861,64,892,603.0904969159747
10178,1.0625213384628296,64,892,603.0904969159747
10179,1.0625237226486206,64,892,603.0904969159747
10180,1.062520980834961,64,892,603.0904969159747
10181,1.062512993812561,64,892,603.0904969159747
10182,1.062528371810913,64,892,603.0904969159747
10183,1.062527060508728,64,892,603.0904969159747
10184,1.0625245571136475,64,892,603.0904969159747
10185,1.0625303983688354,64,892,603.0904969159747
10186,1.0625160932540894,64,892,603.0904969159747
10187,1.0625226497650146,64,892,603.0904969159747
10188,1.0625207424163818,64,892,603.0904969159747
10189,1.0625197887420654,64,892,603.0904969159747
10190,1.0625250339508057,64,892,603.0904969159747
10191,1.0625128746032715,64,892,603.0904969159747
10192,1.0625295639038086,64,892,603.0904969159747
10193,1.0625211000442505,64,892,603.0904969159747
10194,1.0625122785568237,64,892,603.0904969159747
10195,1.0625271797180176,64,892,603.0904969159747
10196,1.0625247955322266,64,892,603.0904969159747
10197,1.06251060962677,64,892,603.0904969159747
10198,1.062517762184143,64,892,603.0904969159747
10199,1.062515377998352,64,892,603.0904969159747
10200,1.0625054836273193,64,892,603.0904969159747
10201,1.0625160932540894,64,892,603.0904969159747
10202,1.0625145435333252,64,892,603.0904969159747
10203,1.062506079673767,64,892,603.0904969159747
10204,1.0625320672988892,64,892,603.0904969159747
10205,1.0625332593917847,64,892,603.0904969159747
10206,1.0625100135803223,64,892,603.0904969159747
10207,1.0625113248825073,64,892,603.0904969159747
10208,1.0625146627426147,64,892,603.0904969159747
10209,1.0625083446502686,64,892,603.0904969159747
10210,1.0625096559524536,64,892,603.0904969159747
10211,1.0625054836273193,64,892,603.0904969159747
10212,1.0625202655792236,64,892,603.0904969159747
10213,1.0625152587890625,64,892,603.0904969159747
10214,1.0625096559524536,64,892,603.0904969159747
10215,1.0625278949737549,64,892,603.0904969159747
10216,1.06252121925354,64,892,603.0904969159747
10217,1.0625183582305908,64,892,603.0904969159747
10218,1.0625253915786743,64,892,603.0904969159747
10219,1.0625287294387817,64,892,603.0904969159747
10220,1.062517762184143,64,892,603.0904969159747
10221,1.0625059604644775,64,892,603.0904969159747
10222,1.062560796737671,64,892,603.0904969159747
10223,1.062557339668274,64,892,603.0904969159747
10224,1.0625123977661133,64,892,603.0904969159747
10225,1.0625249147415161,64,892,603.0904969159747
10226,1.06254243850708,64,892,603.0904969159747
10227,1.0625492334365845,64,892,603.0904969159747
10228,1.0625494718551636,64,892,603.0904969159747
10229,1.0625450611114502,64,892,603.0904969159747
10230,1.0625289678573608,64,892,603.0904969159747
10231,1.0625118017196655,64,892,603.0904969159747
10232,1.0625382661819458,64,892,603.0904969159747
10233,1.0625510215759277,64,892,603.0904969159747
10234,1.0625513792037964,64,892,603.0904969159747
10235,1.0625333786010742,64,892,603.0904969159747
10236,1.0625420808792114,64,892,603.0904969159747
10237,1.0625419616699219,64,892,603.0904969159747
10238,1.0625402927398682,64,892,603.0904969159747
10239,1.0625200271606445,64,892,603.0904969159747
10240,1.0625174045562744,64,892,603.0904969159747
10241,1.062511920928955,64,892,603.0904969159747
10242,1.0625284910202026,64,892,603.0904969159747
10243,1.0625364780426025,64,892,603.0904969159747
10244,1.0625267028808594,64,892,603.0904969159747
10245,1.0625574588775635,64,892,603.0904969159747
10246,1.0625700950622559,64,892,603.0904969159747
10247,1.0625603199005127,64,892,603.0904969159747
10248,1.0625325441360474,64,892,603.0904969159747
10249,1.062522053718567,64,892,603.0904969159747
10250,1.0625265836715698,64,892,603.0904969159747
10251,1.0625333786010742,64,892,603.0904969159747
10252,1.062532901763916,64,892,603.0904969159747
10253,1.062541127204895,64,892,603.0904969159747
10254,1.0625284910202026,64,892,603.0904969159747
10255,1.0625108480453491,64,892,603.0904969159747
10256,1.0625280141830444,64,892,603.0904969159747
10257,1.062536597251892,64,892,603.0904969159747
10258,1.062530755996704,64,892,603.0904969159747
10259,1.0625126361846924,64,892,603.0904969159747
10260,1.0625313520431519,64,892,603.0904969159747
10261,1.0625393390655518,64,892,603.0904969159747
10262,1.0625498294830322,64,892,603.0904969159747
10263,1.06254243850708,64,892,603.0904969159747
10264,1.0625319480895996,64,892,603.0904969159747
10265,1.0625314712524414,64,892,603.0904969159747
10266,1.0625126361846924,64,892,603.0904969159747
10267,1.0625277757644653,64,892,603.0904969159747
10268,1.0625407695770264,64,892,603.0904969159747
10269,1.0625377893447876,64,892,603.0904969159747
10270,1.0625144243240356,64,892,603.0904969159747
10271,1.0625427961349487,64,892,603.0904969159747
10272,1.0625556707382202,64,892,603.0904969159747
10273,1.0625402927398682,64,892,603.0904969159747
10274,1.062537431716919,64,892,603.0904969159747
10275,1.0625377893447876,64,892,603.0904969159747
10276,1.0625288486480713,64,892,603.0904969159747
10277,1.062525749206543,64,892,603.0904969159747
10278,1.0625183582305908,64,892,603.0904969159747
10279,1.0625306367874146,64,892,603.0904969159747
10280,1.0625243186950684,64,892,603.0904969159747
10281,1.0625196695327759,64,892,603.0904969159747
10282,1.0625288486480713,64,892,603.0904969159747
10283,1.0625190734863281,64,892,603.0904969159747
10284,1.062522530555725,64,892,603.0904969159747
10285,1.0625088214874268,64,892,603.0904969159747
10286,1.0625121593475342,64,892,603.0904969159747
10287,1.0625083446502686,64,892,603.0904969159747
10288,1.0625156164169312,64,892,603.0904969159747
10289,1.0625133514404297,64,892,603.0904969159747
10290,1.062511682510376,64,892,603.0904969159747
10291,1.0625158548355103,64,892,603.0904969159747
10292,1.0625113248825073,64,892,603.0904969159747
10293,1.0625170469284058,64,892,603.0904969159747
10294,1.0625287294387817,64,892,603.0904969159747
10295,1.0625303983688354,64,892,603.0904969159747
10296,1.0625262260437012,64,892,603.0904969159747
10297,1.0625118017196655,64,892,603.0904969159747
10298,1.0625158548355103,64,892,603.0904969159747
10299,1.0625181198120117,64,892,603.0904969159747
10300,1.0625090599060059,64,892,603.0904969159747
10301,1.0625171661376953,64,892,603.0904969159747
10302,1.0625083446502686,64,892,603.0904969159747
10303,1.0625108480453491,64,892,603.0904969159747
10304,1.0625112056732178,64,892,603.0904969159747
10305,1.0625070333480835,64,892,603.0904969159747
10306,1.06251060962677,64,892,603.0904969159747
10307,1.0625075101852417,64,892,603.0904969159747
10308,1.062526822090149,64,892,603.0904969159747
10309,1.0625253915786743,64,892,603.0904969159747
10310,1.0625296831130981,64,892,603.0904969159747
10311,1.0625172853469849,64,892,603.0904969159747
10312,1.0625100135803223,64,892,603.0904969159747
10313,1.0625137090682983,64,892,603.0904969159747
10314,1.062522530555725,64,892,603.0904969159747
10315,1.0625239610671997,64,892,603.0904969159747
10316,1.0625135898590088,64,892,603.0904969159747
10317,1.0625094175338745,64,892,603.0904969159747
10318,1.062527060508728,64,892,603.0904969159747
10319,1.0625282526016235,64,892,603.0904969159747
10320,1.0625125169754028,64,892,603.0904969159747
10321,1.0625261068344116,64,892,603.0904969159747
10322,1.0625274181365967,64,892,603.0904969159747
10323,1.062501072883606,64,892,603.0904969159747
10324,1.0625108480453491,64,892,603.0904969159747
10325,1.0625096559524536,64,892,603.0904969159747
10326,1.0625228881835938,64,892,603.0904969159747
10327,1.0625203847885132,64,892,603.0904969159747
10328,1.0625196695327759,64,892,603.0904969159747
10329,1.062503695487976,64,892,603.0904969159747
10330,1.062523365020752,64,892,603.0904969159747
10331,1.06252121925354,64,892,603.0904969159747
10332,1.0625083446502686,64,892,603.0904969159747
10333,1.0625132322311401,64,892,603.0904969159747
10334,1.0625183582305908,64,892,603.0904969159747
10335,1.062507152557373,64,892,603.0904969159747
10336,1.0625029802322388,64,892,603.0904969159747
10337,1.0625094175338745,64,892,603.0904969159747
10338,1.0625258684158325,64,892,603.0904969159747
10339,1.062513828277588,64,892,603.0904969159747
10340,1.0625256299972534,64,892,603.0904969159747
10341,1.0625396966934204,64,892,603.0904969159747
10342,1.0625361204147339,64,892,603.0904969159747
10343,1.0625131130218506,64,892,603.0904969159747
10344,1.0625050067901611,64,892,603.0904969159747
10345,1.0625065565109253,64,892,603.0904969159747
10346,1.0625104904174805,64,892,603.0904969159747
10347,1.0625241994857788,64,892,603.0904969159747
10348,1.0625147819519043,64,892,603.0904969159747
10349,1.0625313520431519,64,892,603.0904969159747
10350,1.0625009536743164,64,892,603.0904969159747
10351,1.0625468492507935,64,892,603.0904969159747
10352,1.0625665187835693,64,892,603.0904969159747
10353,1.062564492225647,64,892,603.0904969159747
10354,1.0625556707382202,64,892,603.0904969159747
10355,1.0625512599945068,64,892,603.0904969159747
10356,1.0625371932983398,64,892,603.0904969159747
10357,1.062516689300537,64,892,603.0904969159747
10358,1.0625399351119995,64,892,603.0904969159747
10359,1.0625579357147217,64,892,603.0904969159747
10360,1.062559723854065,64,892,603.0904969159747
10361,1.06254243850708,64,892,603.0904969159747
10362,1.0625097751617432,64,892,603.0904969159747
10363,1.0625156164169312,64,892,603.0904969159747
10364,1.0625247955322266,64,892,603.0904969159747
10365,1.0625147819519043,64,892,603.0904969159747
10366,1.062515377998352,64,892,603.0904969159747
10367,1.0625133514404297,64,892,603.0904969159747
10368,1.0625228881835938,64,892,603.0904969159747
10369,1.0625261068344116,64,892,603.0904969159747
10370,1.0625145435333252,64,892,603.0904969159747
10371,1.0625245571136475,64,892,603.0904969159747
10372,1.06253182888031,64,892,603.0904969159747
10373,1.0625344514846802,64,892,603.0904969159747
10374,1.06252121925354,64,892,603.0904969159747
10375,1.062515139579773,64,892,603.0904969159747
10376,1.0625079870224,64,892,603.0904969159747
10377,1.0625278949737549,64,892,603.0904969159747
10378,1.0625364780426025,64,892,603.0904969159747
10379,1.0625218152999878,64,892,603.0904969159747
10380,1.0625262260437012,64,892,603.0904969159747
10381,1.062536358833313,64,892,603.0904969159747
10382,1.0625299215316772,64,892,603.0904969159747
10383,1.0625147819519043,64,892,603.0904969159747
10384,1.0625087022781372,64,892,603.0904969159747
10385,1.0625135898590088,64,892,603.0904969159747
10386,1.0625255107879639,64,892,603.0904969159747
10387,1.06251859664917,64,892,603.0904969159747
10388,1.0625357627868652,64,892,603.0904969159747
10389,1.0625311136245728,64,892,603.0904969159747
10390,1.0625207424163818,64,892,603.0904969159747
10391,1.062533974647522,64,892,603.0904969159747
10392,1.062543272972107,64,892,603.0904969159747
10393,1.0625255107879639,64,892,603.0904969159747
10394,1.0625299215316772,64,892,603.0904969159747
10395,1.0625334978103638,64,892,603.0904969159747
10396,1.0625214576721191,64,892,603.0904969159747
10397,1.0625135898590088,64,892,603.0904969159747
10398,1.0625141859054565,64,892,603.0904969159747
10399,1.062536597251892,64,892,603.0904969159747
10400,1.0625473260879517,64,892,603.0904969159747
10401,1.062518835067749,64,892,603.0904969159747
10402,1.0625314712524414,64,892,603.0904969159747
10403,1.0625278949737549,64,892,603.0904969159747
10404,1.0625091791152954,64,892,603.0904969159747
10405,1.062530517578125,64,892,603.0904969159747
10406,1.0625197887420654,64,892,603.0904969159747
10407,1.0625101327896118,64,892,603.0904969159747
10408,1.0625203847885132,64,892,603.0904969159747
10409,1.0625121593475342,64,892,603.0904969159747
10410,1.0625150203704834,64,892,603.0904969159747
10411,1.062532663345337,64,892,603.0904969159747
10412,1.0625271797180176,64,892,603.0904969159747
10413,1.0625091791152954,64,892,603.0904969159747
10414,1.0625289678573608,64,892,603.0904969159747
10415,1.0625214576721191,64,892,603.0904969159747
10416,1.0625145435333252,64,892,603.0904969159747
10417,1.0625178813934326,64,892,603.0904969159747
10418,1.0625156164169312,64,892,603.0904969159747
10419,1.062502145767212,64,892,603.0904969159747
10420,1.062501311302185,64,892,603.0904969159747
10421,1.0625008344650269,64,892,603.0904969159747
10422,1.0625150203704834,64,892,603.0904969159747
10423,1.0625178813934326,64,892,603.0904969159747
10424,1.0625100135803223,64,892,603.0904969159747
10425,1.0625354051589966,64,892,603.0904969159747
10426,1.0625195503234863,64,892,603.0904969159747
10427,1.0625247955322266,64,892,603.0904969159747
10428,1.0625379085540771,64,892,603.0904969159747
10429,1.0625486373901367,64,892,603.0904969159747
10430,1.062538981437683,64,892,603.0904969159747
10431,1.0625309944152832,64,892,603.0904969159747
10432,1.0625115633010864,64,892,603.0904969159747
10433,1.0625253915786743,64,892,603.0904969159747
10434,1.0625349283218384,64,892,603.0904969159747
10435,1.062525749206543,64,892,603.0904969159747
10436,1.0625100135803223,64,892,603.0904969159747
10437,1.0625126361846924,64,892,603.0904969159747
10438,1.0625231266021729,64,892,603.0904969159747
10439,1.0625137090682983,64,892,603.0904969159747
10440,1.0625108480453491,64,892,603.0904969159747
10441,1.0625126361846924,64,892,603.0904969159747
10442,1.062513828277588,64,892,603.0904969159747
10443,1.0625157356262207,64,892,603.0904969159747
10444,1.0625232458114624,64,892,603.0904969159747
10445,1.0625096559524536,64,892,603.0904969159747
10446,1.0625102519989014,64,892,603.0904969159747
10447,1.062536597251892,64,892,603.0904969159747
10448,1.0625284910202026,64,892,603.0904969159747
10449,1.062523365020752,64,892,603.0904969159747
10450,1.0625249147415161,64,892,603.0904969159747
10451,1.0625208616256714,64,892,603.0904969159747
10452,1.062518835067749,64,892,603.0904969159747
10453,1.062512755393982,64,892,603.0904969159747
10454,1.062514066696167,64,892,603.0904969159747
10455,1.0625252723693848,64,892,603.0904969159747
10456,1.0625241994857788,64,892,603.0904969159747
10457,1.0625228881835938,64,892,603.0904969159747
10458,1.0625133514404297,64,892,603.0904969159747
10459,1.0625218152999878,64,892,603.0904969159747
10460,1.0625280141830444,64,892,603.0904969159747
10461,1.0625122785568237,64,892,603.0904969159747
10462,1.062522053718567,64,892,603.0904969159747
10463,1.062531590461731,64,892,603.0904969159747
10464,1.0625370740890503,64,892,603.0904969159747
10465,1.062535047531128,64,892,603.0904969159747
10466,1.0625284910202026,64,892,603.0904969159747
10467,1.0625038146972656,64,892,603.0904969159747
10468,1.0625287294387817,64,892,603.0904969159747
10469,1.062535285949707,64,892,603.0904969159747
10470,1.0625249147415161,64,892,603.0904969159747
10471,1.0625184774398804,64,892,603.0904969159747
10472,1.0625168085098267,64,892,603.0904969159747
10473,1.0625187158584595,64,892,603.0904969159747
10474,1.0625226497650146,64,892,603.0904969159747
10475,1.0625172853469849,64,892,603.0904969159747
10476,1.0625085830688477,64,892,603.0904969159747
10477,1.0625331401824951,64,892,603.0904969159747
10478,1.0625393390655518,64,892,603.0904969159747
10479,1.0625263452529907,64,892,603.0904969159747
10480,1.062517523765564,64,892,603.0904969159747
10481,1.0625344514846802,64,892,603.0904969159747
10482,1.0625180006027222,64,892,603.0904969159747
10483,1.0625150203704834,64,892,603.0904969159747
10484,1.0625195503234863,64,892,603.0904969159747
10485,1.0625181198120117,64,892,603.0904969159747
10486,1.0625251531600952,64,892,603.0904969159747
10487,1.0625172853469849,64,892,603.0904969159747
10488,1.062540888786316,64,892,603.0904969159747
10489,1.0625377893447876,64,892,603.0904969159747
10490,1.0625282526016235,64,892,603.0904969159747
10491,1.0625187158584595,64,892,603.0904969159747
10492,1.0625216960906982,64,892,603.0904969159747
10493,1.0625277757644653,64,892,603.0904969159747
10494,1.0625216960906982,64,892,603.0904969159747
10495,1.0625274181365967,64,892,603.0904969159747
10496,1.062509536743164,64,892,603.0904969159747
10497,1.0625195503234863,64,892,603.0904969159747
10498,1.0625128746032715,64,892,603.0904969159747
10499,1.0625245571136475,64,892,603.0904969159747
10500,1.0625228881835938,64,892,603.0904969159747
10501,1.0625101327896118,64,892,603.0904969159747
10502,1.0625278949737549,64,892,603.0904969159747
10503,1.0625170469284058,64,892,603.0904969159747
10504,1.0625321865081787,64,892,603.0904969159747
10505,1.0996206998825073,64,892,603.0904969159747
10506,1.0977588891983032,64,892,603.0904969159747
10507,1.0971795320510864,64,892,603.0904969159747
10508,1.0969634056091309,64,892,603.0904969159747
10509,1.0962717533111572,64,892,603.0904969159747
10510,1.0955718755722046,64,892,603.0904969159747
10511,1.0942492485046387,64,892,603.0904969159747
10512,1.093096137046814,64,892,603.0904969159747
10513,1.0920764207839966,64,892,603.0904969159747
10514,1.0911890268325806,64,892,603.0904969159747
10515,1.0904299020767212,64,892,603.0904969159747
10516,1.0896369218826294,64,892,603.0904969159747
10517,1.0889805555343628,64,892,603.0904969159747
10518,1.088532567024231,64,892,603.0904969159747
10519,1.088076114654541,64,892,603.0904969159747
10520,1.0872372388839722,64,892,603.0904969159747
10521,1.0867079496383667,64,892,603.0904969159747
10522,1.0860316753387451,64,892,603.0904969159747
10523,1.084916353225708,64,892,603.0904969159747
10524,1.0842537879943848,64,892,603.0904969159747
10525,1.0836635828018188,64,892,603.0904969159747
10526,1.0832723379135132,64,892,603.0904969159747
10527,1.0829650163650513,64,892,603.0904969159747
10528,1.0826886892318726,64,892,603.0904969159747
10529,1.082412600517273,64,892,603.0904969159747
10530,1.0821017026901245,64,892,603.0904969159747
10531,1.081803798675537,64,892,603.0904969159747
10532,1.0815303325653076,64,892,603.0904969159747
10533,1.0812859535217285,64,892,603.0904969159747
10534,1.0810678005218506,64,892,603.0904969159747
10535,1.0808674097061157,64,892,603.0904969159747
10536,1.0806782245635986,64,892,603.0904969159747
10537,1.0805109739303589,64,892,603.0904969159747
10538,1.080358862876892,64,892,603.0904969159747
10539,1.080206036567688,64,892,603.0904969159747
10540,1.0800557136535645,64,892,603.0904969159747
10541,1.079906940460205,64,892,603.0904969159747
10542,1.0797492265701294,64,892,603.0904969159747
10543,1.0795859098434448,64,892,603.0904969159747
10544,1.079426646232605,64,892,603.0904969159747
10545,1.079272747039795,64,892,603.0904969159747
10546,1.0791356563568115,64,892,603.0904969159747
10547,1.079006314277649,64,892,603.0904969159747
10548,1.0788679122924805,64,892,603.0904969159747
10549,1.0787570476531982,64,892,603.0904969159747
10550,1.078640341758728,64,892,603.0904969159747
10551,1.0785332918167114,64,892,603.0904969159747
10552,1.0784207582473755,64,892,603.0904969159747
10553,1.0783125162124634,64,892,603.0904969159747
10554,1.0782067775726318,64,892,603.0904969159747
10555,1.0781042575836182,64,892,603.0904969159747
10556,1.0779995918273926,64,892,603.0904969159747
10557,1.0779200792312622,64,892,603.0904969159747
10558,1.0778162479400635,64,892,603.0904969159747
10559,1.0777276754379272,64,892,603.0904969159747
10560,1.0776265859603882,64,892,603.0904969159747
10561,1.0775504112243652,64,892,603.0904969159747
10562,1.0774680376052856,64,892,603.0904969159747
10563,1.0773893594741821,64,892,603.0904969159747
10564,1.0773077011108398,64,892,603.0904969159747
10565,1.0772242546081543,64,892,603.0904969159747
10566,1.0771411657333374,64,892,603.0904969159747
10567,1.077062964439392,64,892,603.0904969159747
10568,1.0769870281219482,64,892,603.0904969159747
10569,1.0769011974334717,64,892,603.0904969159747
10570,1.0768359899520874,64,892,603.0904969159747
10571,1.0767662525177002,64,892,603.0904969159747
10572,1.0766788721084595,64,892,603.0904969159747
10573,1.0766140222549438,64,892,603.0904969159747
10574,1.076555609703064,64,892,603.0904969159747
10575,1.0764766931533813,64,892,603.0904969159747
10576,1.0764086246490479,64,892,603.0904969159747
10577,1.0763510465621948,64,892,603.0904969159747
10578,1.0762736797332764,64,892,603.0904969159747
10579,1.076210379600525,64,892,603.0904969159747
10580,1.076148271560669,64,892,603.0904969159747
10581,1.0760856866836548,64,892,603.0904969159747
10582,1.0760232210159302,64,892,603.0904969159747
10583,1.075956106185913,64,892,603.0904969159747
10584,1.0758967399597168,64,892,603.0904969159747
10585,1.0758306980133057,64,892,603.0904969159747
10586,1.0757739543914795,64,892,603.0904969159747
10587,1.075721263885498,64,892,603.0904969159747
10588,1.0756654739379883,64,892,603.0904969159747
10589,1.0756014585494995,64,892,603.0904969159747
10590,1.0755493640899658,64,892,603.0904969159747
10591,1.0755020380020142,64,892,603.0904969159747
10592,1.0754413604736328,64,892,603.0904969159747
10593,1.0753926038742065,64,892,603.0904969159747
10594,1.0753326416015625,64,892,603.0904969159747
10595,1.0752805471420288,64,892,603.0904969159747
10596,1.0752267837524414,64,892,603.0904969159747
10597,1.0751798152923584,64,892,603.0904969159747
10598,1.0751367807388306,64,892,603.0904969159747
10599,1.0750833749771118,64,892,603.0904969159747
10600,1.0750398635864258,64,892,603.0904969159747
10601,1.0749821662902832,64,892,603.0904969159747
10602,1.0749341249465942,64,892,603.0904969159747
10603,1.0748869180679321,64,892,603.0904969159747
10604,1.0748475790023804,64,892,603.0904969159747
10605,1.0748003721237183,64,892,603.0904969159747
10606,1.0747644901275635,64,892,603.0904969159747
10607,1.0747095346450806,64,892,603.0904969159747
10608,1.074666976928711,64,892,603.0904969159747
10609,1.0746251344680786,64,892,603.0904969159747
10610,1.0745755434036255,64,892,603.0904969159747
10611,1.0745371580123901,64,892,603.0904969159747
10612,1.0744917392730713,64,892,603.0904969159747
10613,1.0744402408599854,64,892,603.0904969159747
10614,1.0744001865386963,64,892,603.0904969159747
10615,1.0743534564971924,64,892,603.0904969159747
10616,1.0743108987808228,64,892,603.0904969159747
10617,1.0742697715759277,64,892,603.0904969159747
10618,1.0742160081863403,64,892,603.0904969159747
10619,1.074170708656311,64,892,603.0904969159747
10620,1.0741151571273804,64,892,603.0904969159747
10621,1.0740646123886108,64,892,603.0904969159747
10622,1.0740196704864502,64,892,603.0904969159747
10623,1.0739731788635254,64,892,603.0904969159747
10624,1.0739232301712036,64,892,603.0904969159747
10625,1.0738706588745117,64,892,603.0904969159747
10626,1.0738167762756348,64,892,603.0904969159747
10627,1.0737709999084473,64,892,603.0904969159747
10628,1.0737383365631104,64,892,603.0904969159747
10629,1.0736844539642334,64,892,603.0904969159747
10630,1.0736397504806519,64,892,603.0904969159747
10631,1.0735951662063599,64,892,603.0904969159747
10632,1.0735597610473633,64,892,603.0904969159747
10633,1.0735198259353638,64,892,603.0904969159747
10634,1.0734777450561523,64,892,603.0904969159747
10635,1.07344388961792,64,892,603.0904969159747
10636,1.0734013319015503,64,892,603.0904969159747
10637,1.073366641998291,64,892,603.0904969159747
10638,1.07333242893219,64,892,603.0904969159747
10639,1.073294997215271,64,892,603.0904969159747
10640,1.0732674598693848,64,892,603.0904969159747
10641,1.0732173919677734,64,892,603.0904969159747
10642,1.0731905698776245,64,892,603.0904969159747
10643,1.0731573104858398,64,892,603.0904969159747
10644,1.073123574256897,64,892,603.0904969159747
10645,1.0730974674224854,64,892,603.0904969159747
10646,1.073050856590271,64,892,603.0904969159747
10647,1.0730363130569458,64,892,603.0904969159747
10648,1.0730006694793701,64,892,603.0904969159747
10649,1.0729646682739258,64,892,603.0904969159747
10650,1.0729336738586426,64,892,603.0904969159747
10651,1.0729008913040161,64,892,603.0904969159747
10652,1.0728776454925537,64,892,603.0904969159747
10653,1.0728436708450317,64,892,603.0904969159747
10654,1.0728191137313843,64,892,603.0904969159747
10655,1.0727897882461548,64,892,603.0904969159747
10656,1.0727641582489014,64,892,603.0904969159747
10657,1.0727394819259644,64,892,603.0904969159747
10658,1.0727100372314453,64,892,603.0904969159747
10659,1.0726786851882935,64,892,603.0904969159747
10660,1.072651743888855,64,892,603.0904969159747
10661,1.0726252794265747,64,892,603.0904969159747
10662,1.0726044178009033,64,892,603.0904969159747
10663,1.0725700855255127,64,892,603.0904969159747
10664,1.0725536346435547,64,892,603.0904969159747
10665,1.0725266933441162,64,892,603.0904969159747
10666,1.0725042819976807,64,892,603.0904969159747
10667,1.0724754333496094,64,892,603.0904969159747
10668,1.0724451541900635,64,892,603.0904969159747
10669,1.0724265575408936,64,892,603.0904969159747
10670,1.072400450706482,64,892,603.0904969159747
10671,1.0723750591278076,64,892,603.0904969159747
10672,1.0723525285720825,64,892,603.0904969159747
10673,1.0723397731781006,64,892,603.0904969159747
10674,1.0723093748092651,64,892,603.0904969159747
10675,1.0722793340682983,64,892,603.0904969159747
10676,1.0722651481628418,64,892,603.0904969159747
10677,1.0722362995147705,64,892,603.0904969159747
10678,1.0722113847732544,64,892,603.0904969159747
10679,1.0721936225891113,64,892,603.0904969159747
10680,1.07217538356781,64,892,603.0904969159747
10681,1.0721534490585327,64,892,603.0904969159747
10682,1.0721358060836792,64,892,603.0904969159747
10683,1.0721068382263184,64,892,603.0904969159747
10684,1.0720865726470947,64,892,603.0904969159747
10685,1.0720655918121338,64,892,603.0904969159747
10686,1.0720453262329102,64,892,603.0904969159747
10687,1.0720196962356567,64,892,603.0904969159747
10688,1.0720027685165405,64,892,603.0904969159747
10689,1.0719798803329468,64,892,603.0904969159747
10690,1.0719575881958008,64,892,603.0904969159747
10691,1.0719398260116577,64,892,603.0904969159747
10692,1.0719166994094849,64,892,603.0904969159747
10693,1.071899175643921,64,892,603.0904969159747
10694,1.071879267692566,64,892,603.0904969159747
10695,1.0718636512756348,64,892,603.0904969159747
10696,1.071851372718811,64,892,603.0904969159747
10697,1.0718270540237427,64,892,603.0904969159747
10698,1.071803092956543,64,892,603.0904969159747
10699,1.0717805624008179,64,892,603.0904969159747
10700,1.0717613697052002,64,892,603.0904969159747
10701,1.0717415809631348,64,892,603.0904969159747
10702,1.0717304944992065,64,892,603.0904969159747
10703,1.0717053413391113,64,892,603.0904969159747
10704,1.0716828107833862,64,892,603.0904969159747
10705,1.0716650485992432,64,892,603.0904969159747
10706,1.071656346321106,64,892,603.0904969159747
10707,1.0716224908828735,64,892,603.0904969159747
10708,1.0716135501861572,64,892,603.0904969159747
10709,1.0715981721878052,64,892,603.0904969159747
10710,1.071577787399292,64,892,603.0904969159747
10711,1.0715609788894653,64,892,603.0904969159747
10712,1.0715464353561401,64,892,603.0904969159747
10713,1.0715185403823853,64,892,603.0904969159747
10714,1.071509599685669,64,892,603.0904969159747
10715,1.071487307548523,64,892,603.0904969159747
10716,1.071469783782959,64,892,603.0904969159747
10717,1.0714508295059204,64,892,603.0904969159747
10718,1.0714447498321533,64,892,603.0904969159747
10719,1.0714218616485596,64,892,603.0904969159747
10720,1.0714062452316284,64,892,603.0904969159747
10721,1.0713846683502197,64,892,603.0904969159747
10722,1.0713742971420288,64,892,603.0904969159747
10723,1.0713520050048828,64,892,603.0904969159747
10724,1.0713363885879517,64,892,603.0904969159747
10725,1.0713210105895996,64,892,603.0904969159747
10726,1.0713047981262207,64,892,603.0904969159747
10727,1.0712908506393433,64,892,603.0904969159747
10728,1.0712720155715942,64,892,603.0904969159747
10729,1.0712522268295288,64,892,603.0904969159747
10730,1.071239709854126,64,892,603.0904969159747
10731,1.07122802734375,64,892,603.0904969159747
10732,1.0712066888809204,64,892,603.0904969159747
10733,1.07119882106781,64,892,603.0904969159747
10734,1.0711807012557983,64,892,603.0904969159747
10735,1.0711594820022583,64,892,603.0904969159747
10736,1.0711506605148315,64,892,603.0904969159747
10737,1.071129322052002,64,892,603.0904969159747
10738,1.071110725402832,64,892,603.0904969159747
10739,1.0710992813110352,64,892,603.0904969159747
10740,1.071091651916504,64,892,603.0904969159747
10741,1.071075201034546,64,892,603.0904969159747
10742,1.0710586309432983,64,892,603.0904969159747
10743,1.0710358619689941,64,892,603.0904969159747
10744,1.071027398109436,64,892,603.0904969159747
10745,1.0710095167160034,64,892,603.0904969159747
10746,1.0709928274154663,64,892,603.0904969159747
10747,1.0709794759750366,64,892,603.0904969159747
10748,1.070974349975586,64,892,603.0904969159747
10749,1.0709563493728638,64,892,603.0904969159747
10750,1.0709311962127686,64,892,603.0904969159747
10751,1.0709282159805298,64,892,603.0904969159747
10752,1.0709141492843628,64,892,603.0904969159747
10753,1.0709022283554077,64,892,603.0904969159747
10754,1.0708880424499512,64,892,603.0904969159747
10755,1.0708646774291992,64,892,603.0904969159747
10756,1.0708537101745605,64,892,603.0904969159747
10757,1.070846676826477,64,892,603.0904969159747
10758,1.0708255767822266,64,892,603.0904969159747
10759,1.0708080530166626,64,892,603.0904969159747
10760,1.0708025693893433,64,892,603.0904969159747
10761,1.0707887411117554,64,892,603.0904969159747
10762,1.0707721710205078,64,892,603.0904969159747
10763,1.0707570314407349,64,892,603.0904969159747
10764,1.0707541704177856,64,892,603.0904969159747
10765,1.0707340240478516,64,892,603.0904969159747
10766,1.070723533630371,64,892,603.0904969159747
10767,1.0707155466079712,64,892,603.0904969159747
10768,1.0706895589828491,64,892,603.0904969159747
10769,1.0706863403320312,64,892,603.0904969159747
10770,1.0706617832183838,64,892,603.0904969159747
10771,1.0706570148468018,64,892,603.0904969159747
10772,1.0706486701965332,64,892,603.0904969159747
10773,1.070632815361023,64,892,603.0904969159747
10774,1.070618987083435,64,892,603.0904969159747
10775,1.0706043243408203,64,892,603.0904969159747
10776,1.07059907913208,64,892,603.0904969159747
10777,1.0705806016921997,64,892,603.0904969159747
10778,1.070574164390564,64,892,603.0904969159747
10779,1.0705560445785522,64,892,603.0904969159747
10780,1.0705387592315674,64,892,603.0904969159747
10781,1.0705339908599854,64,892,603.0904969159747
10782,1.0705244541168213,64,892,603.0904969159747
10783,1.0705044269561768,64,892,603.0904969159747
10784,1.0705010890960693,64,892,603.0904969159747
10785,1.070481538772583,64,892,603.0904969159747
10786,1.070476770401001,64,892,603.0904969159747
10787,1.0704642534255981,64,892,603.0904969159747
10788,1.070449709892273,64,892,603.0904969159747
10789,1.0704381465911865,64,892,603.0904969159747
10790,1.0704342126846313,64,892,603.0904969159747
10791,1.0704184770584106,64,892,603.0904969159747
10792,1.0704007148742676,64,892,603.0904969159747
10793,1.0703867673873901,64,892,603.0904969159747
10794,1.0703823566436768,64,892,603.0904969159747
10795,1.070370078086853,64,892,603.0904969159747
10796,1.0703604221343994,64,892,603.0904969159747
10797,1.070349931716919,64,892,603.0904969159747
10798,1.0703305006027222,64,892,603.0904969159747
10799,1.0703195333480835,64,892,603.0904969159747
10800,1.0703152418136597,64,892,603.0904969159747
10801,1.0702993869781494,64,892,603.0904969159747
10802,1.0702892541885376,64,892,603.0904969159747
10803,1.0702755451202393,64,892,603.0904969159747
10804,1.0702643394470215,64,892,603.0904969159747
10805,1.0702509880065918,64,892,603.0904969159747
10806,1.0702507495880127,64,892,603.0904969159747
10807,1.070231318473816,64,892,603.0904969159747
10808,1.070222020149231,64,892,603.0904969159747
10809,1.0702146291732788,64,892,603.0904969159747
10810,1.0702000856399536,64,892,603.0904969159747
10811,1.0701916217803955,64,892,603.0904969159747
10812,1.0701769590377808,64,892,603.0904969159747
10813,1.070174217224121,64,892,603.0904969159747
10814,1.0701584815979004,64,892,603.0904969159747
10815,1.0701463222503662,64,892,603.0904969159747
10816,1.0701382160186768,64,892,603.0904969159747
10817,1.0701260566711426,64,892,603.0904969159747
10818,1.070117712020874,64,892,603.0904969159747
10819,1.0701109170913696,64,892,603.0904969159747
10820,1.070094347000122,64,892,603.0904969159747
10821,1.0700865983963013,64,892,603.0904969159747
10822,1.070069670677185,64,892,603.0904969159747
10823,1.0700722932815552,64,892,603.0904969159747
10824,1.0700520277023315,64,892,603.0904969159747
10825,1.0700464248657227,64,892,603.0904969159747
10826,1.070040225982666,64,892,603.0904969159747
10827,1.0700297355651855,64,892,603.0904969159747
10828,1.0700228214263916,64,892,603.0904969159747
10829,1.0700128078460693,64,892,603.0904969159747
10830,1.0699994564056396,64,892,603.0904969159747
10831,1.0699909925460815,64,892,603.0904969159747
10832,1.0699721574783325,64,892,603.0904969159747
10833,1.069962501525879,64,892,603.0904969159747
10834,1.0699617862701416,64,892,603.0904969159747
10835,1.069946527481079,64,892,603.0904969159747
10836,1.069940209388733,64,892,603.0904969159747
10837,1.0699303150177002,64,892,603.0904969159747
10838,1.0699224472045898,64,892,603.0904969159747
10839,1.069912075996399,64,892,603.0904969159747
10840,1.069902777671814,64,892,603.0904969159747
10841,1.0698953866958618,64,892,603.0904969159747
10842,1.0698868036270142,64,892,603.0904969159747
10843,1.0698777437210083,64,892,603.0904969159747
10844,1.0698702335357666,64,892,603.0904969159747
10845,1.069862961769104,64,892,603.0904969159747
10846,1.0698556900024414,64,892,603.0904969159747
10847,1.0698388814926147,64,892,603.0904969159747
10848,1.0698387622833252,64,892,603.0904969159747
10849,1.0698217153549194,64,892,603.0904969159747
10850,1.069810390472412,64,892,603.0904969159747
10851,1.069799780845642,64,892,603.0904969159747
10852,1.069793939590454,64,892,603.0904969159747
10853,1.069786548614502,64,892,603.0904969159747
10854,1.0697762966156006,64,892,603.0904969159747
10855,1.0697695016860962,64,892,603.0904969159747
10856,1.0697617530822754,64,892,603.0904969159747
10857,1.069757342338562,64,892,603.0904969159747
10858,1.069748044013977,64,892,603.0904969159747
10859,1.069728136062622,64,892,603.0904969159747
10860,1.0697294473648071,64,892,603.0904969159747
10861,1.0697146654129028,64,892,603.0904969159747
10862,1.0697143077850342,64,892,603.0904969159747
10863,1.0696964263916016,64,892,603.0904969159747
10864,1.0696890354156494,64,892,603.0904969159747
10865,1.0696797370910645,64,892,603.0904969159747
10866,1.0696762800216675,64,892,603.0904969159747
10867,1.0696678161621094,64,892,603.0904969159747
10868,1.0696561336517334,64,892,603.0904969159747
10869,1.0696492195129395,64,892,603.0904969159747
10870,1.069635272026062,64,892,603.0904969159747
10871,1.069632649421692,64,892,603.0904969159747
10872,1.0696194171905518,64,892,603.0904969159747
10873,1.0696191787719727,64,892,603.0904969159747
10874,1.0696048736572266,64,892,603.0904969159747
10875,1.0696020126342773,64,892,603.0904969159747
10876,1.069585919380188,64,892,603.0904969159747
10877,1.0695849657058716,64,892,603.0904969159747
10878,1.069583773612976,64,892,603.0904969159747
10879,1.0695686340332031,64,892,603.0904969159747
10880,1.0695632696151733,64,892,603.0904969159747
10881,1.06955087184906,64,892,603.0904969159747
10882,1.0695408582687378,64,892,603.0904969159747
10883,1.0695393085479736,64,892,603.0904969159747
10884,1.06952702999115,64,892,603.0904969159747
10885,1.0695242881774902,64,892,603.0904969159747
10886,1.0695176124572754,64,892,603.0904969159747
10887,1.069506287574768,64,892,603.0904969159747
10888,1.0694966316223145,64,892,603.0904969159747
10889,1.0694953203201294,64,892,603.0904969159747
10890,1.0694844722747803,64,892,603.0904969159747
10891,1.06947660446167,64,892,603.0904969159747
10892,1.0694632530212402,64,892,603.0904969159747
10893,1.069456696510315,64,892,603.0904969159747
10894,1.0694584846496582,64,892,603.0904969159747
10895,1.069440484046936,64,892,603.0904969159747
10896,1.0694386959075928,64,892,603.0904969159747
10897,1.0694317817687988,64,892,603.0904969159747
10898,1.069410800933838,64,892,603.0904969159747
10899,1.0694140195846558,64,892,603.0904969159747
10900,1.0694057941436768,64,892,603.0904969159747
10901,1.0693943500518799,64,892,603.0904969159747
10902,1.0693879127502441,64,892,603.0904969159747
10903,1.069378137588501,64,892,603.0904969159747
10904,1.0693764686584473,64,892,603.0904969159747
10905,1.0693680047988892,64,892,603.0904969159747
10906,1.0693683624267578,64,892,603.0904969159747
10907,1.069350004196167,64,892,603.0904969159747
10908,1.0693483352661133,64,892,603.0904969159747
10909,1.0693368911743164,64,892,603.0904969159747
10910,1.0693360567092896,64,892,603.0904969159747
10911,1.0693224668502808,64,892,603.0904969159747
10912,1.0693094730377197,64,892,603.0904969159747
10913,1.0693098306655884,64,892,603.0904969159747
10914,1.06930410861969,64,892,603.0904969159747
10915,1.0692975521087646,64,892,603.0904969159747
10916,1.0692908763885498,64,892,603.0904969159747
10917,1.0692830085754395,64,892,603.0904969159747
10918,1.069276213645935,64,892,603.0904969159747
10919,1.0692713260650635,64,892,603.0904969159747
10920,1.0692641735076904,64,892,603.0904969159747
10921,1.0692548751831055,64,892,603.0904969159747
10922,1.0692492723464966,64,892,603.0904969159747
10923,1.0692476034164429,64,892,603.0904969159747
10924,1.0692379474639893,64,892,603.0904969159747
10925,1.0692275762557983,64,892,603.0904969159747
10926,1.0692172050476074,64,892,603.0904969159747
10927,1.0692236423492432,64,892,603.0904969159747
10928,1.0692110061645508,64,892,603.0904969159747
10929,1.0692005157470703,64,892,603.0904969159747
10930,1.069197177886963,64,892,603.0904969159747
10931,1.0691896677017212,64,892,603.0904969159747
10932,1.0691826343536377,64,892,603.0904969159747
10933,1.069176435470581,64,892,603.0904969159747
10934,1.069175362586975,64,892,603.0904969159747
10935,1.069162130355835,64,892,603.0904969159747
10936,1.0691556930541992,64,892,603.0904969159747
10937,1.0691502094268799,64,892,603.0904969159747
10938,1.0691499710083008,64,892,603.0904969159747
10939,1.0691319704055786,64,892,603.0904969159747
10940,1.0691306591033936,64,892,603.0904969159747
10941,1.0691243410110474,64,892,603.0904969159747
10942,1.0691198110580444,64,892,603.0904969159747
10943,1.0691044330596924,64,892,603.0904969159747
10944,1.069098949432373,64,892,603.0904969159747
10945,1.069095253944397,64,892,603.0904969159747
10946,1.069092035293579,64,892,603.0904969159747
10947,1.0690842866897583,64,892,603.0904969159747
10948,1.0690827369689941,64,892,603.0904969159747
10949,1.06907320022583,64,892,603.0904969159747
10950,1.0690622329711914,64,892,603.0904969159747
10951,1.0690587759017944,64,892,603.0904969159747
10952,1.0690529346466064,64,892,603.0904969159747
10953,1.0690412521362305,64,892,603.0904969159747
10954,1.0690412521362305,64,892,603.0904969159747
10955,1.0690317153930664,64,892,603.0904969159747
10956,1.0690253973007202,64,892,603.0904969159747
10957,1.0690218210220337,64,892,603.0904969159747
10958,1.0690226554870605,64,892,603.0904969159747
10959,1.0690064430236816,64,892,603.0904969159747
10960,1.0690065622329712,64,892,603.0904969159747
10961,1.068994402885437,64,892,603.0904969159747
10962,1.06899893283844,64,892,603.0904969159747
10963,1.0689849853515625,64,892,603.0904969159747
10964,1.0689774751663208,64,892,603.0904969159747
10965,1.0689810514450073,64,892,603.0904969159747
10966,1.0689657926559448,64,892,603.0904969159747
10967,1.0689584016799927,64,892,603.0904969159747
10968,1.0689547061920166,64,892,603.0904969159747
10969,1.0689529180526733,64,892,603.0904969159747
10970,1.0689473152160645,64,892,603.0904969159747
10971,1.0689376592636108,64,892,603.0904969159747
10972,1.0689283609390259,64,892,603.0904969159747
10973,1.0689247846603394,64,892,603.0904969159747
10974,1.0689194202423096,64,892,603.0904969159747
10975,1.068917155265808,64,892,603.0904969159747
10976,1.068912386894226,64,892,603.0904969159747
10977,1.0689022541046143,64,892,603.0904969159747
10978,1.0689032077789307,64,892,603.0904969159747
10979,1.068887710571289,64,892,603.0904969159747
10980,1.0688899755477905,64,892,603.0904969159747
10981,1.0688767433166504,64,892,603.0904969159747
10982,1.0688742399215698,64,892,603.0904969159747
10983,1.0688689947128296,64,892,603.0904969159747
10984,1.0688613653182983,64,892,603.0904969159747
10985,1.0688586235046387,64,892,603.0904969159747
10986,1.0688499212265015,64,892,603.0904969159747
10987,1.068840742111206,64,892,603.0904969159747
10988,1.0688358545303345,64,892,603.0904969159747
10989,1.0688378810882568,64,892,603.0904969159747
10990,1.0688263177871704,64,892,603.0904969159747
10991,1.0688261985778809,64,892,603.0904969159747
10992,1.0688236951828003,64,892,603.0904969159747
10993,1.0688128471374512,64,892,603.0904969159747
10994,1.0688121318817139,64,892,603.0904969159747
10995,1.0688000917434692,64,892,603.0904969159747
10996,1.0687956809997559,64,892,603.0904969159747
10997,1.0687934160232544,64,892,603.0904969159747
10998,1.0687845945358276,64,892,603.0904969159747
10999,1.0687764883041382,64,892,603.0904969159747
11000,1.0687767267227173,64,892,603.0904969159747
11001,1.0687748193740845,64,892,603.0904969159747
11002,1.0687634944915771,64,892,603.0904969159747
11003,1.0687646865844727,64,892,603.0904969159747
11004,1.068758487701416,64,892,603.0904969159747
11005,1.0687565803527832,64,892,603.0904969159747
11006,1.0687421560287476,64,892,603.0904969159747
11007,1.0687435865402222,64,892,603.0904969159747
11008,1.0687391757965088,64,892,603.0904969159747
11009,1.068730354309082,64,892,603.0904969159747
11010,1.0687216520309448,64,892,603.0904969159747
11011,1.068721055984497,64,892,603.0904969159747
11012,1.0687142610549927,64,892,603.0904969159747
11013,1.0687114000320435,64,892,603.0904969159747
11014,1.0687114000320435,64,892,603.0904969159747
11015,1.068703055381775,64,892,603.0904969159747
11016,1.0686917304992676,64,892,603.0904969159747
11017,1.0686906576156616,64,892,603.0904969159747
11018,1.068687081336975,64,892,603.0904969159747
11019,1.0686818361282349,64,892,603.0904969159747
11020,1.0686815977096558,64,892,603.0904969159747
11021,1.068669319152832,64,892,603.0904969159747
11022,1.0686602592468262,64,892,603.0904969159747
11023,1.0686625242233276,64,892,603.0904969159747
11024,1.068652629852295,64,892,603.0904969159747
11025,1.0686469078063965,64,892,603.0904969159747
11026,1.0686453580856323,64,892,603.0904969159747
11027,1.0686472654342651,64,892,603.0904969159747
11028,1.0686393976211548,64,892,603.0904969159747
11029,1.0686274766921997,64,892,603.0904969159747
11030,1.068626046180725,64,892,603.0904969159747
11031,1.0686259269714355,64,892,603.0904969159747
11032,1.0686107873916626,64,892,603.0904969159747
11033,1.0685981512069702,64,892,603.0904969159747
11034,1.068603754043579,64,892,603.0904969159747
11035,1.068604826927185,64,892,603.0904969159747
11036,1.0685904026031494,64,892,603.0904969159747
11037,1.0685927867889404,64,892,603.0904969159747
11038,1.0685867071151733,64,892,603.0904969159747
11039,1.068585991859436,64,892,603.0904969159747
11040,1.0685774087905884,64,892,603.0904969159747
11041,1.068579077720642,64,892,603.0904969159747
11042,1.0685656070709229,64,892,603.0904969159747
11043,1.0685631036758423,64,892,603.0904969159747
11044,1.0685609579086304,64,892,603.0904969159747
11045,1.068555235862732,64,892,603.0904969159747
11046,1.068548321723938,64,892,603.0904969159747
11047,1.0685477256774902,64,892,603.0904969159747
11048,1.0685319900512695,64,892,603.0904969159747
11049,1.0685302019119263,64,892,603.0904969159747
11050,1.0685330629348755,64,892,603.0904969159747
11051,1.0685245990753174,64,892,603.0904969159747
11052,1.068519949913025,64,892,603.0904969159747
11053,1.0685182809829712,64,892,603.0904969159747
11054,1.0685200691223145,64,892,603.0904969159747
11055,1.0685086250305176,64,892,603.0904969159747
11056,1.0685007572174072,64,892,603.0904969159747
11057,1.06849205493927,64,892,603.0904969159747
11058,1.0684893131256104,64,892,603.0904969159747
11059,1.068483591079712,64,892,603.0904969159747
11060,1.0684950351715088,64,892,603.0904969159747
11061,1.068477988243103,64,892,603.0904969159747
11062,1.0684672594070435,64,892,603.0904969159747
11063,1.0684746503829956,64,892,603.0904969159747
11064,1.0684714317321777,64,892,603.0904969159747
11065,1.0684607028961182,64,892,603.0904969159747
11066,1.068458080291748,64,892,603.0904969159747
11067,1.0684565305709839,64,892,603.0904969159747
11068,1.068447470664978,64,892,603.0904969159747
11069,1.068453073501587,64,892,603.0904969159747
11070,1.0684466361999512,64,892,603.0904969159747
11071,1.06843900680542,64,892,603.0904969159747
11072,1.0684306621551514,64,892,603.0904969159747
11073,1.0684345960617065,64,892,603.0904969159747
11074,1.0684301853179932,64,892,603.0904969159747
11075,1.068421483039856,64,892,603.0904969159747
11076,1.0684051513671875,64,892,603.0904969159747
11077,1.0684096813201904,64,892,603.0904969159747
11078,1.0684057474136353,64,892,603.0904969159747
11079,1.0683964490890503,64,892,603.0904969159747
11080,1.06840181350708,64,892,603.0904969159747
11081,1.0683969259262085,64,892,603.0904969159747
11082,1.0683954954147339,64,892,603.0904969159747
11083,1.0683834552764893,64,892,603.0904969159747
11084,1.0683845281600952,64,892,603.0904969159747
11085,1.0683808326721191,64,892,603.0904969159747
11086,1.068371295928955,64,892,603.0904969159747
11087,1.0683714151382446,64,892,603.0904969159747
11088,1.06836998462677,64,892,603.0904969159747
11089,1.0683513879776,64,892,603.0904969159747
11090,1.0683579444885254,64,892,603.0904969159747
11091,1.0683482885360718,64,892,603.0904969159747
11092,1.0683481693267822,64,892,603.0904969159747
11093,1.0683424472808838,64,892,603.0904969159747
11094,1.068337082862854,64,892,603.0904969159747
11095,1.0683331489562988,64,892,603.0904969159747
11096,1.0683319568634033,64,892,603.0904969159747
11097,1.068325161933899,64,892,603.0904969159747
11098,1.0683155059814453,64,892,603.0904969159747
11099,1.0683178901672363,64,892,603.0904969159747
11100,1.0683133602142334,64,892,603.0904969159747
11101,1.068307638168335,64,892,603.0904969159747
11102,1.0683109760284424,64,892,603.0904969159747
11103,1.0682947635650635,64,892,603.0904969159747
11104,1.068293809890747,64,892,603.0904969159747
11105,1.0682892799377441,64,892,603.0904969159747
11106,1.0682874917984009,64,892,603.0904969159747
11107,1.0682891607284546,64,892,603.0904969159747
11108,1.068283200263977,64,892,603.0904969159747
11109,1.0682759284973145,64,892,603.0904969159747
11110,1.0682674646377563,64,892,603.0904969159747
11111,1.0682716369628906,64,892,603.0904969159747
11112,1.0682648420333862,64,892,603.0904969159747
11113,1.0682508945465088,64,892,603.0904969159747
11114,1.0682551860809326,64,892,603.0904969159747
11115,1.0682544708251953,64,892,603.0904969159747
11116,1.0682517290115356,64,892,603.0904969159747
11117,1.0682436227798462,64,892,603.0904969159747
11118,1.0682393312454224,64,892,603.0904969159747
11119,1.0682319402694702,64,892,603.0904969159747
11120,1.0682313442230225,64,892,603.0904969159747
11121,1.0682258605957031,64,892,603.0904969159747
11122,1.0682193040847778,64,892,603.0904969159747
11123,1.0682176351547241,64,892,603.0904969159747
11124,1.068219542503357,64,892,603.0904969159747
11125,1.0682096481323242,64,892,603.0904969159747
11126,1.068211317062378,64,892,603.0904969159747
11127,1.0682058334350586,64,892,603.0904969159747
11128,1.0682034492492676,64,892,603.0904969159747
11129,1.0681966543197632,64,892,603.0904969159747
11130,1.0681980848312378,64,892,603.0904969159747
11131,1.0681941509246826,64,892,603.0904969159747
11132,1.0681921243667603,64,892,603.0904969159747
11133,1.068185806274414,64,892,603.0904969159747
11134,1.068176031112671,64,892,603.0904969159747
11135,1.068171501159668,64,892,603.0904969159747
11136,1.0681731700897217,64,892,603.0904969159747
11137,1.0681716203689575,64,892,603.0904969159747
11138,1.0681670904159546,64,892,603.0904969159747
11139,1.0681644678115845,64,892,603.0904969159747
11140,1.068159818649292,64,892,603.0904969159747
11141,1.0681521892547607,64,892,603.0904969159747
11142,1.0681476593017578,64,892,603.0904969159747
11143,1.0681411027908325,64,892,603.0904969159747
11144,1.068139672279358,64,892,603.0904969159747
11145,1.0681363344192505,64,892,603.0904969159747
11146,1.06813383102417,64,892,603.0904969159747
11147,1.0681332349777222,64,892,603.0904969159747
11148,1.0681254863739014,64,892,603.0904969159747
11149,1.0681275129318237,64,892,603.0904969159747
11150,1.0681252479553223,64,892,603.0904969159747
11151,1.0681174993515015,64,892,603.0904969159747
11152,1.0681170225143433,64,892,603.0904969159747
11153,1.0681121349334717,64,892,603.0904969159747
11154,1.0681089162826538,64,892,603.0904969159747
11155,1.0681103467941284,64,892,603.0904969159747
11156,1.0680993795394897,64,892,603.0904969159747
11157,1.0680968761444092,64,892,603.0904969159747
11158,1.0680897235870361,64,892,603.0904969159747
11159,1.0680859088897705,64,892,603.0904969159747
11160,1.068090558052063,64,892,603.0904969159747
11161,1.0680848360061646,64,892,603.0904969159747
11162,1.068078875541687,64,892,603.0904969159747
11163,1.0680769681930542,64,892,603.0904969159747
11164,1.0680789947509766,64,892,603.0904969159747
11165,1.0680663585662842,64,892,603.0904969159747
11166,1.0680664777755737,64,892,603.0904969159747
11167,1.068058967590332,64,892,603.0904969159747
11168,1.0680617094039917,64,892,603.0904969159747
11169,1.0680574178695679,64,892,603.0904969159747
11170,1.068053126335144,64,892,603.0904969159747
11171,1.0680454969406128,64,892,603.0904969159747
11172,1.0680413246154785,64,892,603.0904969159747
11173,1.0680445432662964,64,892,603.0904969159747
11174,1.068044900894165,64,892,603.0904969159747
11175,1.0680382251739502,64,892,603.0904969159747
11176,1.0680370330810547,64,892,603.0904969159747
11177,1.068024754524231,64,892,603.0904969159747
11178,1.0680210590362549,64,892,603.0904969159747
11179,1.0680251121520996,64,892,603.0904969159747
11180,1.0680296421051025,64,892,603.0904969159747
11181,1.0680162906646729,64,892,603.0904969159747
11182,1.06801438331604,64,892,603.0904969159747
11183,1.068007230758667,64,892,603.0904969159747
11184,1.0680043697357178,64,892,603.0904969159747
11185,1.0680022239685059,64,892,603.0904969159747
11186,1.0679962635040283,64,892,603.0904969159747
11187,1.0679917335510254,64,892,603.0904969159747
11188,1.0679931640625,64,892,603.0904969159747
11189,1.0679967403411865,64,892,603.0904969159747
11190,1.0679882764816284,64,892,603.0904969159747
11191,1.0679823160171509,64,892,603.0904969159747
11192,1.067976951599121,64,892,603.0904969159747
11193,1.0679717063903809,64,892,603.0904969159747
11194,1.067976474761963,64,892,603.0904969159747
11195,1.067962408065796,64,892,603.0904969159747
11196,1.0679606199264526,64,892,603.0904969159747
11197,1.0679620504379272,64,892,603.0904969159747
11198,1.0679641962051392,64,892,603.0904969159747
11199,1.067960500717163,64,892,603.0904969159747
11200,1.0679588317871094,64,892,603.0904969159747
11201,1.067943811416626,64,892,603.0904969159747
11202,1.067950963973999,64,892,603.0904969159747
11203,1.0679397583007812,64,892,603.0904969159747
11204,1.067936897277832,64,892,603.0904969159747
11205,1.0679417848587036,64,892,603.0904969159747
11206,1.0679339170455933,64,892,603.0904969159747
11207,1.067933440208435,64,892,603.0904969159747
11208,1.067935585975647,64,892,603.0904969159747
11209,1.0679230690002441,64,892,603.0904969159747
11210,1.0679171085357666,64,892,603.0904969159747
11211,1.0679181814193726,64,892,603.0904969159747
11212,1.0679229497909546,64,892,603.0904969159747
11213,1.0679121017456055,64,892,603.0904969159747
11214,1.0679131746292114,64,892,603.0904969159747
11215,1.0679081678390503,64,892,603.0904969159747
11216,1.0679014921188354,64,892,603.0904969159747
11217,1.0678997039794922,64,892,603.0904969159747
11218,1.067901849746704,64,892,603.0904969159747
11219,1.067889928817749,64,892,603.0904969159747
11220,1.0678948163986206,64,892,603.0904969159747
11221,1.0678893327713013,64,892,603.0904969159747
11222,1.0678822994232178,64,892,603.0904969159747
11223,1.0678836107254028,64,892,603.0904969159747
11224,1.0678799152374268,64,892,603.0904969159747
11225,1.0678762197494507,64,892,603.0904969159747
11226,1.0678749084472656,64,892,603.0904969159747
11227,1.0678701400756836,64,892,603.0904969159747
11228,1.0678683519363403,64,892,603.0904969159747
11229,1.0678610801696777,64,892,603.0904969159747
11230,1.06786048412323,64,892,603.0904969159747
11231,1.067862868309021,64,892,603.0904969159747
11232,1.0678563117980957,64,892,603.0904969159747
11233,1.0678504705429077,64,892,603.0904969159747
11234,1.067850112915039,64,892,603.0904969159747
11235,1.0678455829620361,64,892,603.0904969159747
11236,1.0678393840789795,64,892,603.0904969159747
11237,1.0678355693817139,64,892,603.0904969159747
11238,1.0678369998931885,64,892,603.0904969159747
11239,1.067828893661499,64,892,603.0904969159747
11240,1.067826509475708,64,892,603.0904969159747
11241,1.0678210258483887,64,892,603.0904969159747
11242,1.0678300857543945,64,892,603.0904969159747
11243,1.067824363708496,64,892,603.0904969159747
11244,1.0678149461746216,64,892,603.0904969159747
11245,1.0678094625473022,64,892,603.0904969159747
11246,1.0678150653839111,64,892,603.0904969159747
11247,1.0678099393844604,64,892,603.0904969159747
11248,1.0678017139434814,64,892,603.0904969159747
11249,1.0678026676177979,64,892,603.0904969159747
11250,1.067797064781189,64,892,603.0904969159747
11251,1.067797303199768,64,892,603.0904969159747
11252,1.067798376083374,64,892,603.0904969159747
11253,1.0677945613861084,64,892,603.0904969159747
11254,1.0677884817123413,64,892,603.0904969159747
11255,1.0677860975265503,64,892,603.0904969159747
11256,1.0677820444107056,64,892,603.0904969159747
11257,1.0677827596664429,64,892,603.0904969159747
11258,1.0677701234817505,64,892,603.0904969159747
11259,1.0677683353424072,64,892,603.0904969159747
11260,1.0677707195281982,64,892,603.0904969159747
11261,1.0677627325057983,64,892,603.0904969159747
11262,1.067764401435852,64,892,603.0904969159747
11263,1.0677655935287476,64,892,603.0904969159747
11264,1.0677571296691895,64,892,603.0904969159747
11265,1.0677584409713745,64,892,603.0904969159747
11266,1.067754864692688,64,892,603.0904969159747
11267,1.0677573680877686,64,892,603.0904969159747
11268,1.0677435398101807,64,892,603.0904969159747
11269,1.0677461624145508,64,892,603.0904969159747
11270,1.0677495002746582,64,892,603.0904969159747
11271,1.0677446126937866,64,892,603.0904969159747
11272,1.067739486694336,64,892,603.0904969159747
11273,1.067732572555542,64,892,603.0904969159747
11274,1.0677316188812256,64,892,603.0904969159747
11275,1.067728877067566,64,892,603.0904969159747
11276,1.0677295923233032,64,892,603.0904969159747
11277,1.0677175521850586,64,892,603.0904969159747
11278,1.0677120685577393,64,892,603.0904969159747
11279,1.067724585533142,64,892,603.0904969159747
11280,1.0677229166030884,64,892,603.0904969159747
11281,1.0677114725112915,64,892,603.0904969159747
11282,1.0677108764648438,64,892,603.0904969159747
11283,1.067714810371399,64,892,603.0904969159747
11284,1.0677032470703125,64,892,603.0904969159747
11285,1.067702054977417,64,892,603.0904969159747
11286,1.0676994323730469,64,892,603.0904969159747
11287,1.0676970481872559,64,892,603.0904969159747
11288,1.0676970481872559,64,892,603.0904969159747
11289,1.067691683769226,64,892,603.0904969159747
11290,1.0676991939544678,64,892,603.0904969159747
11291,1.0676803588867188,64,892,603.0904969159747
11292,1.067683219909668,64,892,603.0904969159747
11293,1.0676827430725098,64,892,603.0904969159747
11294,1.0676820278167725,64,892,603.0904969159747
11295,1.0676827430725098,64,892,603.0904969159747
11296,1.0676770210266113,64,892,603.0904969159747
11297,1.06766939163208,64,892,603.0904969159747
11298,1.0676742792129517,64,892,603.0904969159747
11299,1.0676623582839966,64,892,603.0904969159747
11300,1.067665934562683,64,892,603.0904969159747
11301,1.0676528215408325,64,892,603.0904969159747
11302,1.0676579475402832,64,892,603.0904969159747
11303,1.067655086517334,64,892,603.0904969159747
11304,1.0676501989364624,64,892,603.0904969159747
11305,1.0676465034484863,64,892,603.0904969159747
11306,1.0676401853561401,64,892,603.0904969159747
11307,1.067647099494934,64,892,603.0904969159747
11308,1.0676465034484863,64,892,603.0904969159747
11309,1.0676426887512207,64,892,603.0904969159747
11310,1.0676380395889282,64,892,603.0904969159747
11311,1.0676361322402954,64,892,603.0904969159747
11312,1.0676326751708984,64,892,603.0904969159747
11313,1.067622184753418,64,892,603.0904969159747
11314,1.0676310062408447,64,892,603.0904969159747
11315,1.067624568939209,64,892,603.0904969159747
11316,1.0676233768463135,64,892,603.0904969159747
11317,1.0676203966140747,64,892,603.0904969159747
11318,1.0676106214523315,64,892,603.0904969159747
11319,1.0676109790802002,64,892,603.0904969159747
11320,1.0676045417785645,64,892,603.0904969159747
11321,1.0676065683364868,64,892,603.0904969159747
11322,1.067607045173645,64,892,603.0904969159747
11323,1.0676082372665405,64,892,603.0904969159747
11324,1.067599892616272,64,892,603.0904969159747
11325,1.0676041841506958,64,892,603.0904969159747
11326,1.0675899982452393,64,892,603.0904969159747
11327,1.0675932168960571,64,892,603.0904969159747
11328,1.0675883293151855,64,892,603.0904969159747
11329,1.0675811767578125,64,892,603.0904969159747
11330,1.0675837993621826,64,892,603.0904969159747
11331,1.0675774812698364,64,892,603.0904969159747
11332,1.0675783157348633,64,892,603.0904969159747
11333,1.067576289176941,64,892,603.0904969159747
11334,1.0675688982009888,64,892,603.0904969159747
11335,1.0675792694091797,64,892,603.0904969159747
11336,1.0675694942474365,64,892,603.0904969159747
11337,1.067567229270935,64,892,603.0904969159747
11338,1.0675642490386963,64,892,603.0904969159747
11339,1.0675604343414307,64,892,603.0904969159747
11340,1.0675581693649292,64,892,603.0904969159747
11341,1.0675609111785889,64,892,603.0904969159747
11342,1.0675551891326904,64,892,603.0904969159747
11343,1.067553162574768,64,892,603.0904969159747
11344,1.0675513744354248,64,892,603.0904969159747
11345,1.0675498247146606,64,892,603.0904969159747
11346,1.0675444602966309,64,892,603.0904969159747
11347,1.0675441026687622,64,892,603.0904969159747
11348,1.067541241645813,64,892,603.0904969159747
11349,1.067540168762207,64,892,603.0904969159747
11350,1.0675400495529175,64,892,603.0904969159747
11351,1.06753671169281,64,892,603.0904969159747
11352,1.0675315856933594,64,892,603.0904969159747
11353,1.067533254623413,64,892,603.0904969159747
11354,1.0675309896469116,64,892,603.0904969159747
11355,1.0675238370895386,64,892,603.0904969159747
11356,1.0675225257873535,64,892,603.0904969159747
11357,1.067520260810852,64,892,603.0904969159747
11358,1.0675166845321655,64,892,603.0904969159747
11359,1.0675121545791626,64,892,603.0904969159747
11360,1.0675216913223267,64,892,603.0904969159747
11361,1.0675216913223267,64,892,603.0904969159747
11362,1.0675135850906372,64,892,603.0904969159747
11363,1.0675063133239746,64,892,603.0904969159747
11364,1.0675106048583984,64,892,603.0904969159747
11365,1.0675052404403687,64,892,603.0904969159747
11366,1.0675063133239746,64,892,603.0904969159747
11367,1.0675002336502075,64,892,603.0904969159747
11368,1.0675054788589478,64,892,603.0904969159747
11369,1.067494511604309,64,892,603.0904969159747
11370,1.0674993991851807,64,892,603.0904969159747
11371,1.0674915313720703,64,892,603.0904969159747
11372,1.0674901008605957,64,892,603.0904969159747
11373,1.067483901977539,64,892,603.0904969159747
11374,1.0674762725830078,64,892,603.0904969159747
11375,1.0674883127212524,64,892,603.0904969159747
11376,1.0674793720245361,64,892,603.0904969159747
11377,1.0674786567687988,64,892,603.0904969159747
11378,1.0674794912338257,64,892,603.0904969159747
11379,1.0674726963043213,64,892,603.0904969159747
11380,1.0674784183502197,64,892,603.0904969159747
11381,1.0674684047698975,64,892,603.0904969159747
11382,1.0674675703048706,64,892,603.0904969159747
11383,1.0674656629562378,64,892,603.0904969159747
11384,1.0674551725387573,64,892,603.0904969159747
11385,1.067451000213623,64,892,603.0904969159747
11386,1.0674570798873901,64,892,603.0904969159747
11387,1.0674540996551514,64,892,603.0904969159747
11388,1.0674585103988647,64,892,603.0904969159747
11389,1.0674513578414917,64,892,603.0904969159747
11390,1.0674498081207275,64,892,603.0904969159747
11391,1.067441701889038,64,892,603.0904969159747
11392,1.0674490928649902,64,892,603.0904969159747
11393,1.0674418210983276,64,892,603.0904969159747
11394,1.0674346685409546,64,892,603.0904969159747
11395,1.0674394369125366,64,892,603.0904969159747
11396,1.0674365758895874,64,892,603.0904969159747
11397,1.0674264430999756,64,892,603.0904969159747
11398,1.0674316883087158,64,892,603.0904969159747
11399,1.0674327611923218,64,892,603.0904969159747
11400,1.0674296617507935,64,892,603.0904969159747
11401,1.0674195289611816,64,892,603.0904969159747
11402,1.067421555519104,64,892,603.0904969159747
11403,1.0674164295196533,64,892,603.0904969159747
11404,1.0674104690551758,64,892,603.0904969159747
11405,1.0674138069152832,64,892,603.0904969159747
11406,1.0674121379852295,64,892,603.0904969159747
11407,1.0674045085906982,64,892,603.0904969159747
11408,1.06740403175354,64,892,603.0904969159747
11409,1.0674011707305908,64,892,603.0904969159747
11410,1.0674033164978027,64,892,603.0904969159747
11411,1.0674004554748535,64,892,603.0904969159747
11412,1.0673985481262207,64,892,603.0904969159747
11413,1.0673842430114746,64,892,603.0904969159747
11414,1.0673972368240356,64,892,603.0904969159747
11415,1.067388892173767,64,892,603.0904969159747
11416,1.0673946142196655,64,892,603.0904969159747
11417,1.067391037940979,64,892,603.0904969159747
11418,1.0673828125,64,892,603.0904969159747
11419,1.067383050918579,64,892,603.0904969159747
11420,1.067381739616394,64,892,603.0904969159747
11421,1.0673811435699463,64,892,603.0904969159747
11422,1.0673837661743164,64,892,603.0904969159747
11423,1.067368507385254,64,892,603.0904969159747
11424,1.067371129989624,64,892,603.0904969159747
11425,1.0673753023147583,64,892,603.0904969159747
11426,1.067370891571045,64,892,603.0904969159747
11427,1.067368745803833,64,892,603.0904969159747
11428,1.0673692226409912,64,892,603.0904969159747
11429,1.067365050315857,64,892,603.0904969159747
11430,1.0673654079437256,64,892,603.0904969159747
11431,1.0673575401306152,64,892,603.0904969159747
11432,1.0673601627349854,64,892,603.0904969159747
11433,1.0673584938049316,64,892,603.0904969159747
11434,1.067349910736084,64,892,603.0904969159747
11435,1.0673575401306152,64,892,603.0904969159747
11436,1.0673420429229736,64,892,603.0904969159747
11437,1.067341923713684,64,892,603.0904969159747
11438,1.0673514604568481,64,892,603.0904969159747
11439,1.06734299659729,64,892,603.0904969159747
11440,1.0673373937606812,64,892,603.0904969159747
11441,1.0673433542251587,64,892,603.0904969159747
11442,1.0673437118530273,64,892,603.0904969159747
11443,1.0673331022262573,64,892,603.0904969159747
11444,1.0673317909240723,64,892,603.0904969159747
11445,1.06732976436615,64,892,603.0904969159747
11446,1.0673282146453857,64,892,603.0904969159747
11447,1.0673261880874634,64,892,603.0904969159747
11448,1.0673370361328125,64,892,603.0904969159747
11449,1.0673214197158813,64,892,603.0904969159747
11450,1.0673182010650635,64,892,603.0904969159747
11451,1.0673222541809082,64,892,603.0904969159747
11452,1.0673190355300903,64,892,603.0904969159747
11453,1.0673130750656128,64,892,603.0904969159747
11454,1.0673116445541382,64,892,603.0904969159747
11455,1.0673102140426636,64,892,603.0904969159747
11456,1.0673071146011353,64,892,603.0904969159747
11457,1.0673094987869263,64,892,603.0904969159747
11458,1.0673142671585083,64,892,603.0904969159747
11459,1.0672990083694458,64,892,603.0904969159747
11460,1.067300796508789,64,892,603.0904969159747
11461,1.0672967433929443,64,892,603.0904969159747
11462,1.0672991275787354,64,892,603.0904969159747
11463,1.0672954320907593,64,892,603.0904969159747
11464,1.0672886371612549,64,892,603.0904969159747
11465,1.0672852993011475,64,892,603.0904969159747
11466,1.0672920942306519,64,892,603.0904969159747
11467,1.0672889947891235,64,892,603.0904969159747
11468,1.0672872066497803,64,892,603.0904969159747
11469,1.0672845840454102,64,892,603.0904969159747
11470,1.0672861337661743,64,892,603.0904969159747
11471,1.0672792196273804,64,892,603.0904969159747
11472,1.0672801733016968,64,892,603.0904969159747
11473,1.067274808883667,64,892,603.0904969159747
11474,1.0672727823257446,64,892,603.0904969159747
11475,1.0672643184661865,64,892,603.0904969159747
11476,1.0672719478607178,64,892,603.0904969159747
11477,1.067264437675476,64,892,603.0904969159747
11478,1.0672717094421387,64,892,603.0904969159747
11479,1.067264199256897,64,892,603.0904969159747
11480,1.0672550201416016,64,892,603.0904969159747
11481,1.0672657489776611,64,892,603.0904969159747
11482,1.0672566890716553,64,892,603.0904969159747
11483,1.0672557353973389,64,892,603.0904969159747
11484,1.0672568082809448,64,892,603.0904969159747
11485,1.0672630071640015,64,892,603.0904969159747
11486,1.0672556161880493,64,892,603.0904969159747
11487,1.0672434568405151,64,892,603.0904969159747
11488,1.0672452449798584,64,892,603.0904969159747
11489,1.0672483444213867,64,892,603.0904969159747
11490,1.0672420263290405,64,892,603.0904969159747
11491,1.0672465562820435,64,892,603.0904969159747
11492,1.067236065864563,64,892,603.0904969159747
11493,1.0672403573989868,64,892,603.0904969159747
11494,1.0672352313995361,64,892,603.0904969159747
11495,1.0672342777252197,64,892,603.0904969159747
11496,1.0672314167022705,64,892,603.0904969159747
11497,1.0672354698181152,64,892,603.0904969159747
11498,1.0672295093536377,64,892,603.0904969159747
11499,1.0672246217727661,64,892,603.0904969159747
11500,1.067227840423584,64,892,603.0904969159747
11501,1.0672190189361572,64,892,603.0904969159747
11502,1.0672168731689453,64,892,603.0904969159747
11503,1.0672200918197632,64,892,603.0904969159747
11504,1.0672231912612915,64,892,603.0904969159747
11505,1.0672197341918945,64,892,603.0904969159747
11506,1.0672202110290527,64,892,603.0904969159747
11507,1.0672146081924438,64,892,603.0904969159747
11508,1.067215085029602,64,892,603.0904969159747
11509,1.0672097206115723,64,892,603.0904969159747
11510,1.0672099590301514,64,892,603.0904969159747
11511,1.067200779914856,64,892,603.0904969159747
11512,1.0671956539154053,64,892,603.0904969159747
11513,1.0672000646591187,64,892,603.0904969159747
11514,1.0672039985656738,64,892,603.0904969159747
11515,1.067194938659668,64,892,603.0904969159747
11516,1.0671948194503784,64,892,603.0904969159747
11517,1.0672017335891724,64,892,603.0904969159747
11518,1.067185878753662,64,892,603.0904969159747
11519,1.0671902894973755,64,892,603.0904969159747
11520,1.0671868324279785,64,892,603.0904969159747
11521,1.0671879053115845,64,892,603.0904969159747
11522,1.067186951637268,64,892,603.0904969159747
11523,1.0671836137771606,64,892,603.0904969159747
11524,1.067186713218689,64,892,603.0904969159747
11525,1.0671861171722412,64,892,603.0904969159747
11526,1.0671770572662354,64,892,603.0904969159747
11527,1.0671806335449219,64,892,603.0904969159747
11528,1.0671743154525757,64,892,603.0904969159747
11529,1.067179799079895,64,892,603.0904969159747
11530,1.0671725273132324,64,892,603.0904969159747
11531,1.0671738386154175,64,892,603.0904969159747
11532,1.0671710968017578,64,892,603.0904969159747
11533,1.067165493965149,64,892,603.0904969159747
11534,1.0671645402908325,64,892,603.0904969159747
11535,1.0671656131744385,64,892,603.0904969159747
11536,1.0671700239181519,64,892,603.0904969159747
11537,1.0671592950820923,64,892,603.0904969159747
11538,1.0671579837799072,64,892,603.0904969159747
11539,1.0671558380126953,64,892,603.0904969159747
11540,1.0671513080596924,64,892,603.0904969159747
11541,1.067151665687561,64,892,603.0904969159747
11542,1.0671532154083252,64,892,603.0904969159747
11543,1.0671536922454834,64,892,603.0904969159747
11544,1.0671439170837402,64,892,603.0904969159747
11545,1.0671515464782715,64,892,603.0904969159747
11546,1.067149043083191,64,892,603.0904969159747
11547,1.0671418905258179,64,892,603.0904969159747
11548,1.0671415328979492,64,892,603.0904969159747
11549,1.0671435594558716,64,892,603.0904969159747
11550,1.0671305656433105,64,892,603.0904969159747
11551,1.067132830619812,64,892,603.0904969159747
11552,1.0671355724334717,64,892,603.0904969159747
11553,1.0671371221542358,64,892,603.0904969159747
11554,1.067131519317627,64,892,603.0904969159747
11555,1.0671316385269165,64,892,603.0904969159747
11556,1.0671277046203613,64,892,603.0904969159747
11557,1.0671254396438599,64,892,603.0904969159747
11558,1.0671236515045166,64,892,603.0904969159747
11559,1.0671244859695435,64,892,603.0904969159747
11560,1.0671178102493286,64,892,603.0904969159747
11561,1.0671186447143555,64,892,603.0904969159747
11562,1.0671100616455078,64,892,603.0904969159747
11563,1.0671098232269287,64,892,603.0904969159747
11564,1.0671184062957764,64,892,603.0904969159747
11565,1.0671100616455078,64,892,603.0904969159747
11566,1.0671048164367676,64,892,603.0904969159747
11567,1.0671018362045288,64,892,603.0904969159747
11568,1.0671035051345825,64,892,603.0904969159747
11569,1.0670984983444214,64,892,603.0904969159747
11570,1.0671002864837646,64,892,603.0904969159747
11571,1.0670998096466064,64,892,603.0904969159747
11572,1.0670989751815796,64,892,603.0904969159747
11573,1.0671013593673706,64,892,603.0904969159747
11574,1.0670884847640991,64,892,603.0904969159747
11575,1.0670902729034424,64,892,603.0904969159747
11576,1.0670883655548096,64,892,603.0904969159747
11577,1.0670949220657349,64,892,603.0904969159747
11578,1.0670851469039917,64,892,603.0904969159747
11579,1.0670828819274902,64,892,603.0904969159747
11580,1.0670822858810425,64,892,603.0904969159747
11581,1.0670878887176514,64,892,603.0904969159747
11582,1.0670859813690186,64,892,603.0904969159747
11583,1.0670814514160156,64,892,603.0904969159747
11584,1.0670750141143799,64,892,603.0904969159747
11585,1.0670745372772217,64,892,603.0904969159747
11586,1.0670742988586426,64,892,603.0904969159747
11587,1.0670706033706665,64,892,603.0904969159747
11588,1.0670689344406128,64,892,603.0904969159747
11589,1.0670623779296875,64,892,603.0904969159747
11590,1.0670666694641113,64,892,603.0904969159747
11591,1.0670599937438965,64,892,603.0904969159747
11592,1.0670621395111084,64,892,603.0904969159747
11593,1.067058801651001,64,892,603.0904969159747
11594,1.0670664310455322,64,892,603.0904969159747
11595,1.067063570022583,64,892,603.0904969159747
11596,1.0670584440231323,64,892,603.0904969159747
11597,1.0670506954193115,64,892,603.0904969159747
11598,1.0670523643493652,64,892,603.0904969159747
11599,1.0670526027679443,64,892,603.0904969159747
11600,1.0670554637908936,64,892,603.0904969159747
11601,1.0670431852340698,64,892,603.0904969159747
11602,1.0670466423034668,64,892,603.0904969159747
11603,1.0670455694198608,64,892,603.0904969159747
11604,1.0670384168624878,64,892,603.0904969159747
11605,1.0670493841171265,64,892,603.0904969159747
11606,1.067044734954834,64,892,603.0904969159747
11607,1.0670439004898071,64,892,603.0904969159747
11608,1.0670419931411743,64,892,603.0904969159747
11609,1.0670347213745117,64,892,603.0904969159747
11610,1.0670387744903564,64,892,603.0904969159747
11611,1.0670408010482788,64,892,603.0904969159747
11612,1.067035436630249,64,892,603.0904969159747
11613,1.0670298337936401,64,892,603.0904969159747
11614,1.0670228004455566,64,892,603.0904969159747
11615,1.067031979560852,64,892,603.0904969159747
11616,1.0670311450958252,64,892,603.0904969159747
11617,1.067025899887085,64,892,603.0904969159747
11618,1.0670225620269775,64,892,603.0904969159747
11619,1.0670218467712402,64,892,603.0904969159747
11620,1.0670138597488403,64,892,603.0904969159747
11621,1.0670222043991089,64,892,603.0904969159747
11622,1.0670160055160522,64,892,603.0904969159747
11623,1.0670180320739746,64,892,603.0904969159747
11624,1.0670150518417358,64,892,603.0904969159747
11625,1.0670151710510254,64,892,603.0904969159747
11626,1.067010521888733,64,892,603.0904969159747
11627,1.0670068264007568,64,892,603.0904969159747
11628,1.0670136213302612,64,892,603.0904969159747
11629,1.0670061111450195,64,892,603.0904969159747
11630,1.0670087337493896,64,892,603.0904969159747
11631,1.0670032501220703,64,892,603.0904969159747
11632,1.067012071609497,64,892,603.0904969159747
11633,1.0670080184936523,64,892,603.0904969159747
11634,1.0670032501220703,64,892,603.0904969159747
11635,1.0669983625411987,64,892,603.0904969159747
11636,1.067002296447754,64,892,603.0904969159747
11637,1.0669887065887451,64,892,603.0904969159747
11638,1.0669915676116943,64,892,603.0904969159747
11639,1.066990852355957,64,892,603.0904969159747
11640,1.0669870376586914,64,892,603.0904969159747
11641,1.0669963359832764,64,892,603.0904969159747
11642,1.0669891834259033,64,892,603.0904969159747
11643,1.066987156867981,64,892,603.0904969159747
11644,1.066977858543396,64,892,603.0904969159747
11645,1.0669846534729004,64,892,603.0904969159747
11646,1.0669806003570557,64,892,603.0904969159747
11647,1.0669770240783691,64,892,603.0904969159747
11648,1.066982626914978,64,892,603.0904969159747
11649,1.066978931427002,64,892,603.0904969159747
11650,1.066975712776184,64,892,603.0904969159747
11651,1.0669794082641602,64,892,603.0904969159747
11652,1.0669785737991333,64,892,603.0904969159747
11653,1.0669686794281006,64,892,603.0904969159747
11654,1.0669682025909424,64,892,603.0904969159747
11655,1.0669666528701782,64,892,603.0904969159747
11656,1.0669726133346558,64,892,603.0904969159747
11657,1.0669687986373901,64,892,603.0904969159747
11658,1.0669611692428589,64,892,603.0904969159747
11659,1.066969633102417,64,892,603.0904969159747
11660,1.0669519901275635,64,892,603.0904969159747
11661,1.0669671297073364,64,892,603.0904969159747
11662,1.0669595003128052,64,892,603.0904969159747
11663,1.0669573545455933,64,892,603.0904969159747
11664,1.0669515132904053,64,892,603.0904969159747
11665,1.0669525861740112,64,892,603.0904969159747
11666,1.0669491291046143,64,892,603.0904969159747
11667,1.0669481754302979,64,892,603.0904969159747
11668,1.0669457912445068,64,892,603.0904969159747
11669,1.0669524669647217,64,892,603.0904969159747
11670,1.0669469833374023,64,892,603.0904969159747
11671,1.066946029663086,64,892,603.0904969159747
11672,1.0669447183609009,64,892,603.0904969159747
11673,1.066940426826477,64,892,603.0904969159747
11674,1.0669379234313965,64,892,603.0904969159747
11675,1.0669398307800293,64,892,603.0904969159747
11676,1.0669353008270264,64,892,603.0904969159747
11677,1.0669312477111816,64,892,603.0904969159747
11678,1.0669347047805786,64,892,603.0904969159747
11679,1.0669344663619995,64,892,603.0904969159747
11680,1.0669279098510742,64,892,603.0904969159747
11681,1.0669270753860474,64,892,603.0904969159747
11682,1.0669267177581787,64,892,603.0904969159747
11683,1.0669337511062622,64,892,603.0904969159747
11684,1.0669159889221191,64,892,603.0904969159747
11685,1.0669219493865967,64,892,603.0904969159747
11686,1.0669258832931519,64,892,603.0904969159747
11687,1.06692636013031,64,892,603.0904969159747
11688,1.0669196844100952,64,892,603.0904969159747
11689,1.0669198036193848,64,892,603.0904969159747
11690,1.0669174194335938,64,892,603.0904969159747
11691,1.066912293434143,64,892,603.0904969159747
11692,1.066914439201355,64,892,603.0904969159747
11693,1.066914677619934,64,892,603.0904969159747
11694,1.0669206380844116,64,892,603.0904969159747
11695,1.0669111013412476,64,892,603.0904969159747
11696,1.0669054985046387,64,892,603.0904969159747
11697,1.066902756690979,64,892,603.0904969159747
11698,1.0669050216674805,64,892,603.0904969159747
11699,1.06690514087677,64,892,603.0904969159747
11700,1.066906452178955,64,892,603.0904969159747
11701,1.0668991804122925,64,892,603.0904969159747
11702,1.0669010877609253,64,892,603.0904969159747
11703,1.0669031143188477,64,892,603.0904969159747
11704,1.0668965578079224,64,892,603.0904969159747
11705,1.0668962001800537,64,892,603.0904969159747
11706,1.0668952465057373,64,892,603.0904969159747
11707,1.066893458366394,64,892,603.0904969159747
11708,1.0668901205062866,64,892,603.0904969159747
11709,1.0668855905532837,64,892,603.0904969159747
11710,1.0668935775756836,64,892,603.0904969159747
11711,1.0668761730194092,64,892,603.0904969159747
11712,1.066894769668579,64,892,603.0904969159747
11713,1.0668882131576538,64,892,603.0904969159747
11714,1.066880226135254,64,892,603.0904969159747
11715,1.0668857097625732,64,892,603.0904969159747
11716,1.0668745040893555,64,892,603.0904969159747
11717,1.0668768882751465,64,892,603.0904969159747
11718,1.0668799877166748,64,892,603.0904969159747
11719,1.0668789148330688,64,892,603.0904969159747
11720,1.066872239112854,64,892,603.0904969159747
11721,1.0668658018112183,64,892,603.0904969159747
11722,1.0668598413467407,64,892,603.0904969159747
11723,1.066869854927063,64,892,603.0904969159747
11724,1.0668683052062988,64,892,603.0904969159747
11725,1.0668611526489258,64,892,603.0904969159747
11726,1.0668666362762451,64,892,603.0904969159747
11727,1.0668600797653198,64,892,603.0904969159747
11728,1.0668680667877197,64,892,603.0904969159747
11729,1.066859245300293,64,892,603.0904969159747
11730,1.0668613910675049,64,892,603.0904969159747
11731,1.0668666362762451,64,892,603.0904969159747
11732,1.0668631792068481,64,892,603.0904969159747
11733,1.0668632984161377,64,892,603.0904969159747
11734,1.0668617486953735,64,892,603.0904969159747
11735,1.066853404045105,64,892,603.0904969159747
11736,1.0668514966964722,64,892,603.0904969159747
11737,1.0668537616729736,64,892,603.0904969159747
11738,1.0668482780456543,64,892,603.0904969159747
11739,1.066848874092102,64,892,603.0904969159747
11740,1.0668481588363647,64,892,603.0904969159747
11741,1.066850185394287,64,892,603.0904969159747
11742,1.0668444633483887,64,892,603.0904969159747
11743,1.066851019859314,64,892,603.0904969159747
11744,1.0668503046035767,64,892,603.0904969159747
11745,1.0668387413024902,64,892,603.0904969159747
11746,1.0668386220932007,64,892,603.0904969159747
11747,1.0668346881866455,64,892,603.0904969159747
11748,1.0668481588363647,64,892,603.0904969159747
11749,1.0668342113494873,64,892,603.0904969159747
11750,1.0668375492095947,64,892,603.0904969159747
11751,1.0668308734893799,64,892,603.0904969159747
11752,1.0668281316757202,64,892,603.0904969159747
11753,1.0668318271636963,64,892,603.0904969159747
11754,1.066826581954956,64,892,603.0904969159747
11755,1.0668399333953857,64,892,603.0904969159747
11756,1.0668262243270874,64,892,603.0904969159747
11757,1.0668278932571411,64,892,603.0904969159747
11758,1.0668253898620605,64,892,603.0904969159747
11759,1.0668270587921143,64,892,603.0904969159747
11760,1.0668286085128784,64,892,603.0904969159747
11761,1.0668234825134277,64,892,603.0904969159747
11762,1.0668144226074219,64,892,603.0904969159747
11763,1.0668179988861084,64,892,603.0904969159747
11764,1.066817283630371,64,892,603.0904969159747
11765,1.066817283630371,64,892,603.0904969159747
11766,1.0668152570724487,64,892,603.0904969159747
11767,1.0668175220489502,64,892,603.0904969159747
11768,1.0668156147003174,64,892,603.0904969159747
11769,1.0668119192123413,64,892,603.0904969159747
11770,1.066813349723816,64,892,603.0904969159747
11771,1.066811203956604,64,892,603.0904969159747
11772,1.066809058189392,64,892,603.0904969159747
11773,1.0668044090270996,64,892,603.0904969159747
11774,1.0668073892593384,64,892,603.0904969159747
11775,1.0668028593063354,64,892,603.0904969159747
11776,1.0668015480041504,64,892,603.0904969159747
11777,1.0668035745620728,64,892,603.0904969159747
11778,1.066798210144043,64,892,603.0904969159747
11779,1.0668095350265503,64,892,603.0904969159747
11780,1.0668017864227295,64,892,603.0904969159747
11781,1.0668002367019653,64,892,603.0904969159747
11782,1.066794753074646,64,892,603.0904969159747
11783,1.0667940378189087,64,892,603.0904969159747
11784,1.0667870044708252,64,892,603.0904969159747
11785,1.0667972564697266,64,892,603.0904969159747
11786,1.066786766052246,64,892,603.0904969159747
11787,1.0667903423309326,64,892,603.0904969159747
11788,1.06678307056427,64,892,603.0904969159747
11789,1.0667790174484253,64,892,603.0904969159747
11790,1.0667824745178223,64,892,603.0904969159747
11791,1.0667767524719238,64,892,603.0904969159747
11792,1.066782832145691,64,892,603.0904969159747
11793,1.066786289215088,64,892,603.0904969159747
11794,1.066780686378479,64,892,603.0904969159747
11795,1.0667781829833984,64,892,603.0904969159747
11796,1.066780686378479,64,892,603.0904969159747
11797,1.0667800903320312,64,892,603.0904969159747
11798,1.0667697191238403,64,892,603.0904969159747
11799,1.066771149635315,64,892,603.0904969159747
11800,1.0667756795883179,64,892,603.0904969159747
11801,1.0667717456817627,64,892,603.0904969159747
11802,1.0667718648910522,64,892,603.0904969159747
11803,1.0667724609375,64,892,603.0904969159747
11804,1.0667732954025269,64,892,603.0904969159747
11805,1.0667656660079956,64,892,603.0904969159747
11806,1.0667674541473389,64,892,603.0904969159747
11807,1.066769003868103,64,892,603.0904969159747
11808,1.066762924194336,64,892,603.0904969159747
11809,1.0667649507522583,64,892,603.0904969159747
11810,1.0667608976364136,64,892,603.0904969159747
11811,1.066758394241333,64,892,603.0904969159747
11812,1.0667630434036255,64,892,603.0904969159747
11813,1.0667535066604614,64,892,603.0904969159747
11814,1.0667561292648315,64,892,603.0904969159747
11815,1.0667544603347778,64,892,603.0904969159747
11816,1.0667563676834106,64,892,603.0904969159747
11817,1.0667492151260376,64,892,603.0904969159747
11818,1.066748023033142,64,892,603.0904969159747
11819,1.06675124168396,64,892,603.0904969159747
11820,1.0667445659637451,64,892,603.0904969159747
11821,1.0667518377304077,64,892,603.0904969159747
11822,1.066750168800354,64,892,603.0904969159747
11823,1.0667486190795898,64,892,603.0904969159747
11824,1.0667436122894287,64,892,603.0904969159747
11825,1.0667462348937988,64,892,603.0904969159747
11826,1.0667368173599243,64,892,603.0904969159747
11827,1.066744327545166,64,892,603.0904969159747
11828,1.0667426586151123,64,892,603.0904969159747
11829,1.0667403936386108,64,892,603.0904969159747
11830,1.0667473077774048,64,892,603.0904969159747
11831,1.0667266845703125,64,892,603.0904969159747
11832,1.066739797592163,64,892,603.0904969159747
11833,1.0667393207550049,64,892,603.0904969159747
11834,1.0667321681976318,64,892,603.0904969159747
11835,1.066732406616211,64,892,603.0904969159747
11836,1.0667295455932617,64,892,603.0904969159747
11837,1.066727876663208,64,892,603.0904969159747
11838,1.0667284727096558,64,892,603.0904969159747
11839,1.066729187965393,64,892,603.0904969159747
11840,1.0667223930358887,64,892,603.0904969159747
11841,1.0667248964309692,64,892,603.0904969159747
11842,1.0667253732681274,64,892,603.0904969159747
11843,1.0667269229888916,64,892,603.0904969159747
11844,1.066713571548462,64,892,603.0904969159747
11845,1.066720724105835,64,892,603.0904969159747
11846,1.0667171478271484,64,892,603.0904969159747
11847,1.0667105913162231,64,892,603.0904969159747
11848,1.0667109489440918,64,892,603.0904969159747
11849,1.0667210817337036,64,892,603.0904969159747
11850,1.0667132139205933,64,892,603.0904969159747
11851,1.0667130947113037,64,892,603.0904969159747
11852,1.066709280014038,64,892,603.0904969159747
11853,1.0667182207107544,64,892,603.0904969159747
11854,1.0667054653167725,64,892,603.0904969159747
11855,1.066712498664856,64,892,603.0904969159747
11856,1.0667166709899902,64,892,603.0904969159747
11857,1.066706657409668,64,892,603.0904969159747
11858,1.0667062997817993,64,892,603.0904969159747
11859,1.0667004585266113,64,892,603.0904969159747
11860,1.0666990280151367,64,892,603.0904969159747
11861,1.0667001008987427,64,892,603.0904969159747
11862,1.0666953325271606,64,892,603.0904969159747
11863,1.0666996240615845,64,892,603.0904969159747
11864,1.066696047782898,64,892,603.0904969159747
11865,1.0666999816894531,64,892,603.0904969159747
11866,1.066697359085083,64,892,603.0904969159747
11867,1.0666970014572144,64,892,603.0904969159747
11868,1.0666898488998413,64,892,603.0904969159747
11869,1.066686987876892,64,892,603.0904969159747
11870,1.066693663597107,64,892,603.0904969159747
11871,1.0666916370391846,64,892,603.0904969159747
11872,1.0666934251785278,64,892,603.0904969159747
11873,1.0666866302490234,64,892,603.0904969159747
11874,1.0666851997375488,64,892,603.0904969159747
11875,1.0666871070861816,64,892,603.0904969159747
11876,1.0666866302490234,64,892,603.0904969159747
11877,1.0666779279708862,64,892,603.0904969159747
11878,1.0666818618774414,64,892,603.0904969159747
11879,1.0666807889938354,64,892,603.0904969159747
11880,1.0666859149932861,64,892,603.0904969159747
11881,1.0666790008544922,64,892,603.0904969159747
11882,1.066672444343567,64,892,603.0904969159747
11883,1.066676378250122,64,892,603.0904969159747
11884,1.0666697025299072,64,892,603.0904969159747
11885,1.0666742324829102,64,892,603.0904969159747
11886,1.0666775703430176,64,892,603.0904969159747
11887,1.0666707754135132,64,892,603.0904969159747
11888,1.066666603088379,64,892,603.0904969159747
11889,1.0666651725769043,64,892,603.0904969159747
11890,1.0666645765304565,64,892,603.0904969159747
11891,1.0666671991348267,64,892,603.0904969159747
11892,1.0666611194610596,64,892,603.0904969159747
11893,1.06666898727417,64,892,603.0904969159747
11894,1.0666693449020386,64,892,603.0904969159747
11895,1.066657543182373,64,892,603.0904969159747
11896,1.0666656494140625,64,892,603.0904969159747
11897,1.0666615962982178,64,892,603.0904969159747
11898,1.066663146018982,64,892,603.0904969159747
11899,1.0666505098342896,64,892,603.0904969159747
11900,1.0666626691818237,64,892,603.0904969159747
11901,1.0666550397872925,64,892,603.0904969159747
11902,1.0666606426239014,64,892,603.0904969159747
11903,1.066658616065979,64,892,603.0904969159747
11904,1.0666528940200806,64,892,603.0904969159747
11905,1.0666472911834717,64,892,603.0904969159747
11906,1.0666509866714478,64,892,603.0904969159747
11907,1.0666550397872925,64,892,603.0904969159747
11908,1.0666407346725464,64,892,603.0904969159747
11909,1.0666555166244507,64,892,603.0904969159747
11910,1.0666496753692627,64,892,603.0904969159747
11911,1.0666499137878418,64,892,603.0904969159747
11912,1.0666346549987793,64,892,603.0904969159747
11913,1.066633939743042,64,892,603.0904969159747
11914,1.0666351318359375,64,892,603.0904969159747
11915,1.0666393041610718,64,892,603.0904969159747
11916,1.0666395425796509,64,892,603.0904969159747
11917,1.0666358470916748,64,892,603.0904969159747
11918,1.0666362047195435,64,892,603.0904969159747
11919,1.0666459798812866,64,892,603.0904969159747
11920,1.0666327476501465,64,892,603.0904969159747
11921,1.0666329860687256,64,892,603.0904969159747
11922,1.0666353702545166,64,892,603.0904969159747
11923,1.0666321516036987,64,892,603.0904969159747
11924,1.066627025604248,64,892,603.0904969159747
11925,1.0666241645812988,64,892,603.0904969159747
11926,1.066630482673645,64,892,603.0904969159747
11927,1.0666289329528809,64,892,603.0904969159747
11928,1.066624402999878,64,892,603.0904969159747
11929,1.0666251182556152,64,892,603.0904969159747
11930,1.066619873046875,64,892,603.0904969159747
11931,1.066619634628296,64,892,603.0904969159747
11932,1.0666218996047974,64,892,603.0904969159747
11933,1.0666228532791138,64,892,603.0904969159747
11934,1.0666215419769287,64,892,603.0904969159747
11935,1.0666121244430542,64,892,603.0904969159747
11936,1.066613793373108,64,892,603.0904969159747
11937,1.0666240453720093,64,892,603.0904969159747
11938,1.0666083097457886,64,892,603.0904969159747
11939,1.0666078329086304,64,892,603.0904969159747
11940,1.066624641418457,64,892,603.0904969159747
11941,1.0666108131408691,64,892,603.0904969159747
11942,1.0666096210479736,64,892,603.0904969159747
11943,1.0666090250015259,64,892,603.0904969159747
11944,1.0666078329086304,64,892,603.0904969159747
11945,1.0666106939315796,64,892,603.0904969159747
11946,1.0666157007217407,64,892,603.0904969159747
11947,1.0666111707687378,64,892,603.0904969159747
11948,1.0666033029556274,64,892,603.0904969159747
11949,1.066612958908081,64,892,603.0904969159747
11950,1.0666065216064453,64,892,603.0904969159747
11951,1.066603422164917,64,892,603.0904969159747
11952,1.0665998458862305,64,892,603.0904969159747
11953,1.0665992498397827,64,892,603.0904969159747
11954,1.0665990114212036,64,892,603.0904969159747
11955,1.0666040182113647,64,892,603.0904969159747
11956,1.0665971040725708,64,892,603.0904969159747
11957,1.0666000843048096,64,892,603.0904969159747
11958,1.0665949583053589,64,892,603.0904969159747
11959,1.0666037797927856,64,892,603.0904969159747
11960,1.0665991306304932,64,892,603.0904969159747
11961,1.0665925741195679,64,892,603.0904969159747
11962,1.0665956735610962,64,892,603.0904969159747
11963,1.0665864944458008,64,892,603.0904969159747
11964,1.0665920972824097,64,892,603.0904969159747
11965,1.0665909051895142,64,892,603.0904969159747
11966,1.0665889978408813,64,892,603.0904969159747
11967,1.0665888786315918,64,892,603.0904969159747
11968,1.066586971282959,64,892,603.0904969159747
11969,1.0665887594223022,64,892,603.0904969159747
11970,1.0665724277496338,64,892,603.0904969159747
11971,1.0665897130966187,64,892,603.0904969159747
11972,1.0665760040283203,64,892,603.0904969159747
11973,1.0665844678878784,64,892,603.0904969159747
11974,1.066579818725586,64,892,603.0904969159747
11975,1.066578984260559,64,892,603.0904969159747
11976,1.0665791034698486,64,892,603.0904969159747
11977,1.0665754079818726,64,892,603.0904969159747
11978,1.0665781497955322,64,892,603.0904969159747
11979,1.066572904586792,64,892,603.0904969159747
11980,1.0665743350982666,64,892,603.0904969159747
11981,1.0665771961212158,64,892,603.0904969159747
11982,1.0665686130523682,64,892,603.0904969159747
11983,1.0665737390518188,64,892,603.0904969159747
11984,1.0665695667266846,64,892,603.0904969159747
11985,1.0665704011917114,64,892,603.0904969159747
11986,1.0665677785873413,64,892,603.0904969159747
11987,1.0665662288665771,64,892,603.0904969159747
11988,1.066561222076416,64,892,603.0904969159747
11989,1.06656014919281,64,892,603.0904969159747
11990,1.0665647983551025,64,892,603.0904969159747
11991,1.066560983657837,64,892,603.0904969159747
11992,1.0665642023086548,64,892,603.0904969159747
11993,1.0665650367736816,64,892,603.0904969159747
11994,1.0665634870529175,64,892,603.0904969159747
11995,1.06655752658844,64,892,603.0904969159747
11996,1.0665634870529175,64,892,603.0904969159747
11997,1.0665614604949951,64,892,603.0904969159747
11998,1.0665515661239624,64,892,603.0904969159747
11999,1.0665477514266968,64,892,603.0904969159747
12000,1.0665613412857056,64,892,603.0904969159747
12001,1.066551923751831,64,892,603.0904969159747
12002,1.0665547847747803,64,892,603.0904969159747
12003,1.066549301147461,64,892,603.0904969159747
12004,1.0665525197982788,64,892,603.0904969159747
12005,1.0665497779846191,64,892,603.0904969159747
12006,1.0665416717529297,64,892,603.0904969159747
12007,1.0665521621704102,64,892,603.0904969159747
12008,1.0665464401245117,64,892,603.0904969159747
12009,1.0665501356124878,64,892,603.0904969159747
12010,1.0665444135665894,64,892,603.0904969159747
12011,1.0665479898452759,64,892,603.0904969159747
12012,1.066543698310852,64,892,603.0904969159747
12013,1.0665451288223267,64,892,603.0904969159747
12014,1.066542387008667,64,892,603.0904969159747
12015,1.0665335655212402,64,892,603.0904969159747
12016,1.0665472745895386,64,892,603.0904969159747
12017,1.0665398836135864,64,892,603.0904969159747
12018,1.0665349960327148,64,892,603.0904969159747
12019,1.0665417909622192,64,892,603.0904969159747
12020,1.066534399986267,64,892,603.0904969159747
12021,1.066535234451294,64,892,603.0904969159747
12022,1.0665372610092163,64,892,603.0904969159747
12023,1.0665295124053955,64,892,603.0904969159747
12024,1.0665333271026611,64,892,603.0904969159747
12025,1.066532015800476,64,892,603.0904969159747
12026,1.0665345191955566,64,892,603.0904969159747
12027,1.066528081893921,64,892,603.0904969159747
12028,1.0665289163589478,64,892,603.0904969159747
12029,1.0665292739868164,64,892,603.0904969159747
12030,1.066523790359497,64,892,603.0904969159747
12031,1.0665284395217896,64,892,603.0904969159747
12032,1.0665204524993896,64,892,603.0904969159747
12033,1.0665206909179688,64,892,603.0904969159747
12034,1.0665162801742554,64,892,603.0904969159747
12035,1.0665206909179688,64,892,603.0904969159747
12036,1.0665247440338135,64,892,603.0904969159747
12037,1.06651771068573,64,892,603.0904969159747
12038,1.0665125846862793,64,892,603.0904969159747
12039,1.0665185451507568,64,892,603.0904969159747
12040,1.0665123462677002,64,892,603.0904969159747
12041,1.066510558128357,64,892,603.0904969159747
12042,1.066506266593933,64,892,603.0904969159747
12043,1.066508173942566,64,892,603.0904969159747
12044,1.0665137767791748,64,892,603.0904969159747
12045,1.0665076971054077,64,892,603.0904969159747
12046,1.0665124654769897,64,892,603.0904969159747
12047,1.06651771068573,64,892,603.0904969159747
12048,1.066514015197754,64,892,603.0904969159747
12049,1.0665059089660645,64,892,603.0904969159747
12050,1.0665085315704346,64,892,603.0904969159747
12051,1.0665035247802734,64,892,603.0904969159747
12052,1.0665065050125122,64,892,603.0904969159747
12053,1.0665061473846436,64,892,603.0904969159747
12054,1.0664989948272705,64,892,603.0904969159747
12055,1.0665044784545898,64,892,603.0904969159747
12056,1.066504716873169,64,892,603.0904969159747
12057,1.0665010213851929,64,892,603.0904969159747
12058,1.0664963722229004,64,892,603.0904969159747
12059,1.0665009021759033,64,892,603.0904969159747
12060,1.066499948501587,64,892,603.0904969159747
12061,1.0664985179901123,64,892,603.0904969159747
12062,1.0664900541305542,64,892,603.0904969159747
12063,1.066491723060608,64,892,603.0904969159747
12064,1.0664952993392944,64,892,603.0904969159747
12065,1.066493034362793,64,892,603.0904969159747
12066,1.0664939880371094,64,892,603.0904969159747
12067,1.0664886236190796,64,892,603.0904969159747
12068,1.0664844512939453,64,892,603.0904969159747
12069,1.0664870738983154,64,892,603.0904969159747
12070,1.066491961479187,64,892,603.0904969159747
12071,1.0664951801300049,64,892,603.0904969159747
12072,1.0664938688278198,64,892,603.0904969159747
12073,1.0664823055267334,64,892,603.0904969159747
12074,1.06648588180542,64,892,603.0904969159747
12075,1.066483974456787,64,892,603.0904969159747
12076,1.0664833784103394,64,892,603.0904969159747
12077,1.0664862394332886,64,892,603.0904969159747
12078,1.0664777755737305,64,892,603.0904969159747
12079,1.0664782524108887,64,892,603.0904969159747
12080,1.066470980644226,64,892,603.0904969159747
12081,1.0664790868759155,64,892,603.0904969159747
12082,1.0664788484573364,64,892,603.0904969159747
12083,1.0664761066436768,64,892,603.0904969159747
12084,1.0664725303649902,64,892,603.0904969159747
12085,1.0664706230163574,64,892,603.0904969159747
12086,1.0664697885513306,64,892,603.0904969159747
12087,1.066464900970459,64,892,603.0904969159747
12088,1.0664743185043335,64,892,603.0904969159747
12089,1.0664728879928589,64,892,603.0904969159747
12090,1.066474437713623,64,892,603.0904969159747
12091,1.0664660930633545,64,892,603.0904969159747
12092,1.0664703845977783,64,892,603.0904969159747
12093,1.0664657354354858,64,892,603.0904969159747
12094,1.0664738416671753,64,892,603.0904969159747
12095,1.066473126411438,64,892,603.0904969159747
12096,1.0664634704589844,64,892,603.0904969159747
12097,1.0664690732955933,64,892,603.0904969159747
12098,1.0664615631103516,64,892,603.0904969159747
12099,1.066467523574829,64,892,603.0904969159747
12100,1.0664622783660889,64,892,603.0904969159747
12101,1.066470742225647,64,892,603.0904969159747
12102,1.0664609670639038,64,892,603.0904969159747
12103,1.0664564371109009,64,892,603.0904969159747
12104,1.0664567947387695,64,892,603.0904969159747
12105,1.0664507150650024,64,892,603.0904969159747
12106,1.066453456878662,64,892,603.0904969159747
12107,1.0664503574371338,64,892,603.0904969159747
12108,1.0664561986923218,64,892,603.0904969159747
12109,1.0664573907852173,64,892,603.0904969159747
12110,1.0664541721343994,64,892,603.0904969159747
12111,1.0664539337158203,64,892,603.0904969159747
12112,1.0664573907852173,64,892,603.0904969159747
12113,1.0664467811584473,64,892,603.0904969159747
12114,1.0664410591125488,64,892,603.0904969159747
12115,1.0664479732513428,64,892,603.0904969159747
12116,1.0664483308792114,64,892,603.0904969159747
12117,1.0664530992507935,64,892,603.0904969159747
12118,1.0664440393447876,64,892,603.0904969159747
12119,1.066442608833313,64,892,603.0904969159747
12120,1.0664390325546265,64,892,603.0904969159747
12121,1.0664385557174683,64,892,603.0904969159747
12122,1.0664476156234741,64,892,603.0904969159747
12123,1.0664405822753906,64,892,603.0904969159747
12124,1.0664360523223877,64,892,603.0904969159747
12125,1.0664434432983398,64,892,603.0904969159747
12126,1.0664422512054443,64,892,603.0904969159747
12127,1.0664421319961548,64,892,603.0904969159747
12128,1.0664387941360474,64,892,603.0904969159747
12129,1.0664374828338623,64,892,603.0904969159747
12130,1.0664420127868652,64,892,603.0904969159747
12131,1.0664294958114624,64,892,603.0904969159747
12132,1.0664334297180176,64,892,603.0904969159747
12133,1.0664297342300415,64,892,603.0904969159747
12134,1.066435694694519,64,892,603.0904969159747
12135,1.0664331912994385,64,892,603.0904969159747
12136,1.0664353370666504,64,892,603.0904969159747
12137,1.0664297342300415,64,892,603.0904969159747
12138,1.0664286613464355,64,892,603.0904969159747
12139,1.0664277076721191,64,892,603.0904969159747
12140,1.0664271116256714,64,892,603.0904969159747
12141,1.0664314031600952,64,892,603.0904969159747
12142,1.0664292573928833,64,892,603.0904969159747
12143,1.0664290189743042,64,892,603.0904969159747
12144,1.0664225816726685,64,892,603.0904969159747
12145,1.0664222240447998,64,892,603.0904969159747
12146,1.0664173364639282,64,892,603.0904969159747
12147,1.066426157951355,64,892,603.0904969159747
12148,1.0664235353469849,64,892,603.0904969159747
12149,1.0664228200912476,64,892,603.0904969159747
12150,1.0664206743240356,64,892,603.0904969159747
12151,1.0664217472076416,64,892,603.0904969159747
12152,1.0664092302322388,64,892,603.0904969159747
12153,1.0664150714874268,64,892,603.0904969159747
12154,1.0664111375808716,64,892,603.0904969159747
12155,1.066419243812561,64,892,603.0904969159747
12156,1.0664138793945312,64,892,603.0904969159747
12157,1.0664105415344238,64,892,603.0904969159747
12158,1.0664081573486328,64,892,603.0904969159747
12159,1.066412091255188,64,892,603.0904969159747
12160,1.0664079189300537,64,892,603.0904969159747
12161,1.0664112567901611,64,892,603.0904969159747
12162,1.0664085149765015,64,892,603.0904969159747
12163,1.066410779953003,64,892,603.0904969159747
12164,1.0664042234420776,64,892,603.0904969159747
12165,1.0664008855819702,64,892,603.0904969159747
12166,1.0664020776748657,64,892,603.0904969159747
12167,1.0664066076278687,64,892,603.0904969159747
12168,1.0664076805114746,64,892,603.0904969159747
12169,1.0664018392562866,64,892,603.0904969159747
12170,1.0664091110229492,64,892,603.0904969159747
12171,1.0663985013961792,64,892,603.0904969159747
12172,1.0663957595825195,64,892,603.0904969159747
12173,1.0663965940475464,64,892,603.0904969159747
12174,1.0663963556289673,64,892,603.0904969159747
12175,1.0664100646972656,64,892,603.0904969159747
12176,1.0663907527923584,64,892,603.0904969159747
12177,1.0663949251174927,64,892,603.0904969159747
12178,1.066392421722412,64,892,603.0904969159747
12179,1.066396713256836,64,892,603.0904969159747
12180,1.0663930177688599,64,892,603.0904969159747
12181,1.0663889646530151,64,892,603.0904969159747
12182,1.066387414932251,64,892,603.0904969159747
12183,1.0663881301879883,64,892,603.0904969159747
12184,1.066393256187439,64,892,603.0904969159747
12185,1.066389560699463,64,892,603.0904969159747
12186,1.0663871765136719,64,892,603.0904969159747
12187,1.066389799118042,64,892,603.0904969159747
12188,1.0663883686065674,64,892,603.0904969159747
12189,1.0663846731185913,64,892,603.0904969159747
12190,1.0663933753967285,64,892,603.0904969159747
12191,1.0663845539093018,64,892,603.0904969159747
12192,1.066382646560669,64,892,603.0904969159747
12193,1.0663806200027466,64,892,603.0904969159747
12194,1.0663813352584839,64,892,603.0904969159747
12195,1.0663800239562988,64,892,603.0904969159747
12196,1.0663782358169556,64,892,603.0904969159747
12197,1.0663808584213257,64,892,603.0904969159747
12198,1.0663782358169556,64,892,603.0904969159747
12199,1.066378116607666,64,892,603.0904969159747
12200,1.0663813352584839,64,892,603.0904969159747
12201,1.066376805305481,64,892,603.0904969159747
12202,1.0663728713989258,64,892,603.0904969159747
12203,1.0663740634918213,64,892,603.0904969159747
12204,1.066379189491272,64,892,603.0904969159747
12205,1.0663783550262451,64,892,603.0904969159747
12206,1.0663738250732422,64,892,603.0904969159747
12207,1.0663731098175049,64,892,603.0904969159747
12208,1.0663760900497437,64,892,603.0904969159747
12209,1.0663716793060303,64,892,603.0904969159747
12210,1.0663740634918213,64,892,603.0904969159747
12211,1.066371202468872,64,892,603.0904969159747
12212,1.0663715600967407,64,892,603.0904969159747
12213,1.0663666725158691,64,892,603.0904969159747
12214,1.066370964050293,64,892,603.0904969159747
12215,1.066371202468872,64,892,603.0904969159747
12216,1.0663617849349976,64,892,603.0904969159747
12217,1.0663626194000244,64,892,603.0904969159747
12218,1.0663630962371826,64,892,603.0904969159747
12219,1.0663669109344482,64,892,603.0904969159747
12220,1.0663599967956543,64,892,603.0904969159747
12221,1.0663644075393677,64,892,603.0904969159747
12222,1.0663608312606812,64,892,603.0904969159747
12223,1.0663546323776245,64,892,603.0904969159747
12224,1.0663621425628662,64,892,603.0904969159747
12225,1.066357135772705,64,892,603.0904969159747
12226,1.0663577318191528,64,892,603.0904969159747
12227,1.0663583278656006,64,892,603.0904969159747
12228,1.0663495063781738,64,892,603.0904969159747
12229,1.0663565397262573,64,892,603.0904969159747
12230,1.0663549900054932,64,892,603.0904969159747
12231,1.0663645267486572,64,892,603.0904969159747
12232,1.0663573741912842,64,892,603.0904969159747
12233,1.0663588047027588,64,892,603.0904969159747
12234,1.0663501024246216,64,892,603.0904969159747
12235,1.0663580894470215,64,892,603.0904969159747
12236,1.0663427114486694,64,892,603.0904969159747
12237,1.0663478374481201,64,892,603.0904969159747
12238,1.0663434267044067,64,892,603.0904969159747
12239,1.066343903541565,64,892,603.0904969159747
12240,1.066341757774353,64,892,603.0904969159747
12241,1.0663504600524902,64,892,603.0904969159747
12242,1.0663459300994873,64,892,603.0904969159747
12243,1.0663458108901978,64,892,603.0904969159747
12244,1.066344976425171,64,892,603.0904969159747
12245,1.0663390159606934,64,892,603.0904969159747
12246,1.0663480758666992,64,892,603.0904969159747
12247,1.0663433074951172,64,892,603.0904969159747
12248,1.0663447380065918,64,892,603.0904969159747
12249,1.0663365125656128,64,892,603.0904969159747
12250,1.0663409233093262,64,892,603.0904969159747
12251,1.0663400888442993,64,892,603.0904969159747
12252,1.0663408041000366,64,892,603.0904969159747
12253,1.0663353204727173,64,892,603.0904969159747
12254,1.0663398504257202,64,892,603.0904969159747
12255,1.0663375854492188,64,892,603.0904969159747
12256,1.0663315057754517,64,892,603.0904969159747
12257,1.06633460521698,64,892,603.0904969159747
12258,1.0663340091705322,64,892,603.0904969159747
12259,1.0663344860076904,64,892,603.0904969159747
12260,1.0663288831710815,64,892,603.0904969159747
12261,1.0663279294967651,64,892,603.0904969159747
12262,1.0663397312164307,64,892,603.0904969159747
12263,1.0663337707519531,64,892,603.0904969159747
12264,1.0663288831710815,64,892,603.0904969159747
12265,1.0663272142410278,64,892,603.0904969159747
12266,1.066327452659607,64,892,603.0904969159747
12267,1.0663260221481323,64,892,603.0904969159747
12268,1.0663243532180786,64,892,603.0904969159747
12269,1.0663312673568726,64,892,603.0904969159747
12270,1.0663238763809204,64,892,603.0904969159747
12271,1.0663195848464966,64,892,603.0904969159747
12272,1.0663280487060547,64,892,603.0904969159747
12273,1.0663312673568726,64,892,603.0904969159747
12274,1.0663189888000488,64,892,603.0904969159747
12275,1.0663210153579712,64,892,603.0904969159747
12276,1.0663212537765503,64,892,603.0904969159747
12277,1.066313624382019,64,892,603.0904969159747
12278,1.0663248300552368,64,892,603.0904969159747
12279,1.0663217306137085,64,892,603.0904969159747
12280,1.0663172006607056,64,892,603.0904969159747
12281,1.0663224458694458,64,892,603.0904969159747
12282,1.0663154125213623,64,892,603.0904969159747
12283,1.0663163661956787,64,892,603.0904969159747
12284,1.066313624382019,64,892,603.0904969159747
12285,1.066309928894043,64,892,603.0904969159747
12286,1.0663129091262817,64,892,603.0904969159747
12287,1.0663150548934937,64,892,603.0904969159747
12288,1.0663080215454102,64,892,603.0904969159747
12289,1.0663083791732788,64,892,603.0904969159747
12290,1.0663094520568848,64,892,603.0904969159747
12291,1.0663174390792847,64,892,603.0904969159747
12292,1.066310167312622,64,892,603.0904969159747
12293,1.0663084983825684,64,892,603.0904969159747
12294,1.0663065910339355,64,892,603.0904969159747
12295,1.0663025379180908,64,892,603.0904969159747
12296,1.0663032531738281,64,892,603.0904969159747
12297,1.0663084983825684,64,892,603.0904969159747
12298,1.0663096904754639,64,892,603.0904969159747
12299,1.066300392150879,64,892,603.0904969159747
12300,1.066300392150879,64,892,603.0904969159747
12301,1.0663052797317505,64,892,603.0904969159747
12302,1.0662975311279297,64,892,603.0904969159747
12303,1.0663031339645386,64,892,603.0904969159747
12304,1.06630539894104,64,892,603.0904969159747
12305,1.0662968158721924,64,892,603.0904969159747
12306,1.0662981271743774,64,892,603.0904969159747
12307,1.0662941932678223,64,892,603.0904969159747
12308,1.0662955045700073,64,892,603.0904969159747
12309,1.066292643547058,64,892,603.0904969159747
12310,1.066300392150879,64,892,603.0904969159747
12311,1.0662938356399536,64,892,603.0904969159747
12312,1.0663020610809326,64,892,603.0904969159747
12313,1.0662974119186401,64,892,603.0904969159747
12314,1.0662939548492432,64,892,603.0904969159747
12315,1.066295862197876,64,892,603.0904969159747
12316,1.0662903785705566,64,892,603.0904969159747
12317,1.0662907361984253,64,892,603.0904969159747
12318,1.0662838220596313,64,892,603.0904969159747
12319,1.0662864446640015,64,892,603.0904969159747
12320,1.0662873983383179,64,892,603.0904969159747
12321,1.0662885904312134,64,892,603.0904969159747
12322,1.0662914514541626,64,892,603.0904969159747
12323,1.066282033920288,64,892,603.0904969159747
12324,1.066290259361267,64,892,603.0904969159747
12325,1.0662832260131836,64,892,603.0904969159747
12326,1.0662914514541626,64,892,603.0904969159747
12327,1.0662797689437866,64,892,603.0904969159747
12328,1.0662792921066284,64,892,603.0904969159747
12329,1.0662745237350464,64,892,603.0904969159747
12330,1.0662845373153687,64,892,603.0904969159747
12331,1.0662782192230225,64,892,603.0904969159747
12332,1.0662764310836792,64,892,603.0904969159747
12333,1.0662822723388672,64,892,603.0904969159747
12334,1.066277265548706,64,892,603.0904969159747
12335,1.0662786960601807,64,892,603.0904969159747
12336,1.0662765502929688,64,892,603.0904969159747
12337,1.0662751197814941,64,892,603.0904969159747
12338,1.066277265548706,64,892,603.0904969159747
12339,1.0662752389907837,64,892,603.0904969159747
12340,1.0662766695022583,64,892,603.0904969159747
12341,1.066274642944336,64,892,603.0904969159747
12342,1.0662686824798584,64,892,603.0904969159747
12343,1.0662673711776733,64,892,603.0904969159747
12344,1.066270112991333,64,892,603.0904969159747
12345,1.0662710666656494,64,892,603.0904969159747
12346,1.066267728805542,64,892,603.0904969159747
12347,1.0662680864334106,64,892,603.0904969159747
12348,1.0662602186203003,64,892,603.0904969159747
12349,1.0662671327590942,64,892,603.0904969159747
12350,1.0662646293640137,64,892,603.0904969159747
12351,1.0662611722946167,64,892,603.0904969159747
12352,1.066263198852539,64,892,603.0904969159747
12353,1.066266417503357,64,892,603.0904969159747
12354,1.0662611722946167,64,892,603.0904969159747
12355,1.0662562847137451,64,892,603.0904969159747
12356,1.0662589073181152,64,892,603.0904969159747
12357,1.0662628412246704,64,892,603.0904969159747
12358,1.066259503364563,64,892,603.0904969159747
12359,1.0662660598754883,64,892,603.0904969159747
12360,1.0662622451782227,64,892,603.0904969159747
12361,1.0662602186203003,64,892,603.0904969159747
12362,1.0662575960159302,64,892,603.0904969159747
12363,1.0662602186203003,64,892,603.0904969159747
12364,1.066251277923584,64,892,603.0904969159747
12365,1.066263198852539,64,892,603.0904969159747
12366,1.0662556886672974,64,892,603.0904969159747
12367,1.0662506818771362,64,892,603.0904969159747
12368,1.0662471055984497,64,892,603.0904969159747
12369,1.0662556886672974,64,892,603.0904969159747
12370,1.0662531852722168,64,892,603.0904969159747
12371,1.066246747970581,64,892,603.0904969159747
12372,1.066247820854187,64,892,603.0904969159747
12373,1.0662484169006348,64,892,603.0904969159747
12374,1.0662463903427124,64,892,603.0904969159747
12375,1.0662457942962646,64,892,603.0904969159747
12376,1.0662510395050049,64,892,603.0904969159747
12377,1.066254734992981,64,892,603.0904969159747
12378,1.0662426948547363,64,892,603.0904969159747
12379,1.0662484169006348,64,892,603.0904969159747
12380,1.0662492513656616,64,892,603.0904969159747
12381,1.066239356994629,64,892,603.0904969159747
12382,1.0662387609481812,64,892,603.0904969159747
12383,1.0662410259246826,64,892,603.0904969159747
12384,1.0662482976913452,64,892,603.0904969159747
12385,1.0662400722503662,64,892,603.0904969159747
12386,1.0662423372268677,64,892,603.0904969159747
12387,1.0662368535995483,64,892,603.0904969159747
12388,1.0662384033203125,64,892,603.0904969159747
12389,1.0662363767623901,64,892,603.0904969159747
12390,1.066237449645996,64,892,603.0904969159747
12391,1.0662347078323364,64,892,603.0904969159747
12392,1.066240668296814,64,892,603.0904969159747
12393,1.06623375415802,64,892,603.0904969159747
12394,1.0662237405776978,64,892,603.0904969159747
12395,1.0662366151809692,64,892,603.0904969159747
12396,1.066227912902832,64,892,603.0904969159747
12397,1.0662413835525513,64,892,603.0904969159747
12398,1.066238284111023,64,892,603.0904969159747
12399,1.066232442855835,64,892,603.0904969159747
12400,1.066235899925232,64,892,603.0904969159747
12401,1.0662341117858887,64,892,603.0904969159747
12402,1.066237449645996,64,892,603.0904969159747
12403,1.0662363767623901,64,892,603.0904969159747
12404,1.0662291049957275,64,892,603.0904969159747
12405,1.0662254095077515,64,892,603.0904969159747
12406,1.0662270784378052,64,892,603.0904969159747
12407,1.066231369972229,64,892,603.0904969159747
12408,1.0662286281585693,64,892,603.0904969159747
12409,1.0662338733673096,64,892,603.0904969159747
12410,1.0662258863449097,64,892,603.0904969159747
12411,1.0662271976470947,64,892,603.0904969159747
12412,1.0662301778793335,64,892,603.0904969159747
12413,1.0662236213684082,64,892,603.0904969159747
12414,1.0662274360656738,64,892,603.0904969159747
12415,1.0662201642990112,64,892,603.0904969159747
12416,1.0662223100662231,64,892,603.0904969159747
12417,1.0662264823913574,64,892,603.0904969159747
12418,1.0662118196487427,64,892,603.0904969159747
12419,1.0662182569503784,64,892,603.0904969159747
12420,1.0662202835083008,64,892,603.0904969159747
12421,1.0662133693695068,64,892,603.0904969159747
12422,1.0662132501602173,64,892,603.0904969159747
12423,1.066214919090271,64,892,603.0904969159747
12424,1.0662167072296143,64,892,603.0904969159747
12425,1.0662139654159546,64,892,603.0904969159747
12426,1.0662161111831665,64,892,603.0904969159747
12427,1.0662121772766113,64,892,603.0904969159747
12428,1.0662120580673218,64,892,603.0904969159747
12429,1.066208004951477,64,892,603.0904969159747
12430,1.0662059783935547,64,892,603.0904969159747
12431,1.0662130117416382,64,892,603.0904969159747
12432,1.0662232637405396,64,892,603.0904969159747
12433,1.0662055015563965,64,892,603.0904969159747
12434,1.0662102699279785,64,892,603.0904969159747
12435,1.0662083625793457,64,892,603.0904969159747
12436,1.066206455230713,64,892,603.0904969159747
12437,1.0662083625793457,64,892,603.0904969159747
12438,1.0662084817886353,64,892,603.0904969159747
12439,1.0662124156951904,64,892,603.0904969159747
12440,1.0662038326263428,64,892,603.0904969159747
12441,1.066200613975525,64,892,603.0904969159747
12442,1.0662075281143188,64,892,603.0904969159747
12443,1.0662004947662354,64,892,603.0904969159747
12444,1.0661977529525757,64,892,603.0904969159747
12445,1.0662027597427368,64,892,603.0904969159747
12446,1.066195011138916,64,892,603.0904969159747
12447,1.066207766532898,64,892,603.0904969159747
12448,1.0662004947662354,64,892,603.0904969159747
12449,1.0661990642547607,64,892,603.0904969159747
12450,1.0662044286727905,64,892,603.0904969159747
12451,1.0661981105804443,64,892,603.0904969159747
12452,1.0661953687667847,64,892,603.0904969159747
12453,1.0662002563476562,64,892,603.0904969159747
12454,1.0662049055099487,64,892,603.0904969159747
12455,1.0661946535110474,64,892,603.0904969159747
12456,1.066201090812683,64,892,603.0904969159747
12457,1.0661967992782593,64,892,603.0904969159747
12458,1.0661922693252563,64,892,603.0904969159747
12459,1.0661896467208862,64,892,603.0904969159747
12460,1.0661876201629639,64,892,603.0904969159747
12461,1.0661900043487549,64,892,603.0904969159747
12462,1.066201090812683,64,892,603.0904969159747
12463,1.0661896467208862,64,892,603.0904969159747
12464,1.0661876201629639,64,892,603.0904969159747
12465,1.066186785697937,64,892,603.0904969159747
12466,1.0661897659301758,64,892,603.0904969159747
12467,1.0661908388137817,64,892,603.0904969159747
12468,1.0661941766738892,64,892,603.0904969159747
12469,1.0661906003952026,64,892,603.0904969159747
12470,1.0661855936050415,64,892,603.0904969159747
12471,1.066185712814331,64,892,603.0904969159747
12472,1.06619393825531,64,892,603.0904969159747
12473,1.0661801099777222,64,892,603.0904969159747
12474,1.0661818981170654,64,892,603.0904969159747
12475,1.0661815404891968,64,892,603.0904969159747
12476,1.0661805868148804,64,892,603.0904969159747
12477,1.0661839246749878,64,892,603.0904969159747
12478,1.0661779642105103,64,892,603.0904969159747
12479,1.066179633140564,64,892,603.0904969159747
12480,1.0661789178848267,64,892,603.0904969159747
12481,1.0661791563034058,64,892,603.0904969159747
12482,1.0661826133728027,64,892,603.0904969159747
12483,1.066179633140564,64,892,603.0904969159747
12484,1.066176176071167,64,892,603.0904969159747
12485,1.0661717653274536,64,892,603.0904969159747
12486,1.066177487373352,64,892,603.0904969159747
12487,1.0661734342575073,64,892,603.0904969159747
12488,1.0661816596984863,64,892,603.0904969159747
12489,1.0661789178848267,64,892,603.0904969159747
12490,1.066170334815979,64,892,603.0904969159747
12491,1.066178798675537,64,892,603.0904969159747
12492,1.066160798072815,64,892,603.0904969159747
12493,1.0661695003509521,64,892,603.0904969159747
12494,1.0661711692810059,64,892,603.0904969159747
12495,1.066166877746582,64,892,603.0904969159747
12496,1.0661765336990356,64,892,603.0904969159747
12497,1.066172480583191,64,892,603.0904969159747
12498,1.0661741495132446,64,892,603.0904969159747
12499,1.0661677122116089,64,892,603.0904969159747
12500,1.0661677122116089,64,892,603.0904969159747
12501,1.0661616325378418,64,892,603.0904969159747
12502,1.066169261932373,64,892,603.0904969159747
12503,1.0661633014678955,64,892,603.0904969159747
12504,1.0661674737930298,64,892,603.0904969159747
12505,1.0661615133285522,64,892,603.0904969159747
12506,1.066167950630188,64,892,603.0904969159747
12507,1.0661660432815552,64,892,603.0904969159747
12508,1.0661636590957642,64,892,603.0904969159747
12509,1.0661648511886597,64,892,603.0904969159747
12510,1.0661550760269165,64,892,603.0904969159747
12511,1.0661600828170776,64,892,603.0904969159747
12512,1.0661507844924927,64,892,603.0904969159747
12513,1.0661571025848389,64,892,603.0904969159747
12514,1.066163182258606,64,892,603.0904969159747
12515,1.0661541223526,64,892,603.0904969159747
12516,1.0661561489105225,64,892,603.0904969159747
12517,1.066154956817627,64,892,603.0904969159747
12518,1.066164493560791,64,892,603.0904969159747
12519,1.0661568641662598,64,892,603.0904969159747
12520,1.0661630630493164,64,892,603.0904969159747
12521,1.0661532878875732,64,892,603.0904969159747
12522,1.0661593675613403,64,892,603.0904969159747
12523,1.0661509037017822,64,892,603.0904969159747
12524,1.0661571025848389,64,892,603.0904969159747
12525,1.0661554336547852,64,892,603.0904969159747
12526,1.066152572631836,64,892,603.0904969159747
12527,1.06615149974823,64,892,603.0904969159747
12528,1.0661576986312866,64,892,603.0904969159747
12529,1.0661476850509644,64,892,603.0904969159747
12530,1.0661541223526,64,892,603.0904969159747
12531,1.066144585609436,64,892,603.0904969159747
12532,1.0661500692367554,64,892,603.0904969159747
12533,1.0661485195159912,64,892,603.0904969159747
12534,1.066152572631836,64,892,603.0904969159747
12535,1.0661439895629883,64,892,603.0904969159747
12536,1.066148042678833,64,892,603.0904969159747
12537,1.066145420074463,64,892,603.0904969159747
12538,1.0661475658416748,64,892,603.0904969159747
12539,1.0661332607269287,64,892,603.0904969159747
12540,1.0661371946334839,64,892,603.0904969159747
12541,1.06614351272583,64,892,603.0904969159747
12542,1.066150188446045,64,892,603.0904969159747
12543,1.0661394596099854,64,892,603.0904969159747
12544,1.0661406517028809,64,892,603.0904969159747
12545,1.0661437511444092,64,892,603.0904969159747
12546,1.0661438703536987,64,892,603.0904969159747
12547,1.0661407709121704,64,892,603.0904969159747
12548,1.0661407709121704,64,892,603.0904969159747
12549,1.0661439895629883,64,892,603.0904969159747
12550,1.0661346912384033,64,892,603.0904969159747
12551,1.0661436319351196,64,892,603.0904969159747
12552,1.0661391019821167,64,892,603.0904969159747
12553,1.066137433052063,64,892,603.0904969159747
12554,1.0661331415176392,64,892,603.0904969159747
12555,1.066135287284851,64,892,603.0904969159747
12556,1.066129446029663,64,892,603.0904969159747
12557,1.0661331415176392,64,892,603.0904969159747
12558,1.0661365985870361,64,892,603.0904969159747
12559,1.0661407709121704,64,892,603.0904969159747
12560,1.0661240816116333,64,892,603.0904969159747
12561,1.0661245584487915,64,892,603.0904969159747
12562,1.0661336183547974,64,892,603.0904969159747
12563,1.0661250352859497,64,892,603.0904969159747
12564,1.0661320686340332,64,892,603.0904969159747
12565,1.0661299228668213,64,892,603.0904969159747
12566,1.0661286115646362,64,892,603.0904969159747
12567,1.0661273002624512,64,892,603.0904969159747
12568,1.0661307573318481,64,892,603.0904969159747
12569,1.0661282539367676,64,892,603.0904969159747
12570,1.0661256313323975,64,892,603.0904969159747
12571,1.0661226511001587,64,892,603.0904969159747
12572,1.0661193132400513,64,892,603.0904969159747
12573,1.0661197900772095,64,892,603.0904969159747
12574,1.066126823425293,64,892,603.0904969159747
12575,1.0661239624023438,64,892,603.0904969159747
12576,1.0661206245422363,64,892,603.0904969159747
12577,1.0661237239837646,64,892,603.0904969159747
12578,1.066124439239502,64,892,603.0904969159747
12579,1.0661208629608154,64,892,603.0904969159747
12580,1.0661128759384155,64,892,603.0904969159747
12581,1.066123604774475,64,892,603.0904969159747
12582,1.0661183595657349,64,892,603.0904969159747
12583,1.0661174058914185,64,892,603.0904969159747
12584,1.0661171674728394,64,892,603.0904969159747
12585,1.0661133527755737,64,892,603.0904969159747
12586,1.0661219358444214,64,892,603.0904969159747
12587,1.0661160945892334,64,892,603.0904969159747
12588,1.0661146640777588,64,892,603.0904969159747
12589,1.0661133527755737,64,892,603.0904969159747
12590,1.0661195516586304,64,892,603.0904969159747
12591,1.066118597984314,64,892,603.0904969159747
12592,1.0661097764968872,64,892,603.0904969159747
12593,1.066110610961914,64,892,603.0904969159747
12594,1.0661134719848633,64,892,603.0904969159747
12595,1.0661143064498901,64,892,603.0904969159747
12596,1.0661150217056274,64,892,603.0904969159747
12597,1.0661113262176514,64,892,603.0904969159747
12598,1.0661107301712036,64,892,603.0904969159747
12599,1.0661123991012573,64,892,603.0904969159747
12600,1.0661144256591797,64,892,603.0904969159747
12601,1.066105842590332,64,892,603.0904969159747
12602,1.066102147102356,64,892,603.0904969159747
12603,1.0660998821258545,64,892,603.0904969159747
12604,1.0661051273345947,64,892,603.0904969159747
12605,1.066106915473938,64,892,603.0904969159747
